Gene stable ID	Gene stable ID version	Transcript stable ID	Transcript stable ID version	Exon region start (bp)	Exon region end (bp)	CDS start	CDS end	Exon stable ID	Exon rank in transcript	Transcript start (bp)	Transcript end (bp)	5' UTR start	5' UTR end	3' UTR start	3' UTR end	Transcription start site (TSS)	Gene start (bp)	Gene end (bp)	cDNA coding start	cDNA coding end	Genomic coding start	Genomic coding end
ENSG00000127616	ENSG00000127616.23	ENST00000643549	ENST00000643549.1	10960932	10961174			ENSE00003814450	1	10960932	11062204	10960932	10961174			10960932	10960824	11079426				
ENSG00000127616	ENSG00000127616.23	ENST00000643549	ENST00000643549.1	10984124	10984373	1	222	ENSE00002858683	2	10960932	11062204	10984124	10984151			10960932	10960824	11079426	272	493	10984152	10984373
ENSG00000127616	ENSG00000127616.23	ENST00000643549	ENST00000643549.1	10985273	10985405	223	355	ENSE00003618181	3	10960932	11062204					10960932	10960824	11079426	494	626	10985273	10985405
ENSG00000127616	ENSG00000127616.23	ENST00000643549	ENST00000643549.1	10986189	10986593	356	760	ENSE00003525604	4	10960932	11062204					10960932	10960824	11079426	627	1031	10986189	10986593
ENSG00000127616	ENSG00000127616.23	ENST00000643549	ENST00000643549.1	10986905	10987003	761	859	ENSE00003604554	5	10960932	11062204					10960932	10960824	11079426	1032	1130	10986905	10987003
ENSG00000127616	ENSG00000127616.23	ENST00000643549	ENST00000643549.1	10987666	10987924	860	1118	ENSE00003531833	6	10960932	11062204					10960932	10960824	11079426	1131	1389	10987666	10987924
ENSG00000127616	ENSG00000127616.23	ENST00000643549	ENST00000643549.1	10989317	10989443	1119	1245	ENSE00003670957	7	10960932	11062204					10960932	10960824	11079426	1390	1516	10989317	10989443
ENSG00000127616	ENSG00000127616.23	ENST00000643549	ENST00000643549.1	10991150	10991323	1246	1419	ENSE00003607688	8	10960932	11062204					10960932	10960824	11079426	1517	1690	10991150	10991323
ENSG00000127616	ENSG00000127616.23	ENST00000643549	ENST00000643549.1	10994828	10995001	1420	1593	ENSE00003546739	9	10960932	11062204					10960932	10960824	11079426	1691	1864	10994828	10995001
ENSG00000127616	ENSG00000127616.23	ENST00000643549	ENST00000643549.1	10996213	10996380	1594	1761	ENSE00003527768	10	10960932	11062204					10960932	10960824	11079426	1865	2032	10996213	10996380
ENSG00000127616	ENSG00000127616.23	ENST00000643549	ENST00000643549.1	10996494	10996544	1762	1812	ENSE00003667937	11	10960932	11062204					10960932	10960824	11079426	2033	2083	10996494	10996544
ENSG00000127616	ENSG00000127616.23	ENST00000643549	ENST00000643549.1	11003029	11003159	1813	1943	ENSE00003667107	12	10960932	11062204					10960932	10960824	11079426	2084	2214	11003029	11003159
ENSG00000127616	ENSG00000127616.23	ENST00000643549	ENST00000643549.1	11003340	11003397	1944	2001	ENSE00003539754	13	10960932	11062204					10960932	10960824	11079426	2215	2272	11003340	11003397
ENSG00000127616	ENSG00000127616.23	ENST00000643549	ENST00000643549.1	11007902	11008023	2002	2123	ENSE00003581372	14	10960932	11062204					10960932	10960824	11079426	2273	2394	11007902	11008023
ENSG00000127616	ENSG00000127616.23	ENST00000643549	ENST00000643549.1	11010381	11010531	2124	2274	ENSE00003530860	15	10960932	11062204					10960932	10960824	11079426	2395	2545	11010381	11010531
ENSG00000127616	ENSG00000127616.23	ENST00000643549	ENST00000643549.1	11012949	11013112	2275	2438	ENSE00003654082	16	10960932	11062204					10960932	10960824	11079426	2546	2709	11012949	11013112
ENSG00000127616	ENSG00000127616.23	ENST00000643549	ENST00000643549.1	11018957	11019023	2439	2505	ENSE00003474879	17	10960932	11062204					10960932	10960824	11079426	2710	2776	11018957	11019023
ENSG00000127616	ENSG00000127616.23	ENST00000643549	ENST00000643549.1	11019591	11019701	2506	2616	ENSE00003477043	18	10960932	11062204					10960932	10960824	11079426	2777	2887	11019591	11019701
ENSG00000127616	ENSG00000127616.23	ENST00000643549	ENST00000643549.1	11021725	11021967	2617	2859	ENSE00003540089	19	10960932	11062204					10960932	10960824	11079426	2888	3130	11021725	11021967
ENSG00000127616	ENSG00000127616.23	ENST00000643549	ENST00000643549.1	11023518	11023631	2860	2973	ENSE00003484961	20	10960932	11062204					10960932	10960824	11079426	3131	3244	11023518	11023631
ENSG00000127616	ENSG00000127616.23	ENST00000643549	ENST00000643549.1	11024331	11024438	2974	3081	ENSE00003553172	21	10960932	11062204					10960932	10960824	11079426	3245	3352	11024331	11024438
ENSG00000127616	ENSG00000127616.23	ENST00000643549	ENST00000643549.1	11025422	11025508	3082	3168	ENSE00003692983	22	10960932	11062204					10960932	10960824	11079426	3353	3439	11025422	11025508
ENSG00000127616	ENSG00000127616.23	ENST00000643549	ENST00000643549.1	11026300	11026346	3169	3215	ENSE00003604518	23	10960932	11062204					10960932	10960824	11079426	3440	3486	11026300	11026346
ENSG00000127616	ENSG00000127616.23	ENST00000643549	ENST00000643549.1	11027784	11027950	3216	3382	ENSE00003459233	24	10960932	11062204					10960932	10960824	11079426	3487	3653	11027784	11027950
ENSG00000127616	ENSG00000127616.23	ENST00000643549	ENST00000643549.1	11030730	11030893	3383	3546	ENSE00003676000	25	10960932	11062204					10960932	10960824	11079426	3654	3817	11030730	11030893
ENSG00000127616	ENSG00000127616.23	ENST00000643549	ENST00000643549.1	11033290	11033517	3547	3774	ENSE00003655405	26	10960932	11062204					10960932	10960824	11079426	3818	4045	11033290	11033517
ENSG00000127616	ENSG00000127616.23	ENST00000643549	ENST00000643549.1	11034123	11034200	3775	3852	ENSE00003703701	27	10960932	11062204					10960932	10960824	11079426	4046	4123	11034123	11034200
ENSG00000127616	ENSG00000127616.23	ENST00000643549	ENST00000643549.1	11034914	11035132	3853	4071	ENSE00003708931	28	10960932	11062204					10960932	10960824	11079426	4124	4342	11034914	11035132
ENSG00000127616	ENSG00000127616.23	ENST00000643549	ENST00000643549.1	11039458	11039553	4072	4167	ENSE00003707782	29	10960932	11062204					10960932	10960824	11079426	4343	4438	11039458	11039553
ENSG00000127616	ENSG00000127616.23	ENST00000643549	ENST00000643549.1	11041298	11041560	4168	4430	ENSE00003707185	30	10960932	11062204					10960932	10960824	11079426	4439	4701	11041298	11041560
ENSG00000127616	ENSG00000127616.23	ENST00000643549	ENST00000643549.1	11058255	11058363	4431	4539	ENSE00003468652	31	10960932	11062204					10960932	10960824	11079426	4702	4810	11058255	11058363
ENSG00000127616	ENSG00000127616.23	ENST00000643549	ENST00000643549.1	11058788	11058889	4540	4641	ENSE00003687872	32	10960932	11062204					10960932	10960824	11079426	4811	4912	11058788	11058889
ENSG00000127616	ENSG00000127616.23	ENST00000643549	ENST00000643549.1	11059753	11059885	4642	4774	ENSE00003582123	33	10960932	11062204					10960932	10960824	11079426	4913	5045	11059753	11059885
ENSG00000127616	ENSG00000127616.23	ENST00000643549	ENST00000643549.1	11060045	11060187	4775	4917	ENSE00003694052	34	10960932	11062204					10960932	10960824	11079426	5046	5188	11060045	11060187
ENSG00000127616	ENSG00000127616.23	ENST00000643549	ENST00000643549.1	11061784	11062204	4918	4950	ENSE00003829775	35	10960932	11062204			11061817	11062204	10960932	10960824	11079426	5189	5221	11061784	11061816
ENSG00000127616	ENSG00000127616.23	ENST00000642726	ENST00000642726.1	10960932	10961174			ENSE00003814450	1	10960932	11062279	10960932	10961174			10960932	10960824	11079426				
ENSG00000127616	ENSG00000127616.23	ENST00000642726	ENST00000642726.1	10984124	10984373	1	222	ENSE00002858683	2	10960932	11062279	10984124	10984151			10960932	10960824	11079426	272	493	10984152	10984373
ENSG00000127616	ENSG00000127616.23	ENST00000642726	ENST00000642726.1	10985273	10985405	223	355	ENSE00003618181	3	10960932	11062279					10960932	10960824	11079426	494	626	10985273	10985405
ENSG00000127616	ENSG00000127616.23	ENST00000642726	ENST00000642726.1	10986189	10986593	356	760	ENSE00003525604	4	10960932	11062279					10960932	10960824	11079426	627	1031	10986189	10986593
ENSG00000127616	ENSG00000127616.23	ENST00000642726	ENST00000642726.1	10986905	10987003	761	859	ENSE00003604554	5	10960932	11062279					10960932	10960824	11079426	1032	1130	10986905	10987003
ENSG00000127616	ENSG00000127616.23	ENST00000642726	ENST00000642726.1	10987666	10987924	860	1118	ENSE00003531833	6	10960932	11062279					10960932	10960824	11079426	1131	1389	10987666	10987924
ENSG00000127616	ENSG00000127616.23	ENST00000642726	ENST00000642726.1	10989317	10989443	1119	1245	ENSE00003670957	7	10960932	11062279					10960932	10960824	11079426	1390	1516	10989317	10989443
ENSG00000127616	ENSG00000127616.23	ENST00000642726	ENST00000642726.1	10991150	10991323	1246	1419	ENSE00003607688	8	10960932	11062279					10960932	10960824	11079426	1517	1690	10991150	10991323
ENSG00000127616	ENSG00000127616.23	ENST00000642726	ENST00000642726.1	10994828	10995001	1420	1593	ENSE00003546739	9	10960932	11062279					10960932	10960824	11079426	1691	1864	10994828	10995001
ENSG00000127616	ENSG00000127616.23	ENST00000642726	ENST00000642726.1	10996213	10996380	1594	1761	ENSE00003527768	10	10960932	11062279					10960932	10960824	11079426	1865	2032	10996213	10996380
ENSG00000127616	ENSG00000127616.23	ENST00000642726	ENST00000642726.1	10996494	10996544	1762	1812	ENSE00003667937	11	10960932	11062279					10960932	10960824	11079426	2033	2083	10996494	10996544
ENSG00000127616	ENSG00000127616.23	ENST00000642726	ENST00000642726.1	11003029	11003159	1813	1943	ENSE00003667107	12	10960932	11062279					10960932	10960824	11079426	2084	2214	11003029	11003159
ENSG00000127616	ENSG00000127616.23	ENST00000642726	ENST00000642726.1	11003340	11003397	1944	2001	ENSE00003539754	13	10960932	11062279					10960932	10960824	11079426	2215	2272	11003340	11003397
ENSG00000127616	ENSG00000127616.23	ENST00000642726	ENST00000642726.1	11007902	11008023	2002	2123	ENSE00003581372	14	10960932	11062279					10960932	10960824	11079426	2273	2394	11007902	11008023
ENSG00000127616	ENSG00000127616.23	ENST00000642726	ENST00000642726.1	11010381	11010531	2124	2274	ENSE00003530860	15	10960932	11062279					10960932	10960824	11079426	2395	2545	11010381	11010531
ENSG00000127616	ENSG00000127616.23	ENST00000642726	ENST00000642726.1	11012949	11013112	2275	2438	ENSE00003654082	16	10960932	11062279					10960932	10960824	11079426	2546	2709	11012949	11013112
ENSG00000127616	ENSG00000127616.23	ENST00000642726	ENST00000642726.1	11018957	11019023	2439	2505	ENSE00003474879	17	10960932	11062279					10960932	10960824	11079426	2710	2776	11018957	11019023
ENSG00000127616	ENSG00000127616.23	ENST00000642726	ENST00000642726.1	11019591	11019701	2506	2616	ENSE00003477043	18	10960932	11062279					10960932	10960824	11079426	2777	2887	11019591	11019701
ENSG00000127616	ENSG00000127616.23	ENST00000642726	ENST00000642726.1	11021725	11021967	2617	2859	ENSE00003540089	19	10960932	11062279					10960932	10960824	11079426	2888	3130	11021725	11021967
ENSG00000127616	ENSG00000127616.23	ENST00000642726	ENST00000642726.1	11023518	11023631	2860	2973	ENSE00003484961	20	10960932	11062279					10960932	10960824	11079426	3131	3244	11023518	11023631
ENSG00000127616	ENSG00000127616.23	ENST00000642726	ENST00000642726.1	11024331	11024438	2974	3081	ENSE00003553172	21	10960932	11062279					10960932	10960824	11079426	3245	3352	11024331	11024438
ENSG00000127616	ENSG00000127616.23	ENST00000642726	ENST00000642726.1	11025422	11025508	3082	3168	ENSE00003692983	22	10960932	11062279					10960932	10960824	11079426	3353	3439	11025422	11025508
ENSG00000127616	ENSG00000127616.23	ENST00000642726	ENST00000642726.1	11026300	11026346	3169	3215	ENSE00003604518	23	10960932	11062279					10960932	10960824	11079426	3440	3486	11026300	11026346
ENSG00000127616	ENSG00000127616.23	ENST00000642726	ENST00000642726.1	11027784	11027950	3216	3382	ENSE00003459233	24	10960932	11062279					10960932	10960824	11079426	3487	3653	11027784	11027950
ENSG00000127616	ENSG00000127616.23	ENST00000642726	ENST00000642726.1	11030730	11030893	3383	3546	ENSE00003676000	25	10960932	11062279					10960932	10960824	11079426	3654	3817	11030730	11030893
ENSG00000127616	ENSG00000127616.23	ENST00000642726	ENST00000642726.1	11033290	11033517	3547	3774	ENSE00003655405	26	10960932	11062279					10960932	10960824	11079426	3818	4045	11033290	11033517
ENSG00000127616	ENSG00000127616.23	ENST00000642726	ENST00000642726.1	11034123	11034200	3775	3852	ENSE00003703701	27	10960932	11062279					10960932	10960824	11079426	4046	4123	11034123	11034200
ENSG00000127616	ENSG00000127616.23	ENST00000642726	ENST00000642726.1	11034914	11035132	3853	4071	ENSE00003708931	28	10960932	11062279					10960932	10960824	11079426	4124	4342	11034914	11035132
ENSG00000127616	ENSG00000127616.23	ENST00000642726	ENST00000642726.1	11039458	11039553	4072	4167	ENSE00003707782	29	10960932	11062279					10960932	10960824	11079426	4343	4438	11039458	11039553
ENSG00000127616	ENSG00000127616.23	ENST00000642726	ENST00000642726.1	11058255	11058363	4422	4530	ENSE00003468652	31	10960932	11062279					10960932	10960824	11079426	4693	4801	11058255	11058363
ENSG00000127616	ENSG00000127616.23	ENST00000642726	ENST00000642726.1	11058788	11058889	4531	4632	ENSE00003687872	32	10960932	11062279					10960932	10960824	11079426	4802	4903	11058788	11058889
ENSG00000127616	ENSG00000127616.23	ENST00000642726	ENST00000642726.1	11059753	11059885	4633	4765	ENSE00003582123	33	10960932	11062279					10960932	10960824	11079426	4904	5036	11059753	11059885
ENSG00000127616	ENSG00000127616.23	ENST00000642726	ENST00000642726.1	11060045	11060187	4766	4908	ENSE00003694052	34	10960932	11062279					10960932	10960824	11079426	5037	5179	11060045	11060187
ENSG00000127616	ENSG00000127616.23	ENST00000642726	ENST00000642726.1	11041307	11041560	4168	4421	ENSE00003547338	30	10960932	11062279					10960932	10960824	11079426	4439	4692	11041307	11041560
ENSG00000127616	ENSG00000127616.23	ENST00000642726	ENST00000642726.1	11061784	11062279	4909	4941	ENSE00003814574	35	10960932	11062279			11061817	11062279	10960932	10960824	11079426	5180	5212	11061784	11061816
ENSG00000127616	ENSG00000127616.23	ENST00000646484	ENST00000646484.1	10960932	10961174			ENSE00003814450	1	10960932	11062279	10960932	10961174			10960932	10960824	11079426				
ENSG00000127616	ENSG00000127616.23	ENST00000646484	ENST00000646484.1	10984124	10984373	1	222	ENSE00002858683	2	10960932	11062279	10984124	10984151			10960932	10960824	11079426	272	493	10984152	10984373
ENSG00000127616	ENSG00000127616.23	ENST00000646484	ENST00000646484.1	10985273	10985405	223	355	ENSE00003618181	3	10960932	11062279					10960932	10960824	11079426	494	626	10985273	10985405
ENSG00000127616	ENSG00000127616.23	ENST00000646484	ENST00000646484.1	10986189	10986593	356	760	ENSE00003525604	4	10960932	11062279					10960932	10960824	11079426	627	1031	10986189	10986593
ENSG00000127616	ENSG00000127616.23	ENST00000646484	ENST00000646484.1	10986905	10987003	761	859	ENSE00003604554	5	10960932	11062279					10960932	10960824	11079426	1032	1130	10986905	10987003
ENSG00000127616	ENSG00000127616.23	ENST00000646484	ENST00000646484.1	10987666	10987924	860	1118	ENSE00003531833	6	10960932	11062279					10960932	10960824	11079426	1131	1389	10987666	10987924
ENSG00000127616	ENSG00000127616.23	ENST00000646484	ENST00000646484.1	10989317	10989443	1119	1245	ENSE00003670957	7	10960932	11062279					10960932	10960824	11079426	1390	1516	10989317	10989443
ENSG00000127616	ENSG00000127616.23	ENST00000646484	ENST00000646484.1	10991150	10991323	1246	1419	ENSE00003607688	8	10960932	11062279					10960932	10960824	11079426	1517	1690	10991150	10991323
ENSG00000127616	ENSG00000127616.23	ENST00000646484	ENST00000646484.1	10994828	10995001	1420	1593	ENSE00003546739	9	10960932	11062279					10960932	10960824	11079426	1691	1864	10994828	10995001
ENSG00000127616	ENSG00000127616.23	ENST00000646484	ENST00000646484.1	10996213	10996380	1594	1761	ENSE00003527768	10	10960932	11062279					10960932	10960824	11079426	1865	2032	10996213	10996380
ENSG00000127616	ENSG00000127616.23	ENST00000646484	ENST00000646484.1	10996494	10996544	1762	1812	ENSE00003667937	11	10960932	11062279					10960932	10960824	11079426	2033	2083	10996494	10996544
ENSG00000127616	ENSG00000127616.23	ENST00000646484	ENST00000646484.1	11003029	11003159	1813	1943	ENSE00003667107	12	10960932	11062279					10960932	10960824	11079426	2084	2214	11003029	11003159
ENSG00000127616	ENSG00000127616.23	ENST00000646484	ENST00000646484.1	11003340	11003397	1944	2001	ENSE00003539754	13	10960932	11062279					10960932	10960824	11079426	2215	2272	11003340	11003397
ENSG00000127616	ENSG00000127616.23	ENST00000646484	ENST00000646484.1	11007902	11008023	2002	2123	ENSE00003581372	14	10960932	11062279					10960932	10960824	11079426	2273	2394	11007902	11008023
ENSG00000127616	ENSG00000127616.23	ENST00000646484	ENST00000646484.1	11010381	11010531	2124	2274	ENSE00003530860	15	10960932	11062279					10960932	10960824	11079426	2395	2545	11010381	11010531
ENSG00000127616	ENSG00000127616.23	ENST00000646484	ENST00000646484.1	11012949	11013112	2275	2438	ENSE00003654082	16	10960932	11062279					10960932	10960824	11079426	2546	2709	11012949	11013112
ENSG00000127616	ENSG00000127616.23	ENST00000646484	ENST00000646484.1	11018957	11019023	2439	2505	ENSE00003474879	17	10960932	11062279					10960932	10960824	11079426	2710	2776	11018957	11019023
ENSG00000127616	ENSG00000127616.23	ENST00000646484	ENST00000646484.1	11019591	11019701	2506	2616	ENSE00003477043	18	10960932	11062279					10960932	10960824	11079426	2777	2887	11019591	11019701
ENSG00000127616	ENSG00000127616.23	ENST00000646484	ENST00000646484.1	11021725	11021967	2617	2859	ENSE00003540089	19	10960932	11062279					10960932	10960824	11079426	2888	3130	11021725	11021967
ENSG00000127616	ENSG00000127616.23	ENST00000646484	ENST00000646484.1	11023518	11023631	2860	2973	ENSE00003484961	20	10960932	11062279					10960932	10960824	11079426	3131	3244	11023518	11023631
ENSG00000127616	ENSG00000127616.23	ENST00000646484	ENST00000646484.1	11024331	11024438	2974	3081	ENSE00003553172	21	10960932	11062279					10960932	10960824	11079426	3245	3352	11024331	11024438
ENSG00000127616	ENSG00000127616.23	ENST00000646484	ENST00000646484.1	11025422	11025508	3082	3168	ENSE00003692983	22	10960932	11062279					10960932	10960824	11079426	3353	3439	11025422	11025508
ENSG00000127616	ENSG00000127616.23	ENST00000646484	ENST00000646484.1	11026300	11026346	3169	3215	ENSE00003604518	23	10960932	11062279					10960932	10960824	11079426	3440	3486	11026300	11026346
ENSG00000127616	ENSG00000127616.23	ENST00000646484	ENST00000646484.1	11027784	11027950	3216	3382	ENSE00003459233	24	10960932	11062279					10960932	10960824	11079426	3487	3653	11027784	11027950
ENSG00000127616	ENSG00000127616.23	ENST00000646484	ENST00000646484.1	11030730	11030893	3383	3546	ENSE00003676000	25	10960932	11062279					10960932	10960824	11079426	3654	3817	11030730	11030893
ENSG00000127616	ENSG00000127616.23	ENST00000646484	ENST00000646484.1	11033290	11033517	3547	3774	ENSE00003655405	26	10960932	11062279					10960932	10960824	11079426	3818	4045	11033290	11033517
ENSG00000127616	ENSG00000127616.23	ENST00000646484	ENST00000646484.1	11034123	11034200	3775	3852	ENSE00003703701	27	10960932	11062279					10960932	10960824	11079426	4046	4123	11034123	11034200
ENSG00000127616	ENSG00000127616.23	ENST00000646484	ENST00000646484.1	11034914	11035132	3853	4071	ENSE00003708931	28	10960932	11062279					10960932	10960824	11079426	4124	4342	11034914	11035132
ENSG00000127616	ENSG00000127616.23	ENST00000646484	ENST00000646484.1	11058255	11058363	4326	4434	ENSE00003468652	30	10960932	11062279					10960932	10960824	11079426	4597	4705	11058255	11058363
ENSG00000127616	ENSG00000127616.23	ENST00000646484	ENST00000646484.1	11058788	11058889	4435	4536	ENSE00003687872	31	10960932	11062279					10960932	10960824	11079426	4706	4807	11058788	11058889
ENSG00000127616	ENSG00000127616.23	ENST00000646484	ENST00000646484.1	11059753	11059885	4537	4669	ENSE00003582123	32	10960932	11062279					10960932	10960824	11079426	4808	4940	11059753	11059885
ENSG00000127616	ENSG00000127616.23	ENST00000646484	ENST00000646484.1	11060045	11060187	4670	4812	ENSE00003694052	33	10960932	11062279					10960932	10960824	11079426	4941	5083	11060045	11060187
ENSG00000127616	ENSG00000127616.23	ENST00000646484	ENST00000646484.1	11041307	11041560	4072	4325	ENSE00003547338	29	10960932	11062279					10960932	10960824	11079426	4343	4596	11041307	11041560
ENSG00000127616	ENSG00000127616.23	ENST00000646484	ENST00000646484.1	11061784	11062279	4813	4845	ENSE00003814574	34	10960932	11062279			11061817	11062279	10960932	10960824	11079426	5084	5116	11061784	11061816
ENSG00000127616	ENSG00000127616.23	ENST00000644737	ENST00000644737.1	10960932	10961174			ENSE00003814450	1	10960932	11062468	10960932	10961174			10960932	10960824	11079426				
ENSG00000127616	ENSG00000127616.23	ENST00000644737	ENST00000644737.1	10984124	10984373	1	222	ENSE00002858683	2	10960932	11062468	10984124	10984151			10960932	10960824	11079426	272	493	10984152	10984373
ENSG00000127616	ENSG00000127616.23	ENST00000644737	ENST00000644737.1	10985273	10985405	223	355	ENSE00003618181	3	10960932	11062468					10960932	10960824	11079426	494	626	10985273	10985405
ENSG00000127616	ENSG00000127616.23	ENST00000644737	ENST00000644737.1	10986189	10986593	356	760	ENSE00003525604	4	10960932	11062468					10960932	10960824	11079426	627	1031	10986189	10986593
ENSG00000127616	ENSG00000127616.23	ENST00000644737	ENST00000644737.1	10986905	10987003	761	859	ENSE00003604554	5	10960932	11062468					10960932	10960824	11079426	1032	1130	10986905	10987003
ENSG00000127616	ENSG00000127616.23	ENST00000644737	ENST00000644737.1	10987666	10987924	860	1118	ENSE00003531833	6	10960932	11062468					10960932	10960824	11079426	1131	1389	10987666	10987924
ENSG00000127616	ENSG00000127616.23	ENST00000644737	ENST00000644737.1	10989317	10989443	1119	1245	ENSE00003670957	7	10960932	11062468					10960932	10960824	11079426	1390	1516	10989317	10989443
ENSG00000127616	ENSG00000127616.23	ENST00000644737	ENST00000644737.1	10991150	10991323	1246	1419	ENSE00003607688	8	10960932	11062468					10960932	10960824	11079426	1517	1690	10991150	10991323
ENSG00000127616	ENSG00000127616.23	ENST00000644737	ENST00000644737.1	10994828	10995001	1420	1593	ENSE00003546739	9	10960932	11062468					10960932	10960824	11079426	1691	1864	10994828	10995001
ENSG00000127616	ENSG00000127616.23	ENST00000644737	ENST00000644737.1	10996213	10996380	1594	1761	ENSE00003527768	10	10960932	11062468					10960932	10960824	11079426	1865	2032	10996213	10996380
ENSG00000127616	ENSG00000127616.23	ENST00000644737	ENST00000644737.1	10996494	10996544	1762	1812	ENSE00003667937	11	10960932	11062468					10960932	10960824	11079426	2033	2083	10996494	10996544
ENSG00000127616	ENSG00000127616.23	ENST00000644737	ENST00000644737.1	11003029	11003159	1813	1943	ENSE00003667107	12	10960932	11062468					10960932	10960824	11079426	2084	2214	11003029	11003159
ENSG00000127616	ENSG00000127616.23	ENST00000644737	ENST00000644737.1	11003340	11003397	1944	2001	ENSE00003539754	13	10960932	11062468					10960932	10960824	11079426	2215	2272	11003340	11003397
ENSG00000127616	ENSG00000127616.23	ENST00000644737	ENST00000644737.1	11007902	11008023	2002	2123	ENSE00003581372	14	10960932	11062468					10960932	10960824	11079426	2273	2394	11007902	11008023
ENSG00000127616	ENSG00000127616.23	ENST00000644737	ENST00000644737.1	11010381	11010531	2124	2274	ENSE00003530860	15	10960932	11062468					10960932	10960824	11079426	2395	2545	11010381	11010531
ENSG00000127616	ENSG00000127616.23	ENST00000644737	ENST00000644737.1	11012949	11013112	2275	2438	ENSE00003654082	16	10960932	11062468					10960932	10960824	11079426	2546	2709	11012949	11013112
ENSG00000127616	ENSG00000127616.23	ENST00000644737	ENST00000644737.1	11018957	11019023	2439	2505	ENSE00003474879	17	10960932	11062468					10960932	10960824	11079426	2710	2776	11018957	11019023
ENSG00000127616	ENSG00000127616.23	ENST00000644737	ENST00000644737.1	11019591	11019701	2506	2616	ENSE00003477043	18	10960932	11062468					10960932	10960824	11079426	2777	2887	11019591	11019701
ENSG00000127616	ENSG00000127616.23	ENST00000644737	ENST00000644737.1	11021725	11021967	2617	2859	ENSE00003540089	19	10960932	11062468					10960932	10960824	11079426	2888	3130	11021725	11021967
ENSG00000127616	ENSG00000127616.23	ENST00000644737	ENST00000644737.1	11023518	11023631	2860	2973	ENSE00003484961	20	10960932	11062468					10960932	10960824	11079426	3131	3244	11023518	11023631
ENSG00000127616	ENSG00000127616.23	ENST00000644737	ENST00000644737.1	11024331	11024438	2974	3081	ENSE00003553172	21	10960932	11062468					10960932	10960824	11079426	3245	3352	11024331	11024438
ENSG00000127616	ENSG00000127616.23	ENST00000644737	ENST00000644737.1	11025422	11025508	3082	3168	ENSE00003692983	22	10960932	11062468					10960932	10960824	11079426	3353	3439	11025422	11025508
ENSG00000127616	ENSG00000127616.23	ENST00000644737	ENST00000644737.1	11026300	11026346	3169	3215	ENSE00003604518	23	10960932	11062468					10960932	10960824	11079426	3440	3486	11026300	11026346
ENSG00000127616	ENSG00000127616.23	ENST00000644737	ENST00000644737.1	11027784	11027950	3216	3382	ENSE00003459233	24	10960932	11062468					10960932	10960824	11079426	3487	3653	11027784	11027950
ENSG00000127616	ENSG00000127616.23	ENST00000644737	ENST00000644737.1	11030730	11030893	3383	3546	ENSE00003676000	25	10960932	11062468					10960932	10960824	11079426	3654	3817	11030730	11030893
ENSG00000127616	ENSG00000127616.23	ENST00000644737	ENST00000644737.1	11033290	11033517	3547	3774	ENSE00003655405	26	10960932	11062468					10960932	10960824	11079426	3818	4045	11033290	11033517
ENSG00000127616	ENSG00000127616.23	ENST00000644737	ENST00000644737.1	11034123	11034200	3775	3852	ENSE00003703701	27	10960932	11062468					10960932	10960824	11079426	4046	4123	11034123	11034200
ENSG00000127616	ENSG00000127616.23	ENST00000644737	ENST00000644737.1	11034914	11035132	3853	4071	ENSE00003708931	28	10960932	11062468					10960932	10960824	11079426	4124	4342	11034914	11035132
ENSG00000127616	ENSG00000127616.23	ENST00000644737	ENST00000644737.1	11041298	11041560	4072	4334	ENSE00003707185	29	10960932	11062468					10960932	10960824	11079426	4343	4605	11041298	11041560
ENSG00000127616	ENSG00000127616.23	ENST00000644737	ENST00000644737.1	11058255	11058363	4335	4443	ENSE00003468652	30	10960932	11062468					10960932	10960824	11079426	4606	4714	11058255	11058363
ENSG00000127616	ENSG00000127616.23	ENST00000644737	ENST00000644737.1	11058788	11058889	4444	4545	ENSE00003687872	31	10960932	11062468					10960932	10960824	11079426	4715	4816	11058788	11058889
ENSG00000127616	ENSG00000127616.23	ENST00000644737	ENST00000644737.1	11059753	11059885	4546	4678	ENSE00003582123	32	10960932	11062468					10960932	10960824	11079426	4817	4949	11059753	11059885
ENSG00000127616	ENSG00000127616.23	ENST00000644737	ENST00000644737.1	11060045	11060187	4679	4821	ENSE00003694052	33	10960932	11062468					10960932	10960824	11079426	4950	5092	11060045	11060187
ENSG00000127616	ENSG00000127616.23	ENST00000644737	ENST00000644737.1	11061784	11062468	4822	4854	ENSE00003825776	34	10960932	11062468			11061817	11062468	10960932	10960824	11079426	5093	5125	11061784	11061816
ENSG00000127616	ENSG00000127616.23	ENST00000642628	ENST00000642628.1	10985273	10985405	223	355	ENSE00003618181	3	10960957	11062263					10960957	10960824	11079426	472	604	10985273	10985405
ENSG00000127616	ENSG00000127616.23	ENST00000642628	ENST00000642628.1	10986189	10986593	356	760	ENSE00003525604	4	10960957	11062263					10960957	10960824	11079426	605	1009	10986189	10986593
ENSG00000127616	ENSG00000127616.23	ENST00000642628	ENST00000642628.1	10986905	10987003	761	859	ENSE00003604554	5	10960957	11062263					10960957	10960824	11079426	1010	1108	10986905	10987003
ENSG00000127616	ENSG00000127616.23	ENST00000642628	ENST00000642628.1	10987666	10987924	860	1118	ENSE00003531833	6	10960957	11062263					10960957	10960824	11079426	1109	1367	10987666	10987924
ENSG00000127616	ENSG00000127616.23	ENST00000642628	ENST00000642628.1	10989317	10989443	1119	1245	ENSE00003670957	7	10960957	11062263					10960957	10960824	11079426	1368	1494	10989317	10989443
ENSG00000127616	ENSG00000127616.23	ENST00000642628	ENST00000642628.1	10991150	10991323	1246	1419	ENSE00003607688	8	10960957	11062263					10960957	10960824	11079426	1495	1668	10991150	10991323
ENSG00000127616	ENSG00000127616.23	ENST00000642628	ENST00000642628.1	10994828	10995001	1420	1593	ENSE00003546739	9	10960957	11062263					10960957	10960824	11079426	1669	1842	10994828	10995001
ENSG00000127616	ENSG00000127616.23	ENST00000642628	ENST00000642628.1	10996213	10996380	1594	1761	ENSE00003527768	10	10960957	11062263					10960957	10960824	11079426	1843	2010	10996213	10996380
ENSG00000127616	ENSG00000127616.23	ENST00000642628	ENST00000642628.1	10996494	10996544	1762	1812	ENSE00003667937	11	10960957	11062263					10960957	10960824	11079426	2011	2061	10996494	10996544
ENSG00000127616	ENSG00000127616.23	ENST00000642628	ENST00000642628.1	11003029	11003159	1813	1943	ENSE00003667107	12	10960957	11062263					10960957	10960824	11079426	2062	2192	11003029	11003159
ENSG00000127616	ENSG00000127616.23	ENST00000642628	ENST00000642628.1	11003340	11003397	1944	2001	ENSE00003539754	13	10960957	11062263					10960957	10960824	11079426	2193	2250	11003340	11003397
ENSG00000127616	ENSG00000127616.23	ENST00000642628	ENST00000642628.1	11007902	11008023	2002	2123	ENSE00003581372	14	10960957	11062263					10960957	10960824	11079426	2251	2372	11007902	11008023
ENSG00000127616	ENSG00000127616.23	ENST00000642628	ENST00000642628.1	11010381	11010531	2124	2274	ENSE00003530860	15	10960957	11062263					10960957	10960824	11079426	2373	2523	11010381	11010531
ENSG00000127616	ENSG00000127616.23	ENST00000642628	ENST00000642628.1	11012949	11013112	2275	2438	ENSE00003654082	16	10960957	11062263					10960957	10960824	11079426	2524	2687	11012949	11013112
ENSG00000127616	ENSG00000127616.23	ENST00000642628	ENST00000642628.1	11018957	11019023	2439	2505	ENSE00003474879	17	10960957	11062263					10960957	10960824	11079426	2688	2754	11018957	11019023
ENSG00000127616	ENSG00000127616.23	ENST00000642628	ENST00000642628.1	11019591	11019701	2506	2616	ENSE00003477043	18	10960957	11062263					10960957	10960824	11079426	2755	2865	11019591	11019701
ENSG00000127616	ENSG00000127616.23	ENST00000642628	ENST00000642628.1	11021725	11021967	2617	2859	ENSE00003540089	19	10960957	11062263					10960957	10960824	11079426	2866	3108	11021725	11021967
ENSG00000127616	ENSG00000127616.23	ENST00000642628	ENST00000642628.1	11023518	11023631	2860	2973	ENSE00003484961	20	10960957	11062263					10960957	10960824	11079426	3109	3222	11023518	11023631
ENSG00000127616	ENSG00000127616.23	ENST00000642628	ENST00000642628.1	11024331	11024438	2974	3081	ENSE00003553172	21	10960957	11062263					10960957	10960824	11079426	3223	3330	11024331	11024438
ENSG00000127616	ENSG00000127616.23	ENST00000642628	ENST00000642628.1	11025422	11025508	3082	3168	ENSE00003692983	22	10960957	11062263					10960957	10960824	11079426	3331	3417	11025422	11025508
ENSG00000127616	ENSG00000127616.23	ENST00000642628	ENST00000642628.1	11026300	11026346	3169	3215	ENSE00003604518	23	10960957	11062263					10960957	10960824	11079426	3418	3464	11026300	11026346
ENSG00000127616	ENSG00000127616.23	ENST00000642628	ENST00000642628.1	11027784	11027950	3216	3382	ENSE00003459233	24	10960957	11062263					10960957	10960824	11079426	3465	3631	11027784	11027950
ENSG00000127616	ENSG00000127616.23	ENST00000642628	ENST00000642628.1	11030730	11030893	3383	3546	ENSE00003676000	25	10960957	11062263					10960957	10960824	11079426	3632	3795	11030730	11030893
ENSG00000127616	ENSG00000127616.23	ENST00000642628	ENST00000642628.1	11033290	11033517	3547	3774	ENSE00003655405	26	10960957	11062263					10960957	10960824	11079426	3796	4023	11033290	11033517
ENSG00000127616	ENSG00000127616.23	ENST00000642628	ENST00000642628.1	11034123	11034200	3775	3852	ENSE00003703701	27	10960957	11062263					10960957	10960824	11079426	4024	4101	11034123	11034200
ENSG00000127616	ENSG00000127616.23	ENST00000642628	ENST00000642628.1	11034914	11035132	3853	4071	ENSE00003708931	28	10960957	11062263					10960957	10960824	11079426	4102	4320	11034914	11035132
ENSG00000127616	ENSG00000127616.23	ENST00000642628	ENST00000642628.1	11039458	11039553	4072	4167	ENSE00003707782	29	10960957	11062263					10960957	10960824	11079426	4321	4416	11039458	11039553
ENSG00000127616	ENSG00000127616.23	ENST00000642628	ENST00000642628.1	11058255	11058363	4422	4530	ENSE00003468652	31	10960957	11062263					10960957	10960824	11079426	4671	4779	11058255	11058363
ENSG00000127616	ENSG00000127616.23	ENST00000642628	ENST00000642628.1	11058788	11058889	4531	4632	ENSE00003687872	32	10960957	11062263					10960957	10960824	11079426	4780	4881	11058788	11058889
ENSG00000127616	ENSG00000127616.23	ENST00000642628	ENST00000642628.1	11059753	11059885	4633	4765	ENSE00003582123	33	10960957	11062263					10960957	10960824	11079426	4882	5014	11059753	11059885
ENSG00000127616	ENSG00000127616.23	ENST00000642628	ENST00000642628.1	11060045	11060187	4766	4908	ENSE00003694052	34	10960957	11062263					10960957	10960824	11079426	5015	5157	11060045	11060187
ENSG00000127616	ENSG00000127616.23	ENST00000642628	ENST00000642628.1	11041307	11041560	4168	4421	ENSE00003547338	30	10960957	11062263					10960957	10960824	11079426	4417	4670	11041307	11041560
ENSG00000127616	ENSG00000127616.23	ENST00000642628	ENST00000642628.1	10960957	10961174			ENSE00003817571	1	10960957	11062263	10960957	10961174			10960957	10960824	11079426				
ENSG00000127616	ENSG00000127616.23	ENST00000642628	ENST00000642628.1	10984121	10984373	1	222	ENSE00000874191	2	10960957	11062263	10984121	10984151			10960957	10960824	11079426	250	471	10984152	10984373
ENSG00000127616	ENSG00000127616.23	ENST00000642628	ENST00000642628.1	11061784	11062263	4909	4941	ENSE00003821269	35	10960957	11062263			11061817	11062263	10960957	10960824	11079426	5158	5190	11061784	11061816
ENSG00000127616	ENSG00000127616.23	ENST00000643296	ENST00000643296.1	10985273	10985405	223	355	ENSE00003618181	3	10960957	11062276					10960957	10960824	11079426	472	604	10985273	10985405
ENSG00000127616	ENSG00000127616.23	ENST00000643296	ENST00000643296.1	10986189	10986593	356	760	ENSE00003525604	4	10960957	11062276					10960957	10960824	11079426	605	1009	10986189	10986593
ENSG00000127616	ENSG00000127616.23	ENST00000643296	ENST00000643296.1	10986905	10987003	761	859	ENSE00003604554	5	10960957	11062276					10960957	10960824	11079426	1010	1108	10986905	10987003
ENSG00000127616	ENSG00000127616.23	ENST00000643296	ENST00000643296.1	10987666	10987924	860	1118	ENSE00003531833	6	10960957	11062276					10960957	10960824	11079426	1109	1367	10987666	10987924
ENSG00000127616	ENSG00000127616.23	ENST00000643296	ENST00000643296.1	10989317	10989443	1119	1245	ENSE00003670957	7	10960957	11062276					10960957	10960824	11079426	1368	1494	10989317	10989443
ENSG00000127616	ENSG00000127616.23	ENST00000643296	ENST00000643296.1	10991150	10991323	1246	1419	ENSE00003607688	8	10960957	11062276					10960957	10960824	11079426	1495	1668	10991150	10991323
ENSG00000127616	ENSG00000127616.23	ENST00000643296	ENST00000643296.1	10994828	10995001	1420	1593	ENSE00003546739	9	10960957	11062276					10960957	10960824	11079426	1669	1842	10994828	10995001
ENSG00000127616	ENSG00000127616.23	ENST00000643296	ENST00000643296.1	10996213	10996380	1594	1761	ENSE00003527768	10	10960957	11062276					10960957	10960824	11079426	1843	2010	10996213	10996380
ENSG00000127616	ENSG00000127616.23	ENST00000643296	ENST00000643296.1	10996494	10996544	1762	1812	ENSE00003667937	11	10960957	11062276					10960957	10960824	11079426	2011	2061	10996494	10996544
ENSG00000127616	ENSG00000127616.23	ENST00000643296	ENST00000643296.1	11003029	11003159	1813	1943	ENSE00003667107	12	10960957	11062276					10960957	10960824	11079426	2062	2192	11003029	11003159
ENSG00000127616	ENSG00000127616.23	ENST00000643296	ENST00000643296.1	11003340	11003397	1944	2001	ENSE00003539754	13	10960957	11062276					10960957	10960824	11079426	2193	2250	11003340	11003397
ENSG00000127616	ENSG00000127616.23	ENST00000643296	ENST00000643296.1	11007902	11008023	2002	2123	ENSE00003581372	14	10960957	11062276					10960957	10960824	11079426	2251	2372	11007902	11008023
ENSG00000127616	ENSG00000127616.23	ENST00000643296	ENST00000643296.1	11010381	11010531	2124	2274	ENSE00003530860	15	10960957	11062276					10960957	10960824	11079426	2373	2523	11010381	11010531
ENSG00000127616	ENSG00000127616.23	ENST00000643296	ENST00000643296.1	11012949	11013112	2275	2438	ENSE00003654082	16	10960957	11062276					10960957	10960824	11079426	2524	2687	11012949	11013112
ENSG00000127616	ENSG00000127616.23	ENST00000643296	ENST00000643296.1	11018957	11019023	2439	2505	ENSE00003474879	17	10960957	11062276					10960957	10960824	11079426	2688	2754	11018957	11019023
ENSG00000127616	ENSG00000127616.23	ENST00000643296	ENST00000643296.1	11019591	11019701	2506	2616	ENSE00003477043	18	10960957	11062276					10960957	10960824	11079426	2755	2865	11019591	11019701
ENSG00000127616	ENSG00000127616.23	ENST00000643296	ENST00000643296.1	11021725	11021967	2617	2859	ENSE00003540089	19	10960957	11062276					10960957	10960824	11079426	2866	3108	11021725	11021967
ENSG00000127616	ENSG00000127616.23	ENST00000643296	ENST00000643296.1	11023518	11023631	2860	2973	ENSE00003484961	20	10960957	11062276					10960957	10960824	11079426	3109	3222	11023518	11023631
ENSG00000127616	ENSG00000127616.23	ENST00000643296	ENST00000643296.1	11024331	11024438	2974	3081	ENSE00003553172	21	10960957	11062276					10960957	10960824	11079426	3223	3330	11024331	11024438
ENSG00000127616	ENSG00000127616.23	ENST00000643296	ENST00000643296.1	11025422	11025508	3082	3168	ENSE00003692983	22	10960957	11062276					10960957	10960824	11079426	3331	3417	11025422	11025508
ENSG00000127616	ENSG00000127616.23	ENST00000643296	ENST00000643296.1	11026300	11026346	3169	3215	ENSE00003604518	23	10960957	11062276					10960957	10960824	11079426	3418	3464	11026300	11026346
ENSG00000127616	ENSG00000127616.23	ENST00000643296	ENST00000643296.1	11027784	11027950	3216	3382	ENSE00003459233	24	10960957	11062276					10960957	10960824	11079426	3465	3631	11027784	11027950
ENSG00000127616	ENSG00000127616.23	ENST00000643296	ENST00000643296.1	11030730	11030893	3383	3546	ENSE00003676000	25	10960957	11062276					10960957	10960824	11079426	3632	3795	11030730	11030893
ENSG00000127616	ENSG00000127616.23	ENST00000643296	ENST00000643296.1	11033290	11033517	3547	3774	ENSE00003655405	26	10960957	11062276					10960957	10960824	11079426	3796	4023	11033290	11033517
ENSG00000127616	ENSG00000127616.23	ENST00000643296	ENST00000643296.1	11034123	11034200	3775	3852	ENSE00003703701	27	10960957	11062276					10960957	10960824	11079426	4024	4101	11034123	11034200
ENSG00000127616	ENSG00000127616.23	ENST00000643296	ENST00000643296.1	11034914	11035132	3853	4071	ENSE00003708931	28	10960957	11062276					10960957	10960824	11079426	4102	4320	11034914	11035132
ENSG00000127616	ENSG00000127616.23	ENST00000643296	ENST00000643296.1	11041298	11041560	4072	4334	ENSE00003707185	29	10960957	11062276					10960957	10960824	11079426	4321	4583	11041298	11041560
ENSG00000127616	ENSG00000127616.23	ENST00000643296	ENST00000643296.1	11058255	11058363	4335	4443	ENSE00003468652	30	10960957	11062276					10960957	10960824	11079426	4584	4692	11058255	11058363
ENSG00000127616	ENSG00000127616.23	ENST00000643296	ENST00000643296.1	11058788	11058889	4444	4545	ENSE00003687872	31	10960957	11062276					10960957	10960824	11079426	4693	4794	11058788	11058889
ENSG00000127616	ENSG00000127616.23	ENST00000643296	ENST00000643296.1	11059753	11059885	4546	4678	ENSE00003582123	32	10960957	11062276					10960957	10960824	11079426	4795	4927	11059753	11059885
ENSG00000127616	ENSG00000127616.23	ENST00000643296	ENST00000643296.1	11060045	11060187	4679	4821	ENSE00003694052	33	10960957	11062276					10960957	10960824	11079426	4928	5070	11060045	11060187
ENSG00000127616	ENSG00000127616.23	ENST00000643296	ENST00000643296.1	10960957	10961174			ENSE00003817571	1	10960957	11062276	10960957	10961174			10960957	10960824	11079426				
ENSG00000127616	ENSG00000127616.23	ENST00000643296	ENST00000643296.1	10984121	10984373	1	222	ENSE00000874191	2	10960957	11062276	10984121	10984151			10960957	10960824	11079426	250	471	10984152	10984373
ENSG00000127616	ENSG00000127616.23	ENST00000643296	ENST00000643296.1	11061784	11062276	4822	4854	ENSE00003816767	34	10960957	11062276			11061817	11062276	10960957	10960824	11079426	5071	5103	11061784	11061816
ENSG00000127616	ENSG00000127616.23	ENST00000647230	ENST00000647230.1	10985273	10985405	223	355	ENSE00003618181	3	10960957	11062276					10960957	10960824	11079426	472	604	10985273	10985405
ENSG00000127616	ENSG00000127616.23	ENST00000647230	ENST00000647230.1	10986189	10986593	356	760	ENSE00003525604	4	10960957	11062276					10960957	10960824	11079426	605	1009	10986189	10986593
ENSG00000127616	ENSG00000127616.23	ENST00000647230	ENST00000647230.1	10986905	10987003	761	859	ENSE00003604554	5	10960957	11062276					10960957	10960824	11079426	1010	1108	10986905	10987003
ENSG00000127616	ENSG00000127616.23	ENST00000647230	ENST00000647230.1	10987666	10987924	860	1118	ENSE00003531833	6	10960957	11062276					10960957	10960824	11079426	1109	1367	10987666	10987924
ENSG00000127616	ENSG00000127616.23	ENST00000647230	ENST00000647230.1	10989317	10989443	1119	1245	ENSE00003670957	7	10960957	11062276					10960957	10960824	11079426	1368	1494	10989317	10989443
ENSG00000127616	ENSG00000127616.23	ENST00000647230	ENST00000647230.1	10991150	10991323	1246	1419	ENSE00003607688	8	10960957	11062276					10960957	10960824	11079426	1495	1668	10991150	10991323
ENSG00000127616	ENSG00000127616.23	ENST00000647230	ENST00000647230.1	10994828	10995001	1420	1593	ENSE00003546739	9	10960957	11062276					10960957	10960824	11079426	1669	1842	10994828	10995001
ENSG00000127616	ENSG00000127616.23	ENST00000647230	ENST00000647230.1	10996213	10996380	1594	1761	ENSE00003527768	10	10960957	11062276					10960957	10960824	11079426	1843	2010	10996213	10996380
ENSG00000127616	ENSG00000127616.23	ENST00000647230	ENST00000647230.1	10996494	10996544	1762	1812	ENSE00003667937	11	10960957	11062276					10960957	10960824	11079426	2011	2061	10996494	10996544
ENSG00000127616	ENSG00000127616.23	ENST00000647230	ENST00000647230.1	11003029	11003159	1813	1943	ENSE00003667107	12	10960957	11062276					10960957	10960824	11079426	2062	2192	11003029	11003159
ENSG00000127616	ENSG00000127616.23	ENST00000647230	ENST00000647230.1	11003340	11003397	1944	2001	ENSE00003539754	13	10960957	11062276					10960957	10960824	11079426	2193	2250	11003340	11003397
ENSG00000127616	ENSG00000127616.23	ENST00000647230	ENST00000647230.1	11007902	11008023	2002	2123	ENSE00003581372	14	10960957	11062276					10960957	10960824	11079426	2251	2372	11007902	11008023
ENSG00000127616	ENSG00000127616.23	ENST00000647230	ENST00000647230.1	11010381	11010531	2124	2274	ENSE00003530860	15	10960957	11062276					10960957	10960824	11079426	2373	2523	11010381	11010531
ENSG00000127616	ENSG00000127616.23	ENST00000647230	ENST00000647230.1	11012949	11013112	2275	2438	ENSE00003654082	16	10960957	11062276					10960957	10960824	11079426	2524	2687	11012949	11013112
ENSG00000127616	ENSG00000127616.23	ENST00000647230	ENST00000647230.1	11018957	11019023	2439	2505	ENSE00003474879	17	10960957	11062276					10960957	10960824	11079426	2688	2754	11018957	11019023
ENSG00000127616	ENSG00000127616.23	ENST00000647230	ENST00000647230.1	11019591	11019701	2506	2616	ENSE00003477043	18	10960957	11062276					10960957	10960824	11079426	2755	2865	11019591	11019701
ENSG00000127616	ENSG00000127616.23	ENST00000647230	ENST00000647230.1	11021725	11021967	2617	2859	ENSE00003540089	19	10960957	11062276					10960957	10960824	11079426	2866	3108	11021725	11021967
ENSG00000127616	ENSG00000127616.23	ENST00000647230	ENST00000647230.1	11023518	11023631	2860	2973	ENSE00003484961	20	10960957	11062276					10960957	10960824	11079426	3109	3222	11023518	11023631
ENSG00000127616	ENSG00000127616.23	ENST00000647230	ENST00000647230.1	11024331	11024438	2974	3081	ENSE00003553172	21	10960957	11062276					10960957	10960824	11079426	3223	3330	11024331	11024438
ENSG00000127616	ENSG00000127616.23	ENST00000647230	ENST00000647230.1	11025422	11025508	3082	3168	ENSE00003692983	22	10960957	11062276					10960957	10960824	11079426	3331	3417	11025422	11025508
ENSG00000127616	ENSG00000127616.23	ENST00000647230	ENST00000647230.1	11026300	11026346	3169	3215	ENSE00003604518	23	10960957	11062276					10960957	10960824	11079426	3418	3464	11026300	11026346
ENSG00000127616	ENSG00000127616.23	ENST00000647230	ENST00000647230.1	11027784	11027950	3216	3382	ENSE00003459233	24	10960957	11062276					10960957	10960824	11079426	3465	3631	11027784	11027950
ENSG00000127616	ENSG00000127616.23	ENST00000647230	ENST00000647230.1	11030730	11030893	3383	3546	ENSE00003676000	25	10960957	11062276					10960957	10960824	11079426	3632	3795	11030730	11030893
ENSG00000127616	ENSG00000127616.23	ENST00000647230	ENST00000647230.1	11033290	11033517	3547	3774	ENSE00003655405	26	10960957	11062276					10960957	10960824	11079426	3796	4023	11033290	11033517
ENSG00000127616	ENSG00000127616.23	ENST00000647230	ENST00000647230.1	11034123	11034200	3775	3852	ENSE00003703701	27	10960957	11062276					10960957	10960824	11079426	4024	4101	11034123	11034200
ENSG00000127616	ENSG00000127616.23	ENST00000647230	ENST00000647230.1	11034914	11035132	3853	4071	ENSE00003708931	28	10960957	11062276					10960957	10960824	11079426	4102	4320	11034914	11035132
ENSG00000127616	ENSG00000127616.23	ENST00000647230	ENST00000647230.1	11058255	11058363	4326	4434	ENSE00003468652	30	10960957	11062276					10960957	10960824	11079426	4575	4683	11058255	11058363
ENSG00000127616	ENSG00000127616.23	ENST00000647230	ENST00000647230.1	11058788	11058889	4435	4536	ENSE00003687872	31	10960957	11062276					10960957	10960824	11079426	4684	4785	11058788	11058889
ENSG00000127616	ENSG00000127616.23	ENST00000647230	ENST00000647230.1	11059753	11059885	4537	4669	ENSE00003582123	32	10960957	11062276					10960957	10960824	11079426	4786	4918	11059753	11059885
ENSG00000127616	ENSG00000127616.23	ENST00000647230	ENST00000647230.1	11060045	11060187	4670	4812	ENSE00003694052	33	10960957	11062276					10960957	10960824	11079426	4919	5061	11060045	11060187
ENSG00000127616	ENSG00000127616.23	ENST00000647230	ENST00000647230.1	11041307	11041560	4072	4325	ENSE00003547338	29	10960957	11062276					10960957	10960824	11079426	4321	4574	11041307	11041560
ENSG00000127616	ENSG00000127616.23	ENST00000647230	ENST00000647230.1	10960957	10961174			ENSE00003817571	1	10960957	11062276	10960957	10961174			10960957	10960824	11079426				
ENSG00000127616	ENSG00000127616.23	ENST00000647230	ENST00000647230.1	10984121	10984373	1	222	ENSE00000874191	2	10960957	11062276	10984121	10984151			10960957	10960824	11079426	250	471	10984152	10984373
ENSG00000127616	ENSG00000127616.23	ENST00000647230	ENST00000647230.1	11061784	11062276	4813	4845	ENSE00003816767	34	10960957	11062276			11061817	11062276	10960957	10960824	11079426	5062	5094	11061784	11061816
ENSG00000127616	ENSG00000127616.23	ENST00000711079	ENST00000711079.1	10985273	10985405	223	355	ENSE00003618181	3	10960958	11062273					10960958	10960824	11079426	471	603	10985273	10985405
ENSG00000127616	ENSG00000127616.23	ENST00000711079	ENST00000711079.1	10986189	10986593	356	760	ENSE00003525604	4	10960958	11062273					10960958	10960824	11079426	604	1008	10986189	10986593
ENSG00000127616	ENSG00000127616.23	ENST00000711079	ENST00000711079.1	10986905	10987003	761	859	ENSE00003604554	5	10960958	11062273					10960958	10960824	11079426	1009	1107	10986905	10987003
ENSG00000127616	ENSG00000127616.23	ENST00000711079	ENST00000711079.1	10987666	10987924	860	1118	ENSE00003531833	6	10960958	11062273					10960958	10960824	11079426	1108	1366	10987666	10987924
ENSG00000127616	ENSG00000127616.23	ENST00000711079	ENST00000711079.1	10989317	10989443	1119	1245	ENSE00003670957	7	10960958	11062273					10960958	10960824	11079426	1367	1493	10989317	10989443
ENSG00000127616	ENSG00000127616.23	ENST00000711079	ENST00000711079.1	10991150	10991323	1246	1419	ENSE00003607688	8	10960958	11062273					10960958	10960824	11079426	1494	1667	10991150	10991323
ENSG00000127616	ENSG00000127616.23	ENST00000711079	ENST00000711079.1	10994828	10995001	1420	1593	ENSE00003546739	9	10960958	11062273					10960958	10960824	11079426	1668	1841	10994828	10995001
ENSG00000127616	ENSG00000127616.23	ENST00000711079	ENST00000711079.1	10996213	10996380	1594	1761	ENSE00003527768	10	10960958	11062273					10960958	10960824	11079426	1842	2009	10996213	10996380
ENSG00000127616	ENSG00000127616.23	ENST00000711079	ENST00000711079.1	10996494	10996544	1762	1812	ENSE00003667937	11	10960958	11062273					10960958	10960824	11079426	2010	2060	10996494	10996544
ENSG00000127616	ENSG00000127616.23	ENST00000711079	ENST00000711079.1	11003029	11003159	1813	1943	ENSE00003667107	12	10960958	11062273					10960958	10960824	11079426	2061	2191	11003029	11003159
ENSG00000127616	ENSG00000127616.23	ENST00000711079	ENST00000711079.1	11003340	11003397	1944	2001	ENSE00003539754	13	10960958	11062273					10960958	10960824	11079426	2192	2249	11003340	11003397
ENSG00000127616	ENSG00000127616.23	ENST00000711079	ENST00000711079.1	11007902	11008023	2002	2123	ENSE00003581372	14	10960958	11062273					10960958	10960824	11079426	2250	2371	11007902	11008023
ENSG00000127616	ENSG00000127616.23	ENST00000711079	ENST00000711079.1	11010381	11010531	2124	2274	ENSE00003530860	15	10960958	11062273					10960958	10960824	11079426	2372	2522	11010381	11010531
ENSG00000127616	ENSG00000127616.23	ENST00000711079	ENST00000711079.1	11012949	11013112	2275	2438	ENSE00003654082	16	10960958	11062273					10960958	10960824	11079426	2523	2686	11012949	11013112
ENSG00000127616	ENSG00000127616.23	ENST00000711079	ENST00000711079.1	11018957	11019023	2439	2505	ENSE00003474879	17	10960958	11062273					10960958	10960824	11079426	2687	2753	11018957	11019023
ENSG00000127616	ENSG00000127616.23	ENST00000711079	ENST00000711079.1	11019591	11019701	2506	2616	ENSE00003477043	18	10960958	11062273					10960958	10960824	11079426	2754	2864	11019591	11019701
ENSG00000127616	ENSG00000127616.23	ENST00000711079	ENST00000711079.1	11021725	11021967	2617	2859	ENSE00003540089	19	10960958	11062273					10960958	10960824	11079426	2865	3107	11021725	11021967
ENSG00000127616	ENSG00000127616.23	ENST00000711079	ENST00000711079.1	11023518	11023631	2860	2973	ENSE00003484961	20	10960958	11062273					10960958	10960824	11079426	3108	3221	11023518	11023631
ENSG00000127616	ENSG00000127616.23	ENST00000711079	ENST00000711079.1	11024331	11024438	2974	3081	ENSE00003553172	21	10960958	11062273					10960958	10960824	11079426	3222	3329	11024331	11024438
ENSG00000127616	ENSG00000127616.23	ENST00000711079	ENST00000711079.1	11025422	11025508	3082	3168	ENSE00003692983	22	10960958	11062273					10960958	10960824	11079426	3330	3416	11025422	11025508
ENSG00000127616	ENSG00000127616.23	ENST00000711079	ENST00000711079.1	11026300	11026346	3169	3215	ENSE00003604518	23	10960958	11062273					10960958	10960824	11079426	3417	3463	11026300	11026346
ENSG00000127616	ENSG00000127616.23	ENST00000711079	ENST00000711079.1	11027784	11027950	3216	3382	ENSE00003459233	24	10960958	11062273					10960958	10960824	11079426	3464	3630	11027784	11027950
ENSG00000127616	ENSG00000127616.23	ENST00000711079	ENST00000711079.1	11030730	11030893	3383	3546	ENSE00003676000	25	10960958	11062273					10960958	10960824	11079426	3631	3794	11030730	11030893
ENSG00000127616	ENSG00000127616.23	ENST00000711079	ENST00000711079.1	11033290	11033517	3547	3774	ENSE00003655405	26	10960958	11062273					10960958	10960824	11079426	3795	4022	11033290	11033517
ENSG00000127616	ENSG00000127616.23	ENST00000711079	ENST00000711079.1	11034123	11034200	3874	3951	ENSE00003703701	28	10960958	11062273					10960958	10960824	11079426	4122	4199	11034123	11034200
ENSG00000127616	ENSG00000127616.23	ENST00000711079	ENST00000711079.1	11034914	11035132	3952	4170	ENSE00003708931	29	10960958	11062273					10960958	10960824	11079426	4200	4418	11034914	11035132
ENSG00000127616	ENSG00000127616.23	ENST00000711079	ENST00000711079.1	11039458	11039553	4171	4266	ENSE00003707782	30	10960958	11062273					10960958	10960824	11079426	4419	4514	11039458	11039553
ENSG00000127616	ENSG00000127616.23	ENST00000711079	ENST00000711079.1	11058255	11058363	4521	4629	ENSE00003468652	32	10960958	11062273					10960958	10960824	11079426	4769	4877	11058255	11058363
ENSG00000127616	ENSG00000127616.23	ENST00000711079	ENST00000711079.1	11058788	11058889	4630	4731	ENSE00003687872	33	10960958	11062273					10960958	10960824	11079426	4878	4979	11058788	11058889
ENSG00000127616	ENSG00000127616.23	ENST00000711079	ENST00000711079.1	11059753	11059885	4732	4864	ENSE00003582123	34	10960958	11062273					10960958	10960824	11079426	4980	5112	11059753	11059885
ENSG00000127616	ENSG00000127616.23	ENST00000711079	ENST00000711079.1	11060045	11060187	4865	5007	ENSE00003694052	35	10960958	11062273					10960958	10960824	11079426	5113	5255	11060045	11060187
ENSG00000127616	ENSG00000127616.23	ENST00000711079	ENST00000711079.1	11041307	11041560	4267	4520	ENSE00003547338	31	10960958	11062273					10960958	10960824	11079426	4515	4768	11041307	11041560
ENSG00000127616	ENSG00000127616.23	ENST00000711079	ENST00000711079.1	10984121	10984373	1	222	ENSE00000874191	2	10960958	11062273	10984121	10984151			10960958	10960824	11079426	249	470	10984152	10984373
ENSG00000127616	ENSG00000127616.23	ENST00000711079	ENST00000711079.1	10960958	10961174			ENSE00003829958	1	10960958	11062273	10960958	10961174			10960958	10960824	11079426				
ENSG00000127616	ENSG00000127616.23	ENST00000711079	ENST00000711079.1	11033767	11033865	3775	3873	ENSE00004014467	27	10960958	11062273					10960958	10960824	11079426	4023	4121	11033767	11033865
ENSG00000127616	ENSG00000127616.23	ENST00000711079	ENST00000711079.1	11061784	11062273	5008	5040	ENSE00004014465	36	10960958	11062273			11061817	11062273	10960958	10960824	11079426	5256	5288	11061784	11061816
ENSG00000127616	ENSG00000127616.23	ENST00000646510	ENST00000646510.1	10985273	10985405	223	355	ENSE00003618181	4	10960992	11062276					10960992	10960824	11079426	513	645	10985273	10985405
ENSG00000127616	ENSG00000127616.23	ENST00000646510	ENST00000646510.1	10986189	10986593	356	760	ENSE00003525604	5	10960992	11062276					10960992	10960824	11079426	646	1050	10986189	10986593
ENSG00000127616	ENSG00000127616.23	ENST00000646510	ENST00000646510.1	10986905	10987003	761	859	ENSE00003604554	6	10960992	11062276					10960992	10960824	11079426	1051	1149	10986905	10987003
ENSG00000127616	ENSG00000127616.23	ENST00000646510	ENST00000646510.1	10987666	10987924	860	1118	ENSE00003531833	7	10960992	11062276					10960992	10960824	11079426	1150	1408	10987666	10987924
ENSG00000127616	ENSG00000127616.23	ENST00000646510	ENST00000646510.1	10989317	10989443	1119	1245	ENSE00003670957	8	10960992	11062276					10960992	10960824	11079426	1409	1535	10989317	10989443
ENSG00000127616	ENSG00000127616.23	ENST00000646510	ENST00000646510.1	10991150	10991323	1246	1419	ENSE00003607688	9	10960992	11062276					10960992	10960824	11079426	1536	1709	10991150	10991323
ENSG00000127616	ENSG00000127616.23	ENST00000646510	ENST00000646510.1	10994828	10995001	1420	1593	ENSE00003546739	10	10960992	11062276					10960992	10960824	11079426	1710	1883	10994828	10995001
ENSG00000127616	ENSG00000127616.23	ENST00000646510	ENST00000646510.1	10996213	10996380	1594	1761	ENSE00003527768	11	10960992	11062276					10960992	10960824	11079426	1884	2051	10996213	10996380
ENSG00000127616	ENSG00000127616.23	ENST00000646510	ENST00000646510.1	10996494	10996544	1762	1812	ENSE00003667937	12	10960992	11062276					10960992	10960824	11079426	2052	2102	10996494	10996544
ENSG00000127616	ENSG00000127616.23	ENST00000646510	ENST00000646510.1	11003029	11003159	1813	1943	ENSE00003667107	13	10960992	11062276					10960992	10960824	11079426	2103	2233	11003029	11003159
ENSG00000127616	ENSG00000127616.23	ENST00000646510	ENST00000646510.1	11003340	11003397	1944	2001	ENSE00003539754	14	10960992	11062276					10960992	10960824	11079426	2234	2291	11003340	11003397
ENSG00000127616	ENSG00000127616.23	ENST00000646510	ENST00000646510.1	11007902	11008023	2002	2123	ENSE00003581372	15	10960992	11062276					10960992	10960824	11079426	2292	2413	11007902	11008023
ENSG00000127616	ENSG00000127616.23	ENST00000646510	ENST00000646510.1	11010381	11010531	2124	2274	ENSE00003530860	16	10960992	11062276					10960992	10960824	11079426	2414	2564	11010381	11010531
ENSG00000127616	ENSG00000127616.23	ENST00000646510	ENST00000646510.1	11012949	11013112	2275	2438	ENSE00003654082	17	10960992	11062276					10960992	10960824	11079426	2565	2728	11012949	11013112
ENSG00000127616	ENSG00000127616.23	ENST00000646510	ENST00000646510.1	11018957	11019023	2439	2505	ENSE00003474879	18	10960992	11062276					10960992	10960824	11079426	2729	2795	11018957	11019023
ENSG00000127616	ENSG00000127616.23	ENST00000646510	ENST00000646510.1	11019591	11019701	2506	2616	ENSE00003477043	19	10960992	11062276					10960992	10960824	11079426	2796	2906	11019591	11019701
ENSG00000127616	ENSG00000127616.23	ENST00000646510	ENST00000646510.1	11021725	11021967	2617	2859	ENSE00003540089	20	10960992	11062276					10960992	10960824	11079426	2907	3149	11021725	11021967
ENSG00000127616	ENSG00000127616.23	ENST00000646510	ENST00000646510.1	11023518	11023631	2860	2973	ENSE00003484961	21	10960992	11062276					10960992	10960824	11079426	3150	3263	11023518	11023631
ENSG00000127616	ENSG00000127616.23	ENST00000646510	ENST00000646510.1	11024331	11024438	2974	3081	ENSE00003553172	22	10960992	11062276					10960992	10960824	11079426	3264	3371	11024331	11024438
ENSG00000127616	ENSG00000127616.23	ENST00000646510	ENST00000646510.1	11025422	11025508	3082	3168	ENSE00003692983	23	10960992	11062276					10960992	10960824	11079426	3372	3458	11025422	11025508
ENSG00000127616	ENSG00000127616.23	ENST00000646510	ENST00000646510.1	11026300	11026346	3169	3215	ENSE00003604518	24	10960992	11062276					10960992	10960824	11079426	3459	3505	11026300	11026346
ENSG00000127616	ENSG00000127616.23	ENST00000646510	ENST00000646510.1	11027784	11027950	3216	3382	ENSE00003459233	25	10960992	11062276					10960992	10960824	11079426	3506	3672	11027784	11027950
ENSG00000127616	ENSG00000127616.23	ENST00000646510	ENST00000646510.1	11030730	11030893	3383	3546	ENSE00003676000	26	10960992	11062276					10960992	10960824	11079426	3673	3836	11030730	11030893
ENSG00000127616	ENSG00000127616.23	ENST00000646510	ENST00000646510.1	11033290	11033517	3547	3774	ENSE00003655405	27	10960992	11062276					10960992	10960824	11079426	3837	4064	11033290	11033517
ENSG00000127616	ENSG00000127616.23	ENST00000646510	ENST00000646510.1	11034123	11034200	3775	3852	ENSE00003703701	28	10960992	11062276					10960992	10960824	11079426	4065	4142	11034123	11034200
ENSG00000127616	ENSG00000127616.23	ENST00000646510	ENST00000646510.1	11034914	11035132	3853	4071	ENSE00003708931	29	10960992	11062276					10960992	10960824	11079426	4143	4361	11034914	11035132
ENSG00000127616	ENSG00000127616.23	ENST00000646510	ENST00000646510.1	11058255	11058363	4326	4434	ENSE00003468652	31	10960992	11062276					10960992	10960824	11079426	4616	4724	11058255	11058363
ENSG00000127616	ENSG00000127616.23	ENST00000646510	ENST00000646510.1	11058788	11058889	4435	4536	ENSE00003687872	32	10960992	11062276					10960992	10960824	11079426	4725	4826	11058788	11058889
ENSG00000127616	ENSG00000127616.23	ENST00000646510	ENST00000646510.1	11059753	11059885	4537	4669	ENSE00003582123	33	10960992	11062276					10960992	10960824	11079426	4827	4959	11059753	11059885
ENSG00000127616	ENSG00000127616.23	ENST00000646510	ENST00000646510.1	11060045	11060187	4670	4812	ENSE00003694052	34	10960992	11062276					10960992	10960824	11079426	4960	5102	11060045	11060187
ENSG00000127616	ENSG00000127616.23	ENST00000646510	ENST00000646510.1	11041307	11041560	4072	4325	ENSE00003547338	30	10960992	11062276					10960992	10960824	11079426	4362	4615	11041307	11041560
ENSG00000127616	ENSG00000127616.23	ENST00000646510	ENST00000646510.1	10984121	10984373	1	222	ENSE00000874191	3	10960992	11062276	10984121	10984151			10960992	10960824	11079426	291	512	10984152	10984373
ENSG00000127616	ENSG00000127616.23	ENST00000646510	ENST00000646510.1	11061784	11062276	4813	4845	ENSE00003816767	35	10960992	11062276			11061817	11062276	10960992	10960824	11079426	5103	5135	11061784	11061816
ENSG00000127616	ENSG00000127616.23	ENST00000646510	ENST00000646510.1	10960992	10961174			ENSE00004014466	1	10960992	11062276	10960992	10961174			10960992	10960824	11079426				
ENSG00000127616	ENSG00000127616.23	ENST00000646510	ENST00000646510.1	10980777	10980852			ENSE00001670830	2	10960992	11062276	10980777	10980852			10960992	10960824	11079426				
ENSG00000127616	ENSG00000127616.23	ENST00000429416	ENST00000429416.8	10985273	10985405	223	355	ENSE00003618181	4	10961001	11062256					10961001	10960824	11079426	504	636	10985273	10985405
ENSG00000127616	ENSG00000127616.23	ENST00000429416	ENST00000429416.8	10986189	10986593	356	760	ENSE00003525604	5	10961001	11062256					10961001	10960824	11079426	637	1041	10986189	10986593
ENSG00000127616	ENSG00000127616.23	ENST00000429416	ENST00000429416.8	10986905	10987003	761	859	ENSE00003604554	6	10961001	11062256					10961001	10960824	11079426	1042	1140	10986905	10987003
ENSG00000127616	ENSG00000127616.23	ENST00000429416	ENST00000429416.8	10987666	10987924	860	1118	ENSE00003531833	7	10961001	11062256					10961001	10960824	11079426	1141	1399	10987666	10987924
ENSG00000127616	ENSG00000127616.23	ENST00000429416	ENST00000429416.8	10989317	10989443	1119	1245	ENSE00003670957	8	10961001	11062256					10961001	10960824	11079426	1400	1526	10989317	10989443
ENSG00000127616	ENSG00000127616.23	ENST00000429416	ENST00000429416.8	10991150	10991323	1246	1419	ENSE00003607688	9	10961001	11062256					10961001	10960824	11079426	1527	1700	10991150	10991323
ENSG00000127616	ENSG00000127616.23	ENST00000429416	ENST00000429416.8	10994828	10995001	1420	1593	ENSE00003546739	10	10961001	11062256					10961001	10960824	11079426	1701	1874	10994828	10995001
ENSG00000127616	ENSG00000127616.23	ENST00000429416	ENST00000429416.8	10996213	10996380	1594	1761	ENSE00003527768	11	10961001	11062256					10961001	10960824	11079426	1875	2042	10996213	10996380
ENSG00000127616	ENSG00000127616.23	ENST00000429416	ENST00000429416.8	10996494	10996544	1762	1812	ENSE00003667937	12	10961001	11062256					10961001	10960824	11079426	2043	2093	10996494	10996544
ENSG00000127616	ENSG00000127616.23	ENST00000429416	ENST00000429416.8	11003029	11003159	1813	1943	ENSE00003667107	13	10961001	11062256					10961001	10960824	11079426	2094	2224	11003029	11003159
ENSG00000127616	ENSG00000127616.23	ENST00000429416	ENST00000429416.8	11003340	11003397	1944	2001	ENSE00003539754	14	10961001	11062256					10961001	10960824	11079426	2225	2282	11003340	11003397
ENSG00000127616	ENSG00000127616.23	ENST00000429416	ENST00000429416.8	11007902	11008023	2002	2123	ENSE00003581372	15	10961001	11062256					10961001	10960824	11079426	2283	2404	11007902	11008023
ENSG00000127616	ENSG00000127616.23	ENST00000429416	ENST00000429416.8	11010381	11010531	2124	2274	ENSE00003530860	16	10961001	11062256					10961001	10960824	11079426	2405	2555	11010381	11010531
ENSG00000127616	ENSG00000127616.23	ENST00000429416	ENST00000429416.8	11012949	11013112	2275	2438	ENSE00003654082	17	10961001	11062256					10961001	10960824	11079426	2556	2719	11012949	11013112
ENSG00000127616	ENSG00000127616.23	ENST00000429416	ENST00000429416.8	11018957	11019023	2439	2505	ENSE00003474879	18	10961001	11062256					10961001	10960824	11079426	2720	2786	11018957	11019023
ENSG00000127616	ENSG00000127616.23	ENST00000429416	ENST00000429416.8	11019591	11019701	2506	2616	ENSE00003477043	19	10961001	11062256					10961001	10960824	11079426	2787	2897	11019591	11019701
ENSG00000127616	ENSG00000127616.23	ENST00000429416	ENST00000429416.8	11021725	11021967	2617	2859	ENSE00003540089	20	10961001	11062256					10961001	10960824	11079426	2898	3140	11021725	11021967
ENSG00000127616	ENSG00000127616.23	ENST00000429416	ENST00000429416.8	11023518	11023631	2860	2973	ENSE00003484961	21	10961001	11062256					10961001	10960824	11079426	3141	3254	11023518	11023631
ENSG00000127616	ENSG00000127616.23	ENST00000429416	ENST00000429416.8	11024331	11024438	2974	3081	ENSE00003553172	22	10961001	11062256					10961001	10960824	11079426	3255	3362	11024331	11024438
ENSG00000127616	ENSG00000127616.23	ENST00000429416	ENST00000429416.8	11025422	11025508	3082	3168	ENSE00003692983	23	10961001	11062256					10961001	10960824	11079426	3363	3449	11025422	11025508
ENSG00000127616	ENSG00000127616.23	ENST00000429416	ENST00000429416.8	11026300	11026346	3169	3215	ENSE00003604518	24	10961001	11062256					10961001	10960824	11079426	3450	3496	11026300	11026346
ENSG00000127616	ENSG00000127616.23	ENST00000429416	ENST00000429416.8	11027784	11027950	3216	3382	ENSE00003459233	25	10961001	11062256					10961001	10960824	11079426	3497	3663	11027784	11027950
ENSG00000127616	ENSG00000127616.23	ENST00000429416	ENST00000429416.8	11030730	11030893	3383	3546	ENSE00003676000	26	10961001	11062256					10961001	10960824	11079426	3664	3827	11030730	11030893
ENSG00000127616	ENSG00000127616.23	ENST00000429416	ENST00000429416.8	11033290	11033517	3547	3774	ENSE00003655405	27	10961001	11062256					10961001	10960824	11079426	3828	4055	11033290	11033517
ENSG00000127616	ENSG00000127616.23	ENST00000429416	ENST00000429416.8	11034123	11034200	3874	3951	ENSE00003703701	29	10961001	11062256					10961001	10960824	11079426	4155	4232	11034123	11034200
ENSG00000127616	ENSG00000127616.23	ENST00000429416	ENST00000429416.8	11034914	11035132	3952	4170	ENSE00003708931	30	10961001	11062256					10961001	10960824	11079426	4233	4451	11034914	11035132
ENSG00000127616	ENSG00000127616.23	ENST00000429416	ENST00000429416.8	11058255	11058363	4425	4533	ENSE00003468652	32	10961001	11062256					10961001	10960824	11079426	4706	4814	11058255	11058363
ENSG00000127616	ENSG00000127616.23	ENST00000429416	ENST00000429416.8	11058788	11058889	4534	4635	ENSE00003687872	33	10961001	11062256					10961001	10960824	11079426	4815	4916	11058788	11058889
ENSG00000127616	ENSG00000127616.23	ENST00000429416	ENST00000429416.8	11059753	11059885	4636	4768	ENSE00003582123	34	10961001	11062256					10961001	10960824	11079426	4917	5049	11059753	11059885
ENSG00000127616	ENSG00000127616.23	ENST00000429416	ENST00000429416.8	11060045	11060187	4769	4911	ENSE00003694052	35	10961001	11062256					10961001	10960824	11079426	5050	5192	11060045	11060187
ENSG00000127616	ENSG00000127616.23	ENST00000429416	ENST00000429416.8	11041307	11041560	4171	4424	ENSE00003547338	31	10961001	11062256					10961001	10960824	11079426	4452	4705	11041307	11041560
ENSG00000127616	ENSG00000127616.23	ENST00000429416	ENST00000429416.8	10984121	10984373	1	222	ENSE00000874191	3	10961001	11062256	10984121	10984151			10961001	10960824	11079426	282	503	10984152	10984373
ENSG00000127616	ENSG00000127616.23	ENST00000429416	ENST00000429416.8	11033767	11033865	3775	3873	ENSE00004014467	28	10961001	11062256					10961001	10960824	11079426	4056	4154	11033767	11033865
ENSG00000127616	ENSG00000127616.23	ENST00000429416	ENST00000429416.8	10980777	10980852			ENSE00001670830	2	10961001	11062256	10980777	10980852			10961001	10960824	11079426				
ENSG00000127616	ENSG00000127616.23	ENST00000429416	ENST00000429416.8	10961001	10961174			ENSE00002230732	1	10961001	11062256	10961001	10961174			10961001	10960824	11079426				
ENSG00000127616	ENSG00000127616.23	ENST00000429416	ENST00000429416.8	11061784	11062256	4912	4944	ENSE00003823261	36	10961001	11062256			11061817	11062256	10961001	10960824	11079426	5193	5225	11061784	11061816
ENSG00000127616	ENSG00000127616.23	ENST00000644760	ENST00000644760.1	10984124	10984373	1	222	ENSE00002858683	3	10961010	10986304	10984124	10984151			10961010	10960824	11079426	270	491	10984152	10984373
ENSG00000127616	ENSG00000127616.23	ENST00000644760	ENST00000644760.1	10985273	10985405	223	355	ENSE00003618181	4	10961010	10986304					10961010	10960824	11079426	492	624	10985273	10985405
ENSG00000127616	ENSG00000127616.23	ENST00000644760	ENST00000644760.1	10980777	10980852			ENSE00001670830	2	10961010	10986304	10980777	10980852			10961010	10960824	11079426				
ENSG00000127616	ENSG00000127616.23	ENST00000644760	ENST00000644760.1	10961010	10961174			ENSE00003825090	1	10961010	10986304	10961010	10961174			10961010	10960824	11079426				
ENSG00000127616	ENSG00000127616.23	ENST00000644760	ENST00000644760.1	10986189	10986304	356	471	ENSE00003819910	5	10961010	10986304					10961010	10960824	11079426	625	740	10986189	10986304
ENSG00000127616	ENSG00000127616.23	ENST00000344626	ENST00000344626.10	10985273	10985405	223	355	ENSE00003618181	3	10961030	11062273					10961030	10960824	11079426	399	531	10985273	10985405
ENSG00000127616	ENSG00000127616.23	ENST00000344626	ENST00000344626.10	10986189	10986593	356	760	ENSE00003525604	4	10961030	11062273					10961030	10960824	11079426	532	936	10986189	10986593
ENSG00000127616	ENSG00000127616.23	ENST00000344626	ENST00000344626.10	10986905	10987003	761	859	ENSE00003604554	5	10961030	11062273					10961030	10960824	11079426	937	1035	10986905	10987003
ENSG00000127616	ENSG00000127616.23	ENST00000344626	ENST00000344626.10	10987666	10987924	860	1118	ENSE00003531833	6	10961030	11062273					10961030	10960824	11079426	1036	1294	10987666	10987924
ENSG00000127616	ENSG00000127616.23	ENST00000344626	ENST00000344626.10	10989317	10989443	1119	1245	ENSE00003670957	7	10961030	11062273					10961030	10960824	11079426	1295	1421	10989317	10989443
ENSG00000127616	ENSG00000127616.23	ENST00000344626	ENST00000344626.10	10991150	10991323	1246	1419	ENSE00003607688	8	10961030	11062273					10961030	10960824	11079426	1422	1595	10991150	10991323
ENSG00000127616	ENSG00000127616.23	ENST00000344626	ENST00000344626.10	10994828	10995001	1420	1593	ENSE00003546739	9	10961030	11062273					10961030	10960824	11079426	1596	1769	10994828	10995001
ENSG00000127616	ENSG00000127616.23	ENST00000344626	ENST00000344626.10	10996213	10996380	1594	1761	ENSE00003527768	10	10961030	11062273					10961030	10960824	11079426	1770	1937	10996213	10996380
ENSG00000127616	ENSG00000127616.23	ENST00000344626	ENST00000344626.10	10996494	10996544	1762	1812	ENSE00003667937	11	10961030	11062273					10961030	10960824	11079426	1938	1988	10996494	10996544
ENSG00000127616	ENSG00000127616.23	ENST00000344626	ENST00000344626.10	11003029	11003159	1813	1943	ENSE00003667107	12	10961030	11062273					10961030	10960824	11079426	1989	2119	11003029	11003159
ENSG00000127616	ENSG00000127616.23	ENST00000344626	ENST00000344626.10	11003340	11003397	1944	2001	ENSE00003539754	13	10961030	11062273					10961030	10960824	11079426	2120	2177	11003340	11003397
ENSG00000127616	ENSG00000127616.23	ENST00000344626	ENST00000344626.10	11007902	11008023	2002	2123	ENSE00003581372	14	10961030	11062273					10961030	10960824	11079426	2178	2299	11007902	11008023
ENSG00000127616	ENSG00000127616.23	ENST00000344626	ENST00000344626.10	11010381	11010531	2124	2274	ENSE00003530860	15	10961030	11062273					10961030	10960824	11079426	2300	2450	11010381	11010531
ENSG00000127616	ENSG00000127616.23	ENST00000344626	ENST00000344626.10	11012949	11013112	2275	2438	ENSE00003654082	16	10961030	11062273					10961030	10960824	11079426	2451	2614	11012949	11013112
ENSG00000127616	ENSG00000127616.23	ENST00000344626	ENST00000344626.10	11018957	11019023	2439	2505	ENSE00003474879	17	10961030	11062273					10961030	10960824	11079426	2615	2681	11018957	11019023
ENSG00000127616	ENSG00000127616.23	ENST00000344626	ENST00000344626.10	11019591	11019701	2506	2616	ENSE00003477043	18	10961030	11062273					10961030	10960824	11079426	2682	2792	11019591	11019701
ENSG00000127616	ENSG00000127616.23	ENST00000344626	ENST00000344626.10	11021725	11021967	2617	2859	ENSE00003540089	19	10961030	11062273					10961030	10960824	11079426	2793	3035	11021725	11021967
ENSG00000127616	ENSG00000127616.23	ENST00000344626	ENST00000344626.10	11023518	11023631	2860	2973	ENSE00003484961	20	10961030	11062273					10961030	10960824	11079426	3036	3149	11023518	11023631
ENSG00000127616	ENSG00000127616.23	ENST00000344626	ENST00000344626.10	11024331	11024438	2974	3081	ENSE00003553172	21	10961030	11062273					10961030	10960824	11079426	3150	3257	11024331	11024438
ENSG00000127616	ENSG00000127616.23	ENST00000344626	ENST00000344626.10	11025422	11025508	3082	3168	ENSE00003692983	22	10961030	11062273					10961030	10960824	11079426	3258	3344	11025422	11025508
ENSG00000127616	ENSG00000127616.23	ENST00000344626	ENST00000344626.10	11026300	11026346	3169	3215	ENSE00003604518	23	10961030	11062273					10961030	10960824	11079426	3345	3391	11026300	11026346
ENSG00000127616	ENSG00000127616.23	ENST00000344626	ENST00000344626.10	11027784	11027950	3216	3382	ENSE00003459233	24	10961030	11062273					10961030	10960824	11079426	3392	3558	11027784	11027950
ENSG00000127616	ENSG00000127616.23	ENST00000344626	ENST00000344626.10	11030730	11030893	3383	3546	ENSE00003676000	25	10961030	11062273					10961030	10960824	11079426	3559	3722	11030730	11030893
ENSG00000127616	ENSG00000127616.23	ENST00000344626	ENST00000344626.10	11033290	11033517	3547	3774	ENSE00003655405	26	10961030	11062273					10961030	10960824	11079426	3723	3950	11033290	11033517
ENSG00000127616	ENSG00000127616.23	ENST00000344626	ENST00000344626.10	11034123	11034200	3874	3951	ENSE00003703701	28	10961030	11062273					10961030	10960824	11079426	4050	4127	11034123	11034200
ENSG00000127616	ENSG00000127616.23	ENST00000344626	ENST00000344626.10	11034914	11035132	3952	4170	ENSE00003708931	29	10961030	11062273					10961030	10960824	11079426	4128	4346	11034914	11035132
ENSG00000127616	ENSG00000127616.23	ENST00000344626	ENST00000344626.10	11058255	11058363	4425	4533	ENSE00003468652	31	10961030	11062273					10961030	10960824	11079426	4601	4709	11058255	11058363
ENSG00000127616	ENSG00000127616.23	ENST00000344626	ENST00000344626.10	11058788	11058889	4534	4635	ENSE00003687872	32	10961030	11062273					10961030	10960824	11079426	4710	4811	11058788	11058889
ENSG00000127616	ENSG00000127616.23	ENST00000344626	ENST00000344626.10	11059753	11059885	4636	4768	ENSE00003582123	33	10961030	11062273					10961030	10960824	11079426	4812	4944	11059753	11059885
ENSG00000127616	ENSG00000127616.23	ENST00000344626	ENST00000344626.10	11060045	11060187	4769	4911	ENSE00003694052	34	10961030	11062273					10961030	10960824	11079426	4945	5087	11060045	11060187
ENSG00000127616	ENSG00000127616.23	ENST00000344626	ENST00000344626.10	11041307	11041560	4171	4424	ENSE00003547338	30	10961030	11062273					10961030	10960824	11079426	4347	4600	11041307	11041560
ENSG00000127616	ENSG00000127616.23	ENST00000344626	ENST00000344626.10	10984121	10984373	1	222	ENSE00000874191	2	10961030	11062273	10984121	10984151			10961030	10960824	11079426	177	398	10984152	10984373
ENSG00000127616	ENSG00000127616.23	ENST00000344626	ENST00000344626.10	11033767	11033865	3775	3873	ENSE00004014467	27	10961030	11062273					10961030	10960824	11079426	3951	4049	11033767	11033865
ENSG00000127616	ENSG00000127616.23	ENST00000344626	ENST00000344626.10	11061784	11062273	4912	4944	ENSE00004014465	35	10961030	11062273			11061817	11062273	10961030	10960824	11079426	5088	5120	11061784	11061816
ENSG00000127616	ENSG00000127616.23	ENST00000344626	ENST00000344626.10	10961030	10961174			ENSE00003824516	1	10961030	11062273	10961030	10961174			10961030	10960824	11079426				
ENSG00000127616	ENSG00000127616.23	ENST00000646693	ENST00000646693.2	10984124	10984373	1	222	ENSE00002858683	2	10961030	11062273	10984124	10984151			10961030	10960824	11079426	174	395	10984152	10984373
ENSG00000127616	ENSG00000127616.23	ENST00000646693	ENST00000646693.2	10985273	10985405	223	355	ENSE00003618181	3	10961030	11062273					10961030	10960824	11079426	396	528	10985273	10985405
ENSG00000127616	ENSG00000127616.23	ENST00000646693	ENST00000646693.2	10986189	10986593	356	760	ENSE00003525604	4	10961030	11062273					10961030	10960824	11079426	529	933	10986189	10986593
ENSG00000127616	ENSG00000127616.23	ENST00000646693	ENST00000646693.2	10986905	10987003	761	859	ENSE00003604554	5	10961030	11062273					10961030	10960824	11079426	934	1032	10986905	10987003
ENSG00000127616	ENSG00000127616.23	ENST00000646693	ENST00000646693.2	10987666	10987924	860	1118	ENSE00003531833	6	10961030	11062273					10961030	10960824	11079426	1033	1291	10987666	10987924
ENSG00000127616	ENSG00000127616.23	ENST00000646693	ENST00000646693.2	10989317	10989443	1119	1245	ENSE00003670957	7	10961030	11062273					10961030	10960824	11079426	1292	1418	10989317	10989443
ENSG00000127616	ENSG00000127616.23	ENST00000646693	ENST00000646693.2	10991150	10991323	1246	1419	ENSE00003607688	8	10961030	11062273					10961030	10960824	11079426	1419	1592	10991150	10991323
ENSG00000127616	ENSG00000127616.23	ENST00000646693	ENST00000646693.2	10994828	10995001	1420	1593	ENSE00003546739	9	10961030	11062273					10961030	10960824	11079426	1593	1766	10994828	10995001
ENSG00000127616	ENSG00000127616.23	ENST00000646693	ENST00000646693.2	10996213	10996380	1594	1761	ENSE00003527768	10	10961030	11062273					10961030	10960824	11079426	1767	1934	10996213	10996380
ENSG00000127616	ENSG00000127616.23	ENST00000646693	ENST00000646693.2	10996494	10996544	1762	1812	ENSE00003667937	11	10961030	11062273					10961030	10960824	11079426	1935	1985	10996494	10996544
ENSG00000127616	ENSG00000127616.23	ENST00000646693	ENST00000646693.2	11003029	11003159	1813	1943	ENSE00003667107	12	10961030	11062273					10961030	10960824	11079426	1986	2116	11003029	11003159
ENSG00000127616	ENSG00000127616.23	ENST00000646693	ENST00000646693.2	11003340	11003397	1944	2001	ENSE00003539754	13	10961030	11062273					10961030	10960824	11079426	2117	2174	11003340	11003397
ENSG00000127616	ENSG00000127616.23	ENST00000646693	ENST00000646693.2	11007902	11008023	2002	2123	ENSE00003581372	14	10961030	11062273					10961030	10960824	11079426	2175	2296	11007902	11008023
ENSG00000127616	ENSG00000127616.23	ENST00000646693	ENST00000646693.2	11010381	11010531	2124	2274	ENSE00003530860	15	10961030	11062273					10961030	10960824	11079426	2297	2447	11010381	11010531
ENSG00000127616	ENSG00000127616.23	ENST00000646693	ENST00000646693.2	11012949	11013112	2275	2438	ENSE00003654082	16	10961030	11062273					10961030	10960824	11079426	2448	2611	11012949	11013112
ENSG00000127616	ENSG00000127616.23	ENST00000646693	ENST00000646693.2	11018957	11019023	2439	2505	ENSE00003474879	17	10961030	11062273					10961030	10960824	11079426	2612	2678	11018957	11019023
ENSG00000127616	ENSG00000127616.23	ENST00000646693	ENST00000646693.2	11019591	11019701	2506	2616	ENSE00003477043	18	10961030	11062273					10961030	10960824	11079426	2679	2789	11019591	11019701
ENSG00000127616	ENSG00000127616.23	ENST00000646693	ENST00000646693.2	11021725	11021967	2617	2859	ENSE00003540089	19	10961030	11062273					10961030	10960824	11079426	2790	3032	11021725	11021967
ENSG00000127616	ENSG00000127616.23	ENST00000646693	ENST00000646693.2	11023518	11023631	2860	2973	ENSE00003484961	20	10961030	11062273					10961030	10960824	11079426	3033	3146	11023518	11023631
ENSG00000127616	ENSG00000127616.23	ENST00000646693	ENST00000646693.2	11024331	11024438	2974	3081	ENSE00003553172	21	10961030	11062273					10961030	10960824	11079426	3147	3254	11024331	11024438
ENSG00000127616	ENSG00000127616.23	ENST00000646693	ENST00000646693.2	11025422	11025508	3082	3168	ENSE00003692983	22	10961030	11062273					10961030	10960824	11079426	3255	3341	11025422	11025508
ENSG00000127616	ENSG00000127616.23	ENST00000646693	ENST00000646693.2	11026300	11026346	3169	3215	ENSE00003604518	23	10961030	11062273					10961030	10960824	11079426	3342	3388	11026300	11026346
ENSG00000127616	ENSG00000127616.23	ENST00000646693	ENST00000646693.2	11027784	11027950	3216	3382	ENSE00003459233	24	10961030	11062273					10961030	10960824	11079426	3389	3555	11027784	11027950
ENSG00000127616	ENSG00000127616.23	ENST00000646693	ENST00000646693.2	11030730	11030893	3383	3546	ENSE00003676000	25	10961030	11062273					10961030	10960824	11079426	3556	3719	11030730	11030893
ENSG00000127616	ENSG00000127616.23	ENST00000646693	ENST00000646693.2	11033290	11033517	3547	3774	ENSE00003655405	26	10961030	11062273					10961030	10960824	11079426	3720	3947	11033290	11033517
ENSG00000127616	ENSG00000127616.23	ENST00000646693	ENST00000646693.2	11034123	11034200	3874	3951	ENSE00003703701	28	10961030	11062273					10961030	10960824	11079426	4047	4124	11034123	11034200
ENSG00000127616	ENSG00000127616.23	ENST00000646693	ENST00000646693.2	11034914	11035132	3952	4170	ENSE00003708931	29	10961030	11062273					10961030	10960824	11079426	4125	4343	11034914	11035132
ENSG00000127616	ENSG00000127616.23	ENST00000646693	ENST00000646693.2	11039458	11039553	4171	4266	ENSE00003707782	30	10961030	11062273					10961030	10960824	11079426	4344	4439	11039458	11039553
ENSG00000127616	ENSG00000127616.23	ENST00000646693	ENST00000646693.2	11058255	11058363	4521	4629	ENSE00003468652	32	10961030	11062273					10961030	10960824	11079426	4694	4802	11058255	11058363
ENSG00000127616	ENSG00000127616.23	ENST00000646693	ENST00000646693.2	11058788	11058889	4630	4731	ENSE00003687872	33	10961030	11062273					10961030	10960824	11079426	4803	4904	11058788	11058889
ENSG00000127616	ENSG00000127616.23	ENST00000646693	ENST00000646693.2	11059753	11059885	4732	4864	ENSE00003582123	34	10961030	11062273					10961030	10960824	11079426	4905	5037	11059753	11059885
ENSG00000127616	ENSG00000127616.23	ENST00000646693	ENST00000646693.2	11060045	11060187	4865	5007	ENSE00003694052	35	10961030	11062273					10961030	10960824	11079426	5038	5180	11060045	11060187
ENSG00000127616	ENSG00000127616.23	ENST00000646693	ENST00000646693.2	11041307	11041560	4267	4520	ENSE00003547338	31	10961030	11062273					10961030	10960824	11079426	4440	4693	11041307	11041560
ENSG00000127616	ENSG00000127616.23	ENST00000646693	ENST00000646693.2	11033767	11033865	3775	3873	ENSE00004014467	27	10961030	11062273					10961030	10960824	11079426	3948	4046	11033767	11033865
ENSG00000127616	ENSG00000127616.23	ENST00000646693	ENST00000646693.2	11061784	11062273	5008	5040	ENSE00004014465	36	10961030	11062273			11061817	11062273	10961030	10960824	11079426	5181	5213	11061784	11061816
ENSG00000127616	ENSG00000127616.23	ENST00000646693	ENST00000646693.2	10961030	10961174			ENSE00003824516	1	10961030	11062273	10961030	10961174			10961030	10960824	11079426				
ENSG00000127616	ENSG00000127616.23	ENST00000645460	ENST00000645460.1	10984124	10984373	1	222	ENSE00002858683	2	10961043	11062271	10984124	10984151			10961043	10960824	11079426	161	382	10984152	10984373
ENSG00000127616	ENSG00000127616.23	ENST00000645460	ENST00000645460.1	10985273	10985405	223	355	ENSE00003618181	3	10961043	11062271					10961043	10960824	11079426	383	515	10985273	10985405
ENSG00000127616	ENSG00000127616.23	ENST00000645460	ENST00000645460.1	10986189	10986593	356	760	ENSE00003525604	4	10961043	11062271					10961043	10960824	11079426	516	920	10986189	10986593
ENSG00000127616	ENSG00000127616.23	ENST00000645460	ENST00000645460.1	10986905	10987003	761	859	ENSE00003604554	5	10961043	11062271					10961043	10960824	11079426	921	1019	10986905	10987003
ENSG00000127616	ENSG00000127616.23	ENST00000645460	ENST00000645460.1	10987666	10987924	860	1118	ENSE00003531833	6	10961043	11062271					10961043	10960824	11079426	1020	1278	10987666	10987924
ENSG00000127616	ENSG00000127616.23	ENST00000645460	ENST00000645460.1	10989317	10989443	1119	1245	ENSE00003670957	7	10961043	11062271					10961043	10960824	11079426	1279	1405	10989317	10989443
ENSG00000127616	ENSG00000127616.23	ENST00000645460	ENST00000645460.1	10991150	10991323	1246	1419	ENSE00003607688	8	10961043	11062271					10961043	10960824	11079426	1406	1579	10991150	10991323
ENSG00000127616	ENSG00000127616.23	ENST00000645460	ENST00000645460.1	10994828	10995001	1420	1593	ENSE00003546739	9	10961043	11062271					10961043	10960824	11079426	1580	1753	10994828	10995001
ENSG00000127616	ENSG00000127616.23	ENST00000645460	ENST00000645460.1	10996213	10996380	1594	1761	ENSE00003527768	10	10961043	11062271					10961043	10960824	11079426	1754	1921	10996213	10996380
ENSG00000127616	ENSG00000127616.23	ENST00000645460	ENST00000645460.1	10996494	10996544	1762	1812	ENSE00003667937	11	10961043	11062271					10961043	10960824	11079426	1922	1972	10996494	10996544
ENSG00000127616	ENSG00000127616.23	ENST00000645460	ENST00000645460.1	11003029	11003159	1813	1943	ENSE00003667107	12	10961043	11062271					10961043	10960824	11079426	1973	2103	11003029	11003159
ENSG00000127616	ENSG00000127616.23	ENST00000645460	ENST00000645460.1	11003340	11003397	1944	2001	ENSE00003539754	13	10961043	11062271					10961043	10960824	11079426	2104	2161	11003340	11003397
ENSG00000127616	ENSG00000127616.23	ENST00000645460	ENST00000645460.1	11007902	11008023	2002	2123	ENSE00003581372	14	10961043	11062271					10961043	10960824	11079426	2162	2283	11007902	11008023
ENSG00000127616	ENSG00000127616.23	ENST00000645460	ENST00000645460.1	11010381	11010531	2124	2274	ENSE00003530860	15	10961043	11062271					10961043	10960824	11079426	2284	2434	11010381	11010531
ENSG00000127616	ENSG00000127616.23	ENST00000645460	ENST00000645460.1	11012949	11013112	2275	2438	ENSE00003654082	16	10961043	11062271					10961043	10960824	11079426	2435	2598	11012949	11013112
ENSG00000127616	ENSG00000127616.23	ENST00000645460	ENST00000645460.1	11018957	11019023	2439	2505	ENSE00003474879	17	10961043	11062271					10961043	10960824	11079426	2599	2665	11018957	11019023
ENSG00000127616	ENSG00000127616.23	ENST00000645460	ENST00000645460.1	11019591	11019701	2506	2616	ENSE00003477043	18	10961043	11062271					10961043	10960824	11079426	2666	2776	11019591	11019701
ENSG00000127616	ENSG00000127616.23	ENST00000645460	ENST00000645460.1	11021725	11021967	2617	2859	ENSE00003540089	19	10961043	11062271					10961043	10960824	11079426	2777	3019	11021725	11021967
ENSG00000127616	ENSG00000127616.23	ENST00000645460	ENST00000645460.1	11023518	11023631	2860	2973	ENSE00003484961	20	10961043	11062271					10961043	10960824	11079426	3020	3133	11023518	11023631
ENSG00000127616	ENSG00000127616.23	ENST00000645460	ENST00000645460.1	11024331	11024438	2974	3081	ENSE00003553172	21	10961043	11062271					10961043	10960824	11079426	3134	3241	11024331	11024438
ENSG00000127616	ENSG00000127616.23	ENST00000645460	ENST00000645460.1	11025422	11025508	3082	3168	ENSE00003692983	22	10961043	11062271					10961043	10960824	11079426	3242	3328	11025422	11025508
ENSG00000127616	ENSG00000127616.23	ENST00000645460	ENST00000645460.1	11026300	11026346	3169	3215	ENSE00003604518	23	10961043	11062271					10961043	10960824	11079426	3329	3375	11026300	11026346
ENSG00000127616	ENSG00000127616.23	ENST00000645460	ENST00000645460.1	11027784	11027950	3216	3382	ENSE00003459233	24	10961043	11062271					10961043	10960824	11079426	3376	3542	11027784	11027950
ENSG00000127616	ENSG00000127616.23	ENST00000645460	ENST00000645460.1	11030730	11030893	3383	3546	ENSE00003676000	25	10961043	11062271					10961043	10960824	11079426	3543	3706	11030730	11030893
ENSG00000127616	ENSG00000127616.23	ENST00000645460	ENST00000645460.1	11033290	11033517	3547	3774	ENSE00003655405	26	10961043	11062271					10961043	10960824	11079426	3707	3934	11033290	11033517
ENSG00000127616	ENSG00000127616.23	ENST00000645460	ENST00000645460.1	11034123	11034200	3775	3852	ENSE00003703701	27	10961043	11062271					10961043	10960824	11079426	3935	4012	11034123	11034200
ENSG00000127616	ENSG00000127616.23	ENST00000645460	ENST00000645460.1	11034914	11035132	3853	4071	ENSE00003708931	28	10961043	11062271					10961043	10960824	11079426	4013	4231	11034914	11035132
ENSG00000127616	ENSG00000127616.23	ENST00000645460	ENST00000645460.1	11058788	11058889	4432	4533	ENSE00003687872	31	10961043	11062271					10961043	10960824	11079426	4592	4693	11058788	11058889
ENSG00000127616	ENSG00000127616.23	ENST00000645460	ENST00000645460.1	11059753	11059885	4534	4666	ENSE00003582123	32	10961043	11062271					10961043	10960824	11079426	4694	4826	11059753	11059885
ENSG00000127616	ENSG00000127616.23	ENST00000645460	ENST00000645460.1	11060045	11060187	4667	4809	ENSE00003694052	33	10961043	11062271					10961043	10960824	11079426	4827	4969	11060045	11060187
ENSG00000127616	ENSG00000127616.23	ENST00000645460	ENST00000645460.1	11041307	11041560	4072	4325	ENSE00003547338	29	10961043	11062271					10961043	10960824	11079426	4232	4485	11041307	11041560
ENSG00000127616	ENSG00000127616.23	ENST00000645460	ENST00000645460.1	10961043	10961174			ENSE00003826784	1	10961043	11062271	10961043	10961174			10961043	10960824	11079426				
ENSG00000127616	ENSG00000127616.23	ENST00000645460	ENST00000645460.1	11058258	11058363	4326	4431	ENSE00001653058	30	10961043	11062271					10961043	10960824	11079426	4486	4591	11058258	11058363
ENSG00000127616	ENSG00000127616.23	ENST00000645460	ENST00000645460.1	11061784	11062271	4810	4842	ENSE00003821923	34	10961043	11062271			11061817	11062271	10961043	10960824	11079426	4970	5002	11061784	11061816
ENSG00000127616	ENSG00000127616.23	ENST00000704344	ENST00000704344.1	10984124	10984373	1	222	ENSE00002858683	2	10961057	11062066	10984124	10984151			10961057	10960824	11079426	147	368	10984152	10984373
ENSG00000127616	ENSG00000127616.23	ENST00000704344	ENST00000704344.1	10985273	10985405	223	355	ENSE00003618181	3	10961057	11062066					10961057	10960824	11079426	369	501	10985273	10985405
ENSG00000127616	ENSG00000127616.23	ENST00000704344	ENST00000704344.1	10986189	10986593	356	760	ENSE00003525604	4	10961057	11062066					10961057	10960824	11079426	502	906	10986189	10986593
ENSG00000127616	ENSG00000127616.23	ENST00000704344	ENST00000704344.1	10986905	10987003	761	859	ENSE00003604554	5	10961057	11062066					10961057	10960824	11079426	907	1005	10986905	10987003
ENSG00000127616	ENSG00000127616.23	ENST00000704344	ENST00000704344.1	10987666	10987924	860	1118	ENSE00003531833	6	10961057	11062066					10961057	10960824	11079426	1006	1264	10987666	10987924
ENSG00000127616	ENSG00000127616.23	ENST00000704344	ENST00000704344.1	10989317	10989443	1119	1245	ENSE00003670957	7	10961057	11062066					10961057	10960824	11079426	1265	1391	10989317	10989443
ENSG00000127616	ENSG00000127616.23	ENST00000704344	ENST00000704344.1	10991150	10991323	1246	1419	ENSE00003607688	8	10961057	11062066					10961057	10960824	11079426	1392	1565	10991150	10991323
ENSG00000127616	ENSG00000127616.23	ENST00000704344	ENST00000704344.1	10994828	10995001	1420	1593	ENSE00003546739	9	10961057	11062066					10961057	10960824	11079426	1566	1739	10994828	10995001
ENSG00000127616	ENSG00000127616.23	ENST00000704344	ENST00000704344.1	10996213	10996380	1594	1761	ENSE00003527768	10	10961057	11062066					10961057	10960824	11079426	1740	1907	10996213	10996380
ENSG00000127616	ENSG00000127616.23	ENST00000704344	ENST00000704344.1	10996494	10996544	1762	1812	ENSE00003667937	11	10961057	11062066					10961057	10960824	11079426	1908	1958	10996494	10996544
ENSG00000127616	ENSG00000127616.23	ENST00000704344	ENST00000704344.1	11003029	11003159	1813	1943	ENSE00003667107	12	10961057	11062066					10961057	10960824	11079426	1959	2089	11003029	11003159
ENSG00000127616	ENSG00000127616.23	ENST00000704344	ENST00000704344.1	11003340	11003397	1944	2001	ENSE00003539754	13	10961057	11062066					10961057	10960824	11079426	2090	2147	11003340	11003397
ENSG00000127616	ENSG00000127616.23	ENST00000704344	ENST00000704344.1	11007902	11008023	2002	2123	ENSE00003581372	14	10961057	11062066					10961057	10960824	11079426	2148	2269	11007902	11008023
ENSG00000127616	ENSG00000127616.23	ENST00000704344	ENST00000704344.1	11010381	11010531	2124	2274	ENSE00003530860	15	10961057	11062066					10961057	10960824	11079426	2270	2420	11010381	11010531
ENSG00000127616	ENSG00000127616.23	ENST00000704344	ENST00000704344.1	11012949	11013112	2275	2438	ENSE00003654082	16	10961057	11062066					10961057	10960824	11079426	2421	2584	11012949	11013112
ENSG00000127616	ENSG00000127616.23	ENST00000704344	ENST00000704344.1	11018957	11019023	2439	2505	ENSE00003474879	17	10961057	11062066					10961057	10960824	11079426	2585	2651	11018957	11019023
ENSG00000127616	ENSG00000127616.23	ENST00000704344	ENST00000704344.1	11019591	11019701	2506	2616	ENSE00003477043	18	10961057	11062066					10961057	10960824	11079426	2652	2762	11019591	11019701
ENSG00000127616	ENSG00000127616.23	ENST00000704344	ENST00000704344.1	11021725	11021967	2617	2859	ENSE00003540089	19	10961057	11062066					10961057	10960824	11079426	2763	3005	11021725	11021967
ENSG00000127616	ENSG00000127616.23	ENST00000704344	ENST00000704344.1	11023518	11023631	2860	2973	ENSE00003484961	20	10961057	11062066					10961057	10960824	11079426	3006	3119	11023518	11023631
ENSG00000127616	ENSG00000127616.23	ENST00000704344	ENST00000704344.1	11024331	11024438	2974	3081	ENSE00003553172	21	10961057	11062066					10961057	10960824	11079426	3120	3227	11024331	11024438
ENSG00000127616	ENSG00000127616.23	ENST00000704344	ENST00000704344.1	11025422	11025508	3082	3168	ENSE00003692983	22	10961057	11062066					10961057	10960824	11079426	3228	3314	11025422	11025508
ENSG00000127616	ENSG00000127616.23	ENST00000704344	ENST00000704344.1	11026300	11026346	3169	3215	ENSE00003604518	23	10961057	11062066					10961057	10960824	11079426	3315	3361	11026300	11026346
ENSG00000127616	ENSG00000127616.23	ENST00000704344	ENST00000704344.1	11027784	11027950	3216	3382	ENSE00003459233	24	10961057	11062066					10961057	10960824	11079426	3362	3528	11027784	11027950
ENSG00000127616	ENSG00000127616.23	ENST00000704344	ENST00000704344.1	11030730	11030893	3383	3546	ENSE00003676000	25	10961057	11062066					10961057	10960824	11079426	3529	3692	11030730	11030893
ENSG00000127616	ENSG00000127616.23	ENST00000704344	ENST00000704344.1	11033290	11033517	3547	3774	ENSE00003655405	26	10961057	11062066					10961057	10960824	11079426	3693	3920	11033290	11033517
ENSG00000127616	ENSG00000127616.23	ENST00000704344	ENST00000704344.1	11034123	11034200	3874	3951	ENSE00003703701	28	10961057	11062066					10961057	10960824	11079426	4020	4097	11034123	11034200
ENSG00000127616	ENSG00000127616.23	ENST00000704344	ENST00000704344.1	11034914	11035132	3952	4170	ENSE00003708931	29	10961057	11062066					10961057	10960824	11079426	4098	4316	11034914	11035132
ENSG00000127616	ENSG00000127616.23	ENST00000704344	ENST00000704344.1	11058255	11058363	4425	4533	ENSE00003468652	31	10961057	11062066					10961057	10960824	11079426	4571	4679	11058255	11058363
ENSG00000127616	ENSG00000127616.23	ENST00000704344	ENST00000704344.1	11041307	11041560	4171	4424	ENSE00003547338	30	10961057	11062066					10961057	10960824	11079426	4317	4570	11041307	11041560
ENSG00000127616	ENSG00000127616.23	ENST00000704344	ENST00000704344.1	11033767	11033865	3775	3873	ENSE00004014467	27	10961057	11062066					10961057	10960824	11079426	3921	4019	11033767	11033865
ENSG00000127616	ENSG00000127616.23	ENST00000704344	ENST00000704344.1	10961057	10961174			ENSE00003991445	1	10961057	11062066	10961057	10961174			10961057	10960824	11079426				
ENSG00000127616	ENSG00000127616.23	ENST00000704344	ENST00000704344.1	11058686	11058889	4534	4605	ENSE00003991447	32	10961057	11062066			11058758	11058889	10961057	10960824	11079426	4680	4751	11058686	11058757
ENSG00000127616	ENSG00000127616.23	ENST00000704344	ENST00000704344.1	11059753	11059885			ENSE00003991448	33	10961057	11062066			11059753	11059885	10961057	10960824	11079426				
ENSG00000127616	ENSG00000127616.23	ENST00000704344	ENST00000704344.1	11060045	11060187			ENSE00003991450	34	10961057	11062066			11060045	11060187	10961057	10960824	11079426				
ENSG00000127616	ENSG00000127616.23	ENST00000704344	ENST00000704344.1	11061784	11062066			ENSE00003991446	35	10961057	11062066			11061784	11062066	10961057	10960824	11079426				
ENSG00000127616	ENSG00000127616.23	ENST00000541122	ENST00000541122.6	10984124	10984373	1	222	ENSE00002858683	3	10961081	11061816	10984124	10984151			10961081	10960824	11079426	286	507	10984152	10984373
ENSG00000127616	ENSG00000127616.23	ENST00000541122	ENST00000541122.6	10985273	10985405	223	355	ENSE00003618181	4	10961081	11061816					10961081	10960824	11079426	508	640	10985273	10985405
ENSG00000127616	ENSG00000127616.23	ENST00000541122	ENST00000541122.6	10986189	10986593	356	760	ENSE00003525604	5	10961081	11061816					10961081	10960824	11079426	641	1045	10986189	10986593
ENSG00000127616	ENSG00000127616.23	ENST00000541122	ENST00000541122.6	10986905	10987003	761	859	ENSE00003604554	6	10961081	11061816					10961081	10960824	11079426	1046	1144	10986905	10987003
ENSG00000127616	ENSG00000127616.23	ENST00000541122	ENST00000541122.6	10987666	10987924	860	1118	ENSE00003531833	7	10961081	11061816					10961081	10960824	11079426	1145	1403	10987666	10987924
ENSG00000127616	ENSG00000127616.23	ENST00000541122	ENST00000541122.6	10989317	10989443	1119	1245	ENSE00003670957	8	10961081	11061816					10961081	10960824	11079426	1404	1530	10989317	10989443
ENSG00000127616	ENSG00000127616.23	ENST00000541122	ENST00000541122.6	10991150	10991323	1246	1419	ENSE00003607688	9	10961081	11061816					10961081	10960824	11079426	1531	1704	10991150	10991323
ENSG00000127616	ENSG00000127616.23	ENST00000541122	ENST00000541122.6	10994828	10995001	1420	1593	ENSE00003546739	10	10961081	11061816					10961081	10960824	11079426	1705	1878	10994828	10995001
ENSG00000127616	ENSG00000127616.23	ENST00000541122	ENST00000541122.6	10996213	10996380	1594	1761	ENSE00003527768	11	10961081	11061816					10961081	10960824	11079426	1879	2046	10996213	10996380
ENSG00000127616	ENSG00000127616.23	ENST00000541122	ENST00000541122.6	10996494	10996544	1762	1812	ENSE00003667937	12	10961081	11061816					10961081	10960824	11079426	2047	2097	10996494	10996544
ENSG00000127616	ENSG00000127616.23	ENST00000541122	ENST00000541122.6	11003029	11003159	1813	1943	ENSE00003667107	13	10961081	11061816					10961081	10960824	11079426	2098	2228	11003029	11003159
ENSG00000127616	ENSG00000127616.23	ENST00000541122	ENST00000541122.6	11003340	11003397	1944	2001	ENSE00003539754	14	10961081	11061816					10961081	10960824	11079426	2229	2286	11003340	11003397
ENSG00000127616	ENSG00000127616.23	ENST00000541122	ENST00000541122.6	11007902	11008023	2002	2123	ENSE00003581372	15	10961081	11061816					10961081	10960824	11079426	2287	2408	11007902	11008023
ENSG00000127616	ENSG00000127616.23	ENST00000541122	ENST00000541122.6	11010381	11010531	2124	2274	ENSE00003530860	16	10961081	11061816					10961081	10960824	11079426	2409	2559	11010381	11010531
ENSG00000127616	ENSG00000127616.23	ENST00000541122	ENST00000541122.6	11012949	11013112	2275	2438	ENSE00003654082	17	10961081	11061816					10961081	10960824	11079426	2560	2723	11012949	11013112
ENSG00000127616	ENSG00000127616.23	ENST00000541122	ENST00000541122.6	11018957	11019023	2439	2505	ENSE00003474879	18	10961081	11061816					10961081	10960824	11079426	2724	2790	11018957	11019023
ENSG00000127616	ENSG00000127616.23	ENST00000541122	ENST00000541122.6	11019591	11019701	2506	2616	ENSE00003477043	19	10961081	11061816					10961081	10960824	11079426	2791	2901	11019591	11019701
ENSG00000127616	ENSG00000127616.23	ENST00000541122	ENST00000541122.6	11021725	11021967	2617	2859	ENSE00003540089	20	10961081	11061816					10961081	10960824	11079426	2902	3144	11021725	11021967
ENSG00000127616	ENSG00000127616.23	ENST00000541122	ENST00000541122.6	11023518	11023631	2860	2973	ENSE00003484961	21	10961081	11061816					10961081	10960824	11079426	3145	3258	11023518	11023631
ENSG00000127616	ENSG00000127616.23	ENST00000541122	ENST00000541122.6	11024331	11024438	2974	3081	ENSE00003553172	22	10961081	11061816					10961081	10960824	11079426	3259	3366	11024331	11024438
ENSG00000127616	ENSG00000127616.23	ENST00000541122	ENST00000541122.6	11025422	11025508	3082	3168	ENSE00003692983	23	10961081	11061816					10961081	10960824	11079426	3367	3453	11025422	11025508
ENSG00000127616	ENSG00000127616.23	ENST00000541122	ENST00000541122.6	11026300	11026346	3169	3215	ENSE00003604518	24	10961081	11061816					10961081	10960824	11079426	3454	3500	11026300	11026346
ENSG00000127616	ENSG00000127616.23	ENST00000541122	ENST00000541122.6	11027784	11027950	3216	3382	ENSE00003459233	25	10961081	11061816					10961081	10960824	11079426	3501	3667	11027784	11027950
ENSG00000127616	ENSG00000127616.23	ENST00000541122	ENST00000541122.6	11030730	11030893	3383	3546	ENSE00003676000	26	10961081	11061816					10961081	10960824	11079426	3668	3831	11030730	11030893
ENSG00000127616	ENSG00000127616.23	ENST00000541122	ENST00000541122.6	11033290	11033517	3547	3774	ENSE00003655405	27	10961081	11061816					10961081	10960824	11079426	3832	4059	11033290	11033517
ENSG00000127616	ENSG00000127616.23	ENST00000541122	ENST00000541122.6	11034123	11034200	3775	3852	ENSE00003703701	28	10961081	11061816					10961081	10960824	11079426	4060	4137	11034123	11034200
ENSG00000127616	ENSG00000127616.23	ENST00000541122	ENST00000541122.6	11034914	11035132	3853	4071	ENSE00003708931	29	10961081	11061816					10961081	10960824	11079426	4138	4356	11034914	11035132
ENSG00000127616	ENSG00000127616.23	ENST00000541122	ENST00000541122.6	11041298	11041560	4072	4334	ENSE00003707185	30	10961081	11061816					10961081	10960824	11079426	4357	4619	11041298	11041560
ENSG00000127616	ENSG00000127616.23	ENST00000541122	ENST00000541122.6	11058255	11058363	4335	4443	ENSE00003468652	31	10961081	11061816					10961081	10960824	11079426	4620	4728	11058255	11058363
ENSG00000127616	ENSG00000127616.23	ENST00000541122	ENST00000541122.6	11058788	11058889	4444	4545	ENSE00003687872	32	10961081	11061816					10961081	10960824	11079426	4729	4830	11058788	11058889
ENSG00000127616	ENSG00000127616.23	ENST00000541122	ENST00000541122.6	11059753	11059885	4546	4678	ENSE00003582123	33	10961081	11061816					10961081	10960824	11079426	4831	4963	11059753	11059885
ENSG00000127616	ENSG00000127616.23	ENST00000541122	ENST00000541122.6	11060045	11060187	4679	4821	ENSE00003694052	34	10961081	11061816					10961081	10960824	11079426	4964	5106	11060045	11060187
ENSG00000127616	ENSG00000127616.23	ENST00000541122	ENST00000541122.6	10961081	10961174			ENSE00002960219	1	10961081	11061816	10961081	10961174			10961081	10960824	11079426				
ENSG00000127616	ENSG00000127616.23	ENST00000541122	ENST00000541122.6	10977653	10977815			ENSE00002772903	2	10961081	11061816	10977653	10977815			10961081	10960824	11079426				
ENSG00000127616	ENSG00000127616.23	ENST00000541122	ENST00000541122.6	11061784	11061816	4822	4854	ENSE00002276161	35	10961081	11061816					10961081	10960824	11079426	5107	5139	11061784	11061816
ENSG00000127616	ENSG00000127616.23	ENST00000589677	ENST00000589677.5	10984124	10984373	1	222	ENSE00002858683	3	10961105	11061816	10984124	10984151			10961105	10960824	11079426	331	552	10984152	10984373
ENSG00000127616	ENSG00000127616.23	ENST00000589677	ENST00000589677.5	10985273	10985405	223	355	ENSE00003618181	4	10961105	11061816					10961105	10960824	11079426	553	685	10985273	10985405
ENSG00000127616	ENSG00000127616.23	ENST00000589677	ENST00000589677.5	10986189	10986593	356	760	ENSE00003525604	5	10961105	11061816					10961105	10960824	11079426	686	1090	10986189	10986593
ENSG00000127616	ENSG00000127616.23	ENST00000589677	ENST00000589677.5	10986905	10987003	761	859	ENSE00003604554	6	10961105	11061816					10961105	10960824	11079426	1091	1189	10986905	10987003
ENSG00000127616	ENSG00000127616.23	ENST00000589677	ENST00000589677.5	10987666	10987924	860	1118	ENSE00003531833	7	10961105	11061816					10961105	10960824	11079426	1190	1448	10987666	10987924
ENSG00000127616	ENSG00000127616.23	ENST00000589677	ENST00000589677.5	10989317	10989443	1119	1245	ENSE00003670957	8	10961105	11061816					10961105	10960824	11079426	1449	1575	10989317	10989443
ENSG00000127616	ENSG00000127616.23	ENST00000589677	ENST00000589677.5	10991150	10991323	1246	1419	ENSE00003607688	9	10961105	11061816					10961105	10960824	11079426	1576	1749	10991150	10991323
ENSG00000127616	ENSG00000127616.23	ENST00000589677	ENST00000589677.5	10994828	10995001	1420	1593	ENSE00003546739	10	10961105	11061816					10961105	10960824	11079426	1750	1923	10994828	10995001
ENSG00000127616	ENSG00000127616.23	ENST00000589677	ENST00000589677.5	10996213	10996380	1594	1761	ENSE00003527768	11	10961105	11061816					10961105	10960824	11079426	1924	2091	10996213	10996380
ENSG00000127616	ENSG00000127616.23	ENST00000589677	ENST00000589677.5	10996494	10996544	1762	1812	ENSE00003667937	12	10961105	11061816					10961105	10960824	11079426	2092	2142	10996494	10996544
ENSG00000127616	ENSG00000127616.23	ENST00000589677	ENST00000589677.5	11003029	11003159	1813	1943	ENSE00003667107	13	10961105	11061816					10961105	10960824	11079426	2143	2273	11003029	11003159
ENSG00000127616	ENSG00000127616.23	ENST00000589677	ENST00000589677.5	11003340	11003397	1944	2001	ENSE00003539754	14	10961105	11061816					10961105	10960824	11079426	2274	2331	11003340	11003397
ENSG00000127616	ENSG00000127616.23	ENST00000589677	ENST00000589677.5	11007902	11008023	2002	2123	ENSE00003581372	15	10961105	11061816					10961105	10960824	11079426	2332	2453	11007902	11008023
ENSG00000127616	ENSG00000127616.23	ENST00000589677	ENST00000589677.5	11010381	11010531	2124	2274	ENSE00003530860	16	10961105	11061816					10961105	10960824	11079426	2454	2604	11010381	11010531
ENSG00000127616	ENSG00000127616.23	ENST00000589677	ENST00000589677.5	11012949	11013112	2275	2438	ENSE00003654082	17	10961105	11061816					10961105	10960824	11079426	2605	2768	11012949	11013112
ENSG00000127616	ENSG00000127616.23	ENST00000589677	ENST00000589677.5	11018957	11019023	2439	2505	ENSE00003474879	18	10961105	11061816					10961105	10960824	11079426	2769	2835	11018957	11019023
ENSG00000127616	ENSG00000127616.23	ENST00000589677	ENST00000589677.5	11019591	11019701	2506	2616	ENSE00003477043	19	10961105	11061816					10961105	10960824	11079426	2836	2946	11019591	11019701
ENSG00000127616	ENSG00000127616.23	ENST00000589677	ENST00000589677.5	11021725	11021967	2617	2859	ENSE00003540089	20	10961105	11061816					10961105	10960824	11079426	2947	3189	11021725	11021967
ENSG00000127616	ENSG00000127616.23	ENST00000589677	ENST00000589677.5	11023518	11023631	2860	2973	ENSE00003484961	21	10961105	11061816					10961105	10960824	11079426	3190	3303	11023518	11023631
ENSG00000127616	ENSG00000127616.23	ENST00000589677	ENST00000589677.5	11024331	11024438	2974	3081	ENSE00003553172	22	10961105	11061816					10961105	10960824	11079426	3304	3411	11024331	11024438
ENSG00000127616	ENSG00000127616.23	ENST00000589677	ENST00000589677.5	11025422	11025508	3082	3168	ENSE00003692983	23	10961105	11061816					10961105	10960824	11079426	3412	3498	11025422	11025508
ENSG00000127616	ENSG00000127616.23	ENST00000589677	ENST00000589677.5	11026300	11026346	3169	3215	ENSE00003604518	24	10961105	11061816					10961105	10960824	11079426	3499	3545	11026300	11026346
ENSG00000127616	ENSG00000127616.23	ENST00000589677	ENST00000589677.5	11027784	11027950	3216	3382	ENSE00003459233	25	10961105	11061816					10961105	10960824	11079426	3546	3712	11027784	11027950
ENSG00000127616	ENSG00000127616.23	ENST00000589677	ENST00000589677.5	11030730	11030893	3383	3546	ENSE00003676000	26	10961105	11061816					10961105	10960824	11079426	3713	3876	11030730	11030893
ENSG00000127616	ENSG00000127616.23	ENST00000589677	ENST00000589677.5	11033290	11033517	3547	3774	ENSE00003655405	27	10961105	11061816					10961105	10960824	11079426	3877	4104	11033290	11033517
ENSG00000127616	ENSG00000127616.23	ENST00000589677	ENST00000589677.5	11034123	11034200	3775	3852	ENSE00003703701	28	10961105	11061816					10961105	10960824	11079426	4105	4182	11034123	11034200
ENSG00000127616	ENSG00000127616.23	ENST00000589677	ENST00000589677.5	11034914	11035132	3853	4071	ENSE00003708931	29	10961105	11061816					10961105	10960824	11079426	4183	4401	11034914	11035132
ENSG00000127616	ENSG00000127616.23	ENST00000589677	ENST00000589677.5	11041298	11041560	4072	4334	ENSE00003707185	30	10961105	11061816					10961105	10960824	11079426	4402	4664	11041298	11041560
ENSG00000127616	ENSG00000127616.23	ENST00000589677	ENST00000589677.5	11058788	11058889	4441	4542	ENSE00003687872	32	10961105	11061816					10961105	10960824	11079426	4771	4872	11058788	11058889
ENSG00000127616	ENSG00000127616.23	ENST00000589677	ENST00000589677.5	11059753	11059885	4543	4675	ENSE00003582123	33	10961105	11061816					10961105	10960824	11079426	4873	5005	11059753	11059885
ENSG00000127616	ENSG00000127616.23	ENST00000589677	ENST00000589677.5	11060045	11060187	4676	4818	ENSE00003694052	34	10961105	11061816					10961105	10960824	11079426	5006	5148	11060045	11060187
ENSG00000127616	ENSG00000127616.23	ENST00000589677	ENST00000589677.5	11058258	11058363	4335	4440	ENSE00001653058	31	10961105	11061816					10961105	10960824	11079426	4665	4770	11058258	11058363
ENSG00000127616	ENSG00000127616.23	ENST00000589677	ENST00000589677.5	11061784	11061816	4819	4851	ENSE00002276161	35	10961105	11061816					10961105	10960824	11079426	5149	5181	11061784	11061816
ENSG00000127616	ENSG00000127616.23	ENST00000589677	ENST00000589677.5	10961105	10961174			ENSE00002905267	1	10961105	11061816	10961105	10961174			10961105	10960824	11079426				
ENSG00000127616	ENSG00000127616.23	ENST00000589677	ENST00000589677.5	10983480	10983711			ENSE00002891499	2	10961105	11061816	10983480	10983711			10961105	10960824	11079426				
ENSG00000127616	ENSG00000127616.23	ENST00000444061	ENST00000444061.8	10984124	10984373	1	222	ENSE00002858683	3	10961110	11062271	10984124	10984151			10961110	10960824	11079426	97	318	10984152	10984373
ENSG00000127616	ENSG00000127616.23	ENST00000444061	ENST00000444061.8	10985273	10985405	223	355	ENSE00003618181	4	10961110	11062271					10961110	10960824	11079426	319	451	10985273	10985405
ENSG00000127616	ENSG00000127616.23	ENST00000444061	ENST00000444061.8	10986189	10986593	356	760	ENSE00003525604	5	10961110	11062271					10961110	10960824	11079426	452	856	10986189	10986593
ENSG00000127616	ENSG00000127616.23	ENST00000444061	ENST00000444061.8	10986905	10987003	761	859	ENSE00003604554	6	10961110	11062271					10961110	10960824	11079426	857	955	10986905	10987003
ENSG00000127616	ENSG00000127616.23	ENST00000444061	ENST00000444061.8	10987666	10987924	860	1118	ENSE00003531833	7	10961110	11062271					10961110	10960824	11079426	956	1214	10987666	10987924
ENSG00000127616	ENSG00000127616.23	ENST00000444061	ENST00000444061.8	10989317	10989443	1119	1245	ENSE00003670957	8	10961110	11062271					10961110	10960824	11079426	1215	1341	10989317	10989443
ENSG00000127616	ENSG00000127616.23	ENST00000444061	ENST00000444061.8	10991150	10991323	1246	1419	ENSE00003607688	9	10961110	11062271					10961110	10960824	11079426	1342	1515	10991150	10991323
ENSG00000127616	ENSG00000127616.23	ENST00000444061	ENST00000444061.8	10994828	10995001	1420	1593	ENSE00003546739	10	10961110	11062271					10961110	10960824	11079426	1516	1689	10994828	10995001
ENSG00000127616	ENSG00000127616.23	ENST00000444061	ENST00000444061.8	10996213	10996380	1594	1761	ENSE00003527768	11	10961110	11062271					10961110	10960824	11079426	1690	1857	10996213	10996380
ENSG00000127616	ENSG00000127616.23	ENST00000444061	ENST00000444061.8	10996494	10996544	1762	1812	ENSE00003667937	12	10961110	11062271					10961110	10960824	11079426	1858	1908	10996494	10996544
ENSG00000127616	ENSG00000127616.23	ENST00000444061	ENST00000444061.8	11003029	11003159	1813	1943	ENSE00003667107	13	10961110	11062271					10961110	10960824	11079426	1909	2039	11003029	11003159
ENSG00000127616	ENSG00000127616.23	ENST00000444061	ENST00000444061.8	11003340	11003397	1944	2001	ENSE00003539754	14	10961110	11062271					10961110	10960824	11079426	2040	2097	11003340	11003397
ENSG00000127616	ENSG00000127616.23	ENST00000444061	ENST00000444061.8	11007902	11008023	2002	2123	ENSE00003581372	15	10961110	11062271					10961110	10960824	11079426	2098	2219	11007902	11008023
ENSG00000127616	ENSG00000127616.23	ENST00000444061	ENST00000444061.8	11010381	11010531	2124	2274	ENSE00003530860	16	10961110	11062271					10961110	10960824	11079426	2220	2370	11010381	11010531
ENSG00000127616	ENSG00000127616.23	ENST00000444061	ENST00000444061.8	11012949	11013112	2275	2438	ENSE00003654082	17	10961110	11062271					10961110	10960824	11079426	2371	2534	11012949	11013112
ENSG00000127616	ENSG00000127616.23	ENST00000444061	ENST00000444061.8	11018957	11019023	2439	2505	ENSE00003474879	18	10961110	11062271					10961110	10960824	11079426	2535	2601	11018957	11019023
ENSG00000127616	ENSG00000127616.23	ENST00000444061	ENST00000444061.8	11019591	11019701	2506	2616	ENSE00003477043	19	10961110	11062271					10961110	10960824	11079426	2602	2712	11019591	11019701
ENSG00000127616	ENSG00000127616.23	ENST00000444061	ENST00000444061.8	11021725	11021967	2617	2859	ENSE00003540089	20	10961110	11062271					10961110	10960824	11079426	2713	2955	11021725	11021967
ENSG00000127616	ENSG00000127616.23	ENST00000444061	ENST00000444061.8	11023518	11023631	2860	2973	ENSE00003484961	21	10961110	11062271					10961110	10960824	11079426	2956	3069	11023518	11023631
ENSG00000127616	ENSG00000127616.23	ENST00000444061	ENST00000444061.8	11024331	11024438	2974	3081	ENSE00003553172	22	10961110	11062271					10961110	10960824	11079426	3070	3177	11024331	11024438
ENSG00000127616	ENSG00000127616.23	ENST00000444061	ENST00000444061.8	11025422	11025508	3082	3168	ENSE00003692983	23	10961110	11062271					10961110	10960824	11079426	3178	3264	11025422	11025508
ENSG00000127616	ENSG00000127616.23	ENST00000444061	ENST00000444061.8	11026300	11026346	3169	3215	ENSE00003604518	24	10961110	11062271					10961110	10960824	11079426	3265	3311	11026300	11026346
ENSG00000127616	ENSG00000127616.23	ENST00000444061	ENST00000444061.8	11027784	11027950	3216	3382	ENSE00003459233	25	10961110	11062271					10961110	10960824	11079426	3312	3478	11027784	11027950
ENSG00000127616	ENSG00000127616.23	ENST00000444061	ENST00000444061.8	11030730	11030893	3383	3546	ENSE00003676000	26	10961110	11062271					10961110	10960824	11079426	3479	3642	11030730	11030893
ENSG00000127616	ENSG00000127616.23	ENST00000444061	ENST00000444061.8	11033290	11033517	3547	3774	ENSE00003655405	27	10961110	11062271					10961110	10960824	11079426	3643	3870	11033290	11033517
ENSG00000127616	ENSG00000127616.23	ENST00000444061	ENST00000444061.8	11034123	11034200	3775	3852	ENSE00003703701	28	10961110	11062271					10961110	10960824	11079426	3871	3948	11034123	11034200
ENSG00000127616	ENSG00000127616.23	ENST00000444061	ENST00000444061.8	11034914	11035132	3853	4071	ENSE00003708931	29	10961110	11062271					10961110	10960824	11079426	3949	4167	11034914	11035132
ENSG00000127616	ENSG00000127616.23	ENST00000444061	ENST00000444061.8	11058788	11058889	4432	4533	ENSE00003687872	32	10961110	11062271					10961110	10960824	11079426	4528	4629	11058788	11058889
ENSG00000127616	ENSG00000127616.23	ENST00000444061	ENST00000444061.8	11059753	11059885	4534	4666	ENSE00003582123	33	10961110	11062271					10961110	10960824	11079426	4630	4762	11059753	11059885
ENSG00000127616	ENSG00000127616.23	ENST00000444061	ENST00000444061.8	11060045	11060187	4667	4809	ENSE00003694052	34	10961110	11062271					10961110	10960824	11079426	4763	4905	11060045	11060187
ENSG00000127616	ENSG00000127616.23	ENST00000444061	ENST00000444061.8	11041307	11041560	4072	4325	ENSE00003547338	30	10961110	11062271					10961110	10960824	11079426	4168	4421	11041307	11041560
ENSG00000127616	ENSG00000127616.23	ENST00000444061	ENST00000444061.8	11058258	11058363	4326	4431	ENSE00001653058	31	10961110	11062271					10961110	10960824	11079426	4422	4527	11058258	11058363
ENSG00000127616	ENSG00000127616.23	ENST00000444061	ENST00000444061.8	11061784	11062271	4810	4842	ENSE00003821923	35	10961110	11062271			11061817	11062271	10961110	10960824	11079426	4906	4938	11061784	11061816
ENSG00000127616	ENSG00000127616.23	ENST00000444061	ENST00000444061.8	10961110	10961174			ENSE00002762936	1	10961110	11062271	10961110	10961174			10961110	10960824	11079426				
ENSG00000127616	ENSG00000127616.23	ENST00000444061	ENST00000444061.8	10965307	10965309			ENSE00002893706	2	10961110	11062271	10965307	10965309			10961110	10960824	11079426				
ENSG00000127616	ENSG00000127616.23	ENST00000590574	ENST00000590574.6	10984124	10984373	1	222	ENSE00002858683	2	10961321	11062273	10984124	10984151			10961321	10960824	11079426	438	659	10984152	10984373
ENSG00000127616	ENSG00000127616.23	ENST00000590574	ENST00000590574.6	10985273	10985405	223	355	ENSE00003618181	3	10961321	11062273					10961321	10960824	11079426	660	792	10985273	10985405
ENSG00000127616	ENSG00000127616.23	ENST00000590574	ENST00000590574.6	10986189	10986593	356	760	ENSE00003525604	4	10961321	11062273					10961321	10960824	11079426	793	1197	10986189	10986593
ENSG00000127616	ENSG00000127616.23	ENST00000590574	ENST00000590574.6	10986905	10987003	761	859	ENSE00003604554	5	10961321	11062273					10961321	10960824	11079426	1198	1296	10986905	10987003
ENSG00000127616	ENSG00000127616.23	ENST00000590574	ENST00000590574.6	10987666	10987924	860	1118	ENSE00003531833	6	10961321	11062273					10961321	10960824	11079426	1297	1555	10987666	10987924
ENSG00000127616	ENSG00000127616.23	ENST00000590574	ENST00000590574.6	10989317	10989443	1119	1245	ENSE00003670957	7	10961321	11062273					10961321	10960824	11079426	1556	1682	10989317	10989443
ENSG00000127616	ENSG00000127616.23	ENST00000590574	ENST00000590574.6	10991150	10991323	1246	1419	ENSE00003607688	8	10961321	11062273					10961321	10960824	11079426	1683	1856	10991150	10991323
ENSG00000127616	ENSG00000127616.23	ENST00000590574	ENST00000590574.6	10994828	10995001	1420	1593	ENSE00003546739	9	10961321	11062273					10961321	10960824	11079426	1857	2030	10994828	10995001
ENSG00000127616	ENSG00000127616.23	ENST00000590574	ENST00000590574.6	10996213	10996380	1594	1761	ENSE00003527768	10	10961321	11062273					10961321	10960824	11079426	2031	2198	10996213	10996380
ENSG00000127616	ENSG00000127616.23	ENST00000590574	ENST00000590574.6	10996494	10996544	1762	1812	ENSE00003667937	11	10961321	11062273					10961321	10960824	11079426	2199	2249	10996494	10996544
ENSG00000127616	ENSG00000127616.23	ENST00000590574	ENST00000590574.6	11003029	11003159	1813	1943	ENSE00003667107	12	10961321	11062273					10961321	10960824	11079426	2250	2380	11003029	11003159
ENSG00000127616	ENSG00000127616.23	ENST00000590574	ENST00000590574.6	11003340	11003397	1944	2001	ENSE00003539754	13	10961321	11062273					10961321	10960824	11079426	2381	2438	11003340	11003397
ENSG00000127616	ENSG00000127616.23	ENST00000590574	ENST00000590574.6	11007902	11008023	2002	2123	ENSE00003581372	14	10961321	11062273					10961321	10960824	11079426	2439	2560	11007902	11008023
ENSG00000127616	ENSG00000127616.23	ENST00000590574	ENST00000590574.6	11010381	11010531	2124	2274	ENSE00003530860	15	10961321	11062273					10961321	10960824	11079426	2561	2711	11010381	11010531
ENSG00000127616	ENSG00000127616.23	ENST00000590574	ENST00000590574.6	11012949	11013112	2275	2438	ENSE00003654082	16	10961321	11062273					10961321	10960824	11079426	2712	2875	11012949	11013112
ENSG00000127616	ENSG00000127616.23	ENST00000590574	ENST00000590574.6	11018957	11019023	2439	2505	ENSE00003474879	17	10961321	11062273					10961321	10960824	11079426	2876	2942	11018957	11019023
ENSG00000127616	ENSG00000127616.23	ENST00000590574	ENST00000590574.6	11019591	11019701	2506	2616	ENSE00003477043	18	10961321	11062273					10961321	10960824	11079426	2943	3053	11019591	11019701
ENSG00000127616	ENSG00000127616.23	ENST00000590574	ENST00000590574.6	11021725	11021967	2617	2859	ENSE00003540089	19	10961321	11062273					10961321	10960824	11079426	3054	3296	11021725	11021967
ENSG00000127616	ENSG00000127616.23	ENST00000590574	ENST00000590574.6	11023518	11023631	2860	2973	ENSE00003484961	20	10961321	11062273					10961321	10960824	11079426	3297	3410	11023518	11023631
ENSG00000127616	ENSG00000127616.23	ENST00000590574	ENST00000590574.6	11024331	11024438	2974	3081	ENSE00003553172	21	10961321	11062273					10961321	10960824	11079426	3411	3518	11024331	11024438
ENSG00000127616	ENSG00000127616.23	ENST00000590574	ENST00000590574.6	11025422	11025508	3082	3168	ENSE00003692983	22	10961321	11062273					10961321	10960824	11079426	3519	3605	11025422	11025508
ENSG00000127616	ENSG00000127616.23	ENST00000590574	ENST00000590574.6	11026300	11026346	3169	3215	ENSE00003604518	23	10961321	11062273					10961321	10960824	11079426	3606	3652	11026300	11026346
ENSG00000127616	ENSG00000127616.23	ENST00000590574	ENST00000590574.6	11027784	11027950	3216	3382	ENSE00003459233	24	10961321	11062273					10961321	10960824	11079426	3653	3819	11027784	11027950
ENSG00000127616	ENSG00000127616.23	ENST00000590574	ENST00000590574.6	11030730	11030893	3383	3546	ENSE00003676000	25	10961321	11062273					10961321	10960824	11079426	3820	3983	11030730	11030893
ENSG00000127616	ENSG00000127616.23	ENST00000590574	ENST00000590574.6	11033290	11033517	3547	3774	ENSE00003655405	26	10961321	11062273					10961321	10960824	11079426	3984	4211	11033290	11033517
ENSG00000127616	ENSG00000127616.23	ENST00000590574	ENST00000590574.6	11034123	11034200	3775	3852	ENSE00003703701	27	10961321	11062273					10961321	10960824	11079426	4212	4289	11034123	11034200
ENSG00000127616	ENSG00000127616.23	ENST00000590574	ENST00000590574.6	11034914	11035132	3853	4071	ENSE00003708931	28	10961321	11062273					10961321	10960824	11079426	4290	4508	11034914	11035132
ENSG00000127616	ENSG00000127616.23	ENST00000590574	ENST00000590574.6	11058255	11058363	4326	4434	ENSE00003468652	30	10961321	11062273					10961321	10960824	11079426	4763	4871	11058255	11058363
ENSG00000127616	ENSG00000127616.23	ENST00000590574	ENST00000590574.6	11058788	11058889	4435	4536	ENSE00003687872	31	10961321	11062273					10961321	10960824	11079426	4872	4973	11058788	11058889
ENSG00000127616	ENSG00000127616.23	ENST00000590574	ENST00000590574.6	11059753	11059885	4537	4669	ENSE00003582123	32	10961321	11062273					10961321	10960824	11079426	4974	5106	11059753	11059885
ENSG00000127616	ENSG00000127616.23	ENST00000590574	ENST00000590574.6	11060045	11060187	4670	4812	ENSE00003694052	33	10961321	11062273					10961321	10960824	11079426	5107	5249	11060045	11060187
ENSG00000127616	ENSG00000127616.23	ENST00000590574	ENST00000590574.6	11041307	11041560	4072	4325	ENSE00003547338	29	10961321	11062273					10961321	10960824	11079426	4509	4762	11041307	11041560
ENSG00000127616	ENSG00000127616.23	ENST00000590574	ENST00000590574.6	11061784	11062273	4813	4845	ENSE00004014465	34	10961321	11062273			11061817	11062273	10961321	10960824	11079426	5250	5282	11061784	11061816
ENSG00000127616	ENSG00000127616.23	ENST00000590574	ENST00000590574.6	10961321	10961729			ENSE00002897265	1	10961321	11062273	10961321	10961729			10961321	10960824	11079426				
ENSG00000127616	ENSG00000127616.23	ENST00000704345	ENST00000704345.1	10984124	10984373	1	222	ENSE00002858683	3	10961573	11033483	10984124	10984151			10961573	10960824	11079426	418	639	10984152	10984373
ENSG00000127616	ENSG00000127616.23	ENST00000704345	ENST00000704345.1	10985273	10985405	223	355	ENSE00003618181	4	10961573	11033483					10961573	10960824	11079426	640	772	10985273	10985405
ENSG00000127616	ENSG00000127616.23	ENST00000704345	ENST00000704345.1	10986189	10986593	356	760	ENSE00003525604	5	10961573	11033483					10961573	10960824	11079426	773	1177	10986189	10986593
ENSG00000127616	ENSG00000127616.23	ENST00000704345	ENST00000704345.1	10986905	10987003	761	859	ENSE00003604554	6	10961573	11033483					10961573	10960824	11079426	1178	1276	10986905	10987003
ENSG00000127616	ENSG00000127616.23	ENST00000704345	ENST00000704345.1	10987666	10987924	860	1118	ENSE00003531833	7	10961573	11033483					10961573	10960824	11079426	1277	1535	10987666	10987924
ENSG00000127616	ENSG00000127616.23	ENST00000704345	ENST00000704345.1	10989317	10989443	1119	1245	ENSE00003670957	8	10961573	11033483					10961573	10960824	11079426	1536	1662	10989317	10989443
ENSG00000127616	ENSG00000127616.23	ENST00000704345	ENST00000704345.1	10991150	10991323	1246	1419	ENSE00003607688	9	10961573	11033483					10961573	10960824	11079426	1663	1836	10991150	10991323
ENSG00000127616	ENSG00000127616.23	ENST00000704345	ENST00000704345.1	10994828	10995001	1420	1593	ENSE00003546739	10	10961573	11033483					10961573	10960824	11079426	1837	2010	10994828	10995001
ENSG00000127616	ENSG00000127616.23	ENST00000704345	ENST00000704345.1	10996213	10996380	1594	1761	ENSE00003527768	11	10961573	11033483					10961573	10960824	11079426	2011	2178	10996213	10996380
ENSG00000127616	ENSG00000127616.23	ENST00000704345	ENST00000704345.1	10996494	10996544	1762	1812	ENSE00003667937	12	10961573	11033483					10961573	10960824	11079426	2179	2229	10996494	10996544
ENSG00000127616	ENSG00000127616.23	ENST00000704345	ENST00000704345.1	11003029	11003159	1813	1943	ENSE00003667107	13	10961573	11033483					10961573	10960824	11079426	2230	2360	11003029	11003159
ENSG00000127616	ENSG00000127616.23	ENST00000704345	ENST00000704345.1	11003340	11003397	1944	2001	ENSE00003539754	14	10961573	11033483					10961573	10960824	11079426	2361	2418	11003340	11003397
ENSG00000127616	ENSG00000127616.23	ENST00000704345	ENST00000704345.1	11010381	11010531	2115	2265	ENSE00003530860	16	10961573	11033483					10961573	10960824	11079426	2532	2682	11010381	11010531
ENSG00000127616	ENSG00000127616.23	ENST00000704345	ENST00000704345.1	11012949	11013112	2266	2429	ENSE00003654082	17	10961573	11033483					10961573	10960824	11079426	2683	2846	11012949	11013112
ENSG00000127616	ENSG00000127616.23	ENST00000704345	ENST00000704345.1	11018957	11019023	2430	2496	ENSE00003474879	18	10961573	11033483					10961573	10960824	11079426	2847	2913	11018957	11019023
ENSG00000127616	ENSG00000127616.23	ENST00000704345	ENST00000704345.1	11019591	11019701	2497	2607	ENSE00003477043	19	10961573	11033483					10961573	10960824	11079426	2914	3024	11019591	11019701
ENSG00000127616	ENSG00000127616.23	ENST00000704345	ENST00000704345.1	11021725	11021967	2608	2850	ENSE00003540089	20	10961573	11033483					10961573	10960824	11079426	3025	3267	11021725	11021967
ENSG00000127616	ENSG00000127616.23	ENST00000704345	ENST00000704345.1	11023518	11023631	2851	2964	ENSE00003484961	21	10961573	11033483					10961573	10960824	11079426	3268	3381	11023518	11023631
ENSG00000127616	ENSG00000127616.23	ENST00000704345	ENST00000704345.1	11024331	11024438	2965	3072	ENSE00003553172	22	10961573	11033483					10961573	10960824	11079426	3382	3489	11024331	11024438
ENSG00000127616	ENSG00000127616.23	ENST00000704345	ENST00000704345.1	11025422	11025508	3073	3159	ENSE00003692983	23	10961573	11033483					10961573	10960824	11079426	3490	3576	11025422	11025508
ENSG00000127616	ENSG00000127616.23	ENST00000704345	ENST00000704345.1	11026300	11026346	3160	3206	ENSE00003604518	24	10961573	11033483					10961573	10960824	11079426	3577	3623	11026300	11026346
ENSG00000127616	ENSG00000127616.23	ENST00000704345	ENST00000704345.1	11027784	11027950	3207	3373	ENSE00003459233	25	10961573	11033483					10961573	10960824	11079426	3624	3790	11027784	11027950
ENSG00000127616	ENSG00000127616.23	ENST00000704345	ENST00000704345.1	11030730	11030893	3374	3537	ENSE00003676000	26	10961573	11033483					10961573	10960824	11079426	3791	3954	11030730	11030893
ENSG00000127616	ENSG00000127616.23	ENST00000704345	ENST00000704345.1	10983480	10983711			ENSE00002891499	2	10961573	11033483	10983480	10983711			10961573	10960824	11079426				
ENSG00000127616	ENSG00000127616.23	ENST00000704345	ENST00000704345.1	10961573	10961729			ENSE00003991449	1	10961573	11033483	10961573	10961729			10961573	10960824	11079426				
ENSG00000127616	ENSG00000127616.23	ENST00000704345	ENST00000704345.1	11007911	11008023	2002	2114	ENSE00003991451	15	10961573	11033483					10961573	10960824	11079426	2419	2531	11007911	11008023
ENSG00000127616	ENSG00000127616.23	ENST00000704345	ENST00000704345.1	11033290	11033483	3538	3731	ENSE00003991452	27	10961573	11033483					10961573	10960824	11079426	3955	4148	11033290	11033483
ENSG00000127616	ENSG00000127616.23	ENST00000591545	ENST00000591545.6	10985273	10985405	96	228	ENSE00003618181	2	10984279	11032666					10984279	10960824	11079426	96	228	10985273	10985405
ENSG00000127616	ENSG00000127616.23	ENST00000591545	ENST00000591545.6	10986189	10986593	229	633	ENSE00003525604	3	10984279	11032666					10984279	10960824	11079426	229	633	10986189	10986593
ENSG00000127616	ENSG00000127616.23	ENST00000591545	ENST00000591545.6	10986905	10987003	634	732	ENSE00003604554	4	10984279	11032666					10984279	10960824	11079426	634	732	10986905	10987003
ENSG00000127616	ENSG00000127616.23	ENST00000591545	ENST00000591545.6	10987666	10987924	733	991	ENSE00003531833	5	10984279	11032666					10984279	10960824	11079426	733	991	10987666	10987924
ENSG00000127616	ENSG00000127616.23	ENST00000591545	ENST00000591545.6	10989317	10989443	992	1118	ENSE00003670957	6	10984279	11032666					10984279	10960824	11079426	992	1118	10989317	10989443
ENSG00000127616	ENSG00000127616.23	ENST00000591545	ENST00000591545.6	10991150	10991323	1119	1292	ENSE00003607688	7	10984279	11032666					10984279	10960824	11079426	1119	1292	10991150	10991323
ENSG00000127616	ENSG00000127616.23	ENST00000591545	ENST00000591545.6	10994828	10995001	1293	1466	ENSE00003546739	8	10984279	11032666					10984279	10960824	11079426	1293	1466	10994828	10995001
ENSG00000127616	ENSG00000127616.23	ENST00000591545	ENST00000591545.6	10996213	10996380	1467	1634	ENSE00003527768	9	10984279	11032666					10984279	10960824	11079426	1467	1634	10996213	10996380
ENSG00000127616	ENSG00000127616.23	ENST00000591545	ENST00000591545.6	10996494	10996544	1635	1685	ENSE00003667937	10	10984279	11032666					10984279	10960824	11079426	1635	1685	10996494	10996544
ENSG00000127616	ENSG00000127616.23	ENST00000591545	ENST00000591545.6	11003029	11003159	1686	1816	ENSE00003667107	11	10984279	11032666					10984279	10960824	11079426	1686	1816	11003029	11003159
ENSG00000127616	ENSG00000127616.23	ENST00000591545	ENST00000591545.6	11003340	11003397	1817	1874	ENSE00003539754	12	10984279	11032666					10984279	10960824	11079426	1817	1874	11003340	11003397
ENSG00000127616	ENSG00000127616.23	ENST00000591545	ENST00000591545.6	11007902	11008023	1875	1996	ENSE00003581372	13	10984279	11032666					10984279	10960824	11079426	1875	1996	11007902	11008023
ENSG00000127616	ENSG00000127616.23	ENST00000591545	ENST00000591545.6	11010381	11010531	1997	2147	ENSE00003530860	14	10984279	11032666					10984279	10960824	11079426	1997	2147	11010381	11010531
ENSG00000127616	ENSG00000127616.23	ENST00000591545	ENST00000591545.6	11012949	11013112	2148	2311	ENSE00003654082	15	10984279	11032666					10984279	10960824	11079426	2148	2311	11012949	11013112
ENSG00000127616	ENSG00000127616.23	ENST00000591545	ENST00000591545.6	11018957	11019023	2312	2378	ENSE00003474879	16	10984279	11032666					10984279	10960824	11079426	2312	2378	11018957	11019023
ENSG00000127616	ENSG00000127616.23	ENST00000591545	ENST00000591545.6	11019591	11019701	2379	2489	ENSE00003477043	17	10984279	11032666					10984279	10960824	11079426	2379	2489	11019591	11019701
ENSG00000127616	ENSG00000127616.23	ENST00000591545	ENST00000591545.6	11021725	11021967	2490	2732	ENSE00003540089	18	10984279	11032666					10984279	10960824	11079426	2490	2732	11021725	11021967
ENSG00000127616	ENSG00000127616.23	ENST00000591545	ENST00000591545.6	11023518	11023631	2733	2846	ENSE00003484961	19	10984279	11032666					10984279	10960824	11079426	2733	2846	11023518	11023631
ENSG00000127616	ENSG00000127616.23	ENST00000591545	ENST00000591545.6	11024331	11024438	2847	2954	ENSE00003553172	20	10984279	11032666					10984279	10960824	11079426	2847	2954	11024331	11024438
ENSG00000127616	ENSG00000127616.23	ENST00000591545	ENST00000591545.6	11025422	11025508	2955	3041	ENSE00003692983	21	10984279	11032666					10984279	10960824	11079426	2955	3041	11025422	11025508
ENSG00000127616	ENSG00000127616.23	ENST00000591545	ENST00000591545.6	11026300	11026346	3042	3088	ENSE00003604518	22	10984279	11032666					10984279	10960824	11079426	3042	3088	11026300	11026346
ENSG00000127616	ENSG00000127616.23	ENST00000591545	ENST00000591545.6	11027784	11027950	3089	3255	ENSE00003459233	23	10984279	11032666					10984279	10960824	11079426	3089	3255	11027784	11027950
ENSG00000127616	ENSG00000127616.23	ENST00000591545	ENST00000591545.6	10984279	10984373	1	95	ENSE00002896703	1	10984279	11032666					10984279	10960824	11079426	1	95	10984279	10984373
ENSG00000127616	ENSG00000127616.23	ENST00000591545	ENST00000591545.6	11030730	11032666	3256	3497	ENSE00002828975	24	10984279	11032666			11030972	11032666	10984279	10960824	11079426	3256	3497	11030730	11030971
ENSG00000127616	ENSG00000127616.23	ENST00000643995	ENST00000643995.1	10986905	10987003	175	273	ENSE00003604554	2	10986420	11062266					10986420	10960824	11079426	175	273	10986905	10987003
ENSG00000127616	ENSG00000127616.23	ENST00000643995	ENST00000643995.1	10987666	10987924	274	532	ENSE00003531833	3	10986420	11062266					10986420	10960824	11079426	274	532	10987666	10987924
ENSG00000127616	ENSG00000127616.23	ENST00000643995	ENST00000643995.1	10989317	10989443	533	659	ENSE00003670957	4	10986420	11062266					10986420	10960824	11079426	533	659	10989317	10989443
ENSG00000127616	ENSG00000127616.23	ENST00000643995	ENST00000643995.1	10991150	10991323	660	833	ENSE00003607688	5	10986420	11062266					10986420	10960824	11079426	660	833	10991150	10991323
ENSG00000127616	ENSG00000127616.23	ENST00000643995	ENST00000643995.1	10994828	10995001	834	1007	ENSE00003546739	6	10986420	11062266					10986420	10960824	11079426	834	1007	10994828	10995001
ENSG00000127616	ENSG00000127616.23	ENST00000643995	ENST00000643995.1	10996213	10996380	1008	1175	ENSE00003527768	7	10986420	11062266					10986420	10960824	11079426	1008	1175	10996213	10996380
ENSG00000127616	ENSG00000127616.23	ENST00000643995	ENST00000643995.1	10996494	10996544	1176	1226	ENSE00003667937	8	10986420	11062266					10986420	10960824	11079426	1176	1226	10996494	10996544
ENSG00000127616	ENSG00000127616.23	ENST00000643995	ENST00000643995.1	11003029	11003159	1227	1357	ENSE00003667107	9	10986420	11062266					10986420	10960824	11079426	1227	1357	11003029	11003159
ENSG00000127616	ENSG00000127616.23	ENST00000643995	ENST00000643995.1	11003340	11003397	1358	1415	ENSE00003539754	10	10986420	11062266					10986420	10960824	11079426	1358	1415	11003340	11003397
ENSG00000127616	ENSG00000127616.23	ENST00000643995	ENST00000643995.1	11007902	11008023	1416	1537	ENSE00003581372	11	10986420	11062266					10986420	10960824	11079426	1416	1537	11007902	11008023
ENSG00000127616	ENSG00000127616.23	ENST00000643995	ENST00000643995.1	11010381	11010531	1538	1688	ENSE00003530860	12	10986420	11062266					10986420	10960824	11079426	1538	1688	11010381	11010531
ENSG00000127616	ENSG00000127616.23	ENST00000643995	ENST00000643995.1	11012949	11013112	1689	1852	ENSE00003654082	13	10986420	11062266					10986420	10960824	11079426	1689	1852	11012949	11013112
ENSG00000127616	ENSG00000127616.23	ENST00000643995	ENST00000643995.1	11018957	11019023	1853	1919	ENSE00003474879	14	10986420	11062266					10986420	10960824	11079426	1853	1919	11018957	11019023
ENSG00000127616	ENSG00000127616.23	ENST00000643995	ENST00000643995.1	11019591	11019701	1920	2030	ENSE00003477043	15	10986420	11062266					10986420	10960824	11079426	1920	2030	11019591	11019701
ENSG00000127616	ENSG00000127616.23	ENST00000643995	ENST00000643995.1	11021725	11021967	2031	2273	ENSE00003540089	16	10986420	11062266					10986420	10960824	11079426	2031	2273	11021725	11021967
ENSG00000127616	ENSG00000127616.23	ENST00000643995	ENST00000643995.1	11023518	11023631	2274	2387	ENSE00003484961	17	10986420	11062266					10986420	10960824	11079426	2274	2387	11023518	11023631
ENSG00000127616	ENSG00000127616.23	ENST00000643995	ENST00000643995.1	11024331	11024438	2388	2495	ENSE00003553172	18	10986420	11062266					10986420	10960824	11079426	2388	2495	11024331	11024438
ENSG00000127616	ENSG00000127616.23	ENST00000643995	ENST00000643995.1	11025422	11025508	2496	2582	ENSE00003692983	19	10986420	11062266					10986420	10960824	11079426	2496	2582	11025422	11025508
ENSG00000127616	ENSG00000127616.23	ENST00000643995	ENST00000643995.1	11026300	11026346	2583	2629	ENSE00003604518	20	10986420	11062266					10986420	10960824	11079426	2583	2629	11026300	11026346
ENSG00000127616	ENSG00000127616.23	ENST00000643995	ENST00000643995.1	11027784	11027950	2630	2796	ENSE00003459233	21	10986420	11062266					10986420	10960824	11079426	2630	2796	11027784	11027950
ENSG00000127616	ENSG00000127616.23	ENST00000643995	ENST00000643995.1	11030730	11030893	2797	2960	ENSE00003676000	22	10986420	11062266					10986420	10960824	11079426	2797	2960	11030730	11030893
ENSG00000127616	ENSG00000127616.23	ENST00000643995	ENST00000643995.1	11033290	11033517	2961	3188	ENSE00003655405	23	10986420	11062266					10986420	10960824	11079426	2961	3188	11033290	11033517
ENSG00000127616	ENSG00000127616.23	ENST00000643995	ENST00000643995.1	11034123	11034200	3288	3365	ENSE00003703701	25	10986420	11062266					10986420	10960824	11079426	3288	3365	11034123	11034200
ENSG00000127616	ENSG00000127616.23	ENST00000643995	ENST00000643995.1	11034914	11035132	3366	3584	ENSE00003708931	26	10986420	11062266					10986420	10960824	11079426	3366	3584	11034914	11035132
ENSG00000127616	ENSG00000127616.23	ENST00000643995	ENST00000643995.1	11041298	11041560	3585	3847	ENSE00003707185	27	10986420	11062266					10986420	10960824	11079426	3585	3847	11041298	11041560
ENSG00000127616	ENSG00000127616.23	ENST00000643995	ENST00000643995.1	11058255	11058363	3848	3956	ENSE00003468652	28	10986420	11062266					10986420	10960824	11079426	3848	3956	11058255	11058363
ENSG00000127616	ENSG00000127616.23	ENST00000643995	ENST00000643995.1	11058788	11058889	3957	4058	ENSE00003687872	29	10986420	11062266					10986420	10960824	11079426	3957	4058	11058788	11058889
ENSG00000127616	ENSG00000127616.23	ENST00000643995	ENST00000643995.1	11059753	11059885	4059	4191	ENSE00003582123	30	10986420	11062266					10986420	10960824	11079426	4059	4191	11059753	11059885
ENSG00000127616	ENSG00000127616.23	ENST00000643995	ENST00000643995.1	11060045	11060187	4192	4334	ENSE00003694052	31	10986420	11062266					10986420	10960824	11079426	4192	4334	11060045	11060187
ENSG00000127616	ENSG00000127616.23	ENST00000643995	ENST00000643995.1	11033767	11033865	3189	3287	ENSE00004014467	24	10986420	11062266					10986420	10960824	11079426	3189	3287	11033767	11033865
ENSG00000127616	ENSG00000127616.23	ENST00000643995	ENST00000643995.1	10986420	10986593	1	174	ENSE00003503475	1	10986420	11062266					10986420	10960824	11079426	1	174	10986420	10986593
ENSG00000127616	ENSG00000127616.23	ENST00000643995	ENST00000643995.1	11061784	11062266	4335	4367	ENSE00003825187	32	10986420	11062266			11061817	11062266	10986420	10960824	11079426	4335	4367	11061784	11061816
ENSG00000127616	ENSG00000127616.23	ENST00000644327	ENST00000644327.1	10991150	10991323	20	193	ENSE00003607688	2	10989425	11062271					10989425	10960824	11079426	20	193	10991150	10991323
ENSG00000127616	ENSG00000127616.23	ENST00000644327	ENST00000644327.1	10994828	10995001	194	367	ENSE00003546739	3	10989425	11062271					10989425	10960824	11079426	194	367	10994828	10995001
ENSG00000127616	ENSG00000127616.23	ENST00000644327	ENST00000644327.1	10996213	10996380	368	535	ENSE00003527768	4	10989425	11062271					10989425	10960824	11079426	368	535	10996213	10996380
ENSG00000127616	ENSG00000127616.23	ENST00000644327	ENST00000644327.1	11003029	11003159	584	714	ENSE00003667107	6	10989425	11062271					10989425	10960824	11079426	584	714	11003029	11003159
ENSG00000127616	ENSG00000127616.23	ENST00000644327	ENST00000644327.1	11003340	11003397	715	772	ENSE00003539754	7	10989425	11062271					10989425	10960824	11079426	715	772	11003340	11003397
ENSG00000127616	ENSG00000127616.23	ENST00000644327	ENST00000644327.1	11007902	11008023	773	894	ENSE00003581372	8	10989425	11062271					10989425	10960824	11079426	773	894	11007902	11008023
ENSG00000127616	ENSG00000127616.23	ENST00000644327	ENST00000644327.1	11010381	11010531	895	1045	ENSE00003530860	9	10989425	11062271					10989425	10960824	11079426	895	1045	11010381	11010531
ENSG00000127616	ENSG00000127616.23	ENST00000644327	ENST00000644327.1	11012949	11013112	1046	1209	ENSE00003654082	10	10989425	11062271					10989425	10960824	11079426	1046	1209	11012949	11013112
ENSG00000127616	ENSG00000127616.23	ENST00000644327	ENST00000644327.1	11018957	11019023	1210	1276	ENSE00003474879	11	10989425	11062271					10989425	10960824	11079426	1210	1276	11018957	11019023
ENSG00000127616	ENSG00000127616.23	ENST00000644327	ENST00000644327.1	11019591	11019701	1277	1387	ENSE00003477043	12	10989425	11062271					10989425	10960824	11079426	1277	1387	11019591	11019701
ENSG00000127616	ENSG00000127616.23	ENST00000644327	ENST00000644327.1	11021725	11021967	1388	1630	ENSE00003540089	13	10989425	11062271					10989425	10960824	11079426	1388	1630	11021725	11021967
ENSG00000127616	ENSG00000127616.23	ENST00000644327	ENST00000644327.1	11023518	11023631	1631	1744	ENSE00003484961	14	10989425	11062271					10989425	10960824	11079426	1631	1744	11023518	11023631
ENSG00000127616	ENSG00000127616.23	ENST00000644327	ENST00000644327.1	11024331	11024438	1745	1852	ENSE00003553172	15	10989425	11062271					10989425	10960824	11079426	1745	1852	11024331	11024438
ENSG00000127616	ENSG00000127616.23	ENST00000644327	ENST00000644327.1	11025422	11025508	1853	1939	ENSE00003692983	16	10989425	11062271					10989425	10960824	11079426	1853	1939	11025422	11025508
ENSG00000127616	ENSG00000127616.23	ENST00000644327	ENST00000644327.1	11026300	11026346	1940	1986	ENSE00003604518	17	10989425	11062271					10989425	10960824	11079426	1940	1986	11026300	11026346
ENSG00000127616	ENSG00000127616.23	ENST00000644327	ENST00000644327.1	11027784	11027950	1987	2153	ENSE00003459233	18	10989425	11062271					10989425	10960824	11079426	1987	2153	11027784	11027950
ENSG00000127616	ENSG00000127616.23	ENST00000644327	ENST00000644327.1	11030730	11030893	2154	2317	ENSE00003676000	19	10989425	11062271					10989425	10960824	11079426	2154	2317	11030730	11030893
ENSG00000127616	ENSG00000127616.23	ENST00000644327	ENST00000644327.1	11033290	11033517	2318	2545	ENSE00003655405	20	10989425	11062271					10989425	10960824	11079426	2318	2545	11033290	11033517
ENSG00000127616	ENSG00000127616.23	ENST00000644327	ENST00000644327.1	11034123	11034200	2546	2623	ENSE00003703701	21	10989425	11062271					10989425	10960824	11079426	2546	2623	11034123	11034200
ENSG00000127616	ENSG00000127616.23	ENST00000644327	ENST00000644327.1	11034914	11035132	2624	2842	ENSE00003708931	22	10989425	11062271					10989425	10960824	11079426	2624	2842	11034914	11035132
ENSG00000127616	ENSG00000127616.23	ENST00000644327	ENST00000644327.1	11041307	11041560	2843	3096	ENSE00003547338	23	10989425	11062271					10989425	10960824	11079426	2843	3096	11041307	11041560
ENSG00000127616	ENSG00000127616.23	ENST00000644327	ENST00000644327.1	11059753	11059885			ENSE00003991448	27	10989425	11062271			11059753	11059885	10989425	10960824	11079426				
ENSG00000127616	ENSG00000127616.23	ENST00000644327	ENST00000644327.1	11060045	11060187			ENSE00003991450	28	10989425	11062271			11060045	11060187	10989425	10960824	11079426				
ENSG00000127616	ENSG00000127616.23	ENST00000644327	ENST00000644327.1	10989425	10989443	1	19	ENSE00003486935	1	10989425	11062271					10989425	10960824	11079426	1	19	10989425	10989443
ENSG00000127616	ENSG00000127616.23	ENST00000644327	ENST00000644327.1	10996497	10996544	536	583	ENSE00003824071	5	10989425	11062271					10989425	10960824	11079426	536	583	10996497	10996544
ENSG00000127616	ENSG00000127616.23	ENST00000644327	ENST00000644327.1	11056217	11056382	3097	3142	ENSE00003816321	24	10989425	11062271			11056263	11056382	10989425	10960824	11079426	3097	3142	11056217	11056262
ENSG00000127616	ENSG00000127616.23	ENST00000644327	ENST00000644327.1	11058255	11058363			ENSE00003578378	25	10989425	11062271			11058255	11058363	10989425	10960824	11079426				
ENSG00000127616	ENSG00000127616.23	ENST00000644327	ENST00000644327.1	11058788	11058889			ENSE00003599817	26	10989425	11062271			11058788	11058889	10989425	10960824	11079426				
ENSG00000127616	ENSG00000127616.23	ENST00000644327	ENST00000644327.1	11061784	11062271			ENSE00003818063	29	10989425	11062271			11061784	11062271	10989425	10960824	11079426				
ENSG00000127616	ENSG00000127616.23	ENST00000644065	ENST00000644065.1	10994828	10995001	150	323	ENSE00003546739	2	10991175	11062040					10991175	10960824	11079426	150	323	10994828	10995001
ENSG00000127616	ENSG00000127616.23	ENST00000644065	ENST00000644065.1	10996213	10996380	324	491	ENSE00003527768	3	10991175	11062040					10991175	10960824	11079426	324	491	10996213	10996380
ENSG00000127616	ENSG00000127616.23	ENST00000644065	ENST00000644065.1	11003029	11003159	540	670	ENSE00003667107	5	10991175	11062040					10991175	10960824	11079426	540	670	11003029	11003159
ENSG00000127616	ENSG00000127616.23	ENST00000644065	ENST00000644065.1	11003340	11003397	671	728	ENSE00003539754	6	10991175	11062040					10991175	10960824	11079426	671	728	11003340	11003397
ENSG00000127616	ENSG00000127616.23	ENST00000644065	ENST00000644065.1	11007902	11008023	729	850	ENSE00003581372	7	10991175	11062040					10991175	10960824	11079426	729	850	11007902	11008023
ENSG00000127616	ENSG00000127616.23	ENST00000644065	ENST00000644065.1	11010381	11010531	851	1001	ENSE00003530860	8	10991175	11062040					10991175	10960824	11079426	851	1001	11010381	11010531
ENSG00000127616	ENSG00000127616.23	ENST00000644065	ENST00000644065.1	11012949	11013112	1002	1165	ENSE00003654082	9	10991175	11062040					10991175	10960824	11079426	1002	1165	11012949	11013112
ENSG00000127616	ENSG00000127616.23	ENST00000644065	ENST00000644065.1	11018957	11019023	1166	1232	ENSE00003474879	10	10991175	11062040					10991175	10960824	11079426	1166	1232	11018957	11019023
ENSG00000127616	ENSG00000127616.23	ENST00000644065	ENST00000644065.1	11019591	11019701	1233	1343	ENSE00003477043	11	10991175	11062040					10991175	10960824	11079426	1233	1343	11019591	11019701
ENSG00000127616	ENSG00000127616.23	ENST00000644065	ENST00000644065.1	11021725	11021967	1344	1586	ENSE00003540089	12	10991175	11062040					10991175	10960824	11079426	1344	1586	11021725	11021967
ENSG00000127616	ENSG00000127616.23	ENST00000644065	ENST00000644065.1	11023518	11023631	1587	1700	ENSE00003484961	13	10991175	11062040					10991175	10960824	11079426	1587	1700	11023518	11023631
ENSG00000127616	ENSG00000127616.23	ENST00000644065	ENST00000644065.1	11024331	11024438	1701	1808	ENSE00003553172	14	10991175	11062040					10991175	10960824	11079426	1701	1808	11024331	11024438
ENSG00000127616	ENSG00000127616.23	ENST00000644065	ENST00000644065.1	11025422	11025508	1809	1895	ENSE00003692983	15	10991175	11062040					10991175	10960824	11079426	1809	1895	11025422	11025508
ENSG00000127616	ENSG00000127616.23	ENST00000644065	ENST00000644065.1	11026300	11026346	1896	1942	ENSE00003604518	16	10991175	11062040					10991175	10960824	11079426	1896	1942	11026300	11026346
ENSG00000127616	ENSG00000127616.23	ENST00000644065	ENST00000644065.1	11027784	11027950	1943	2109	ENSE00003459233	17	10991175	11062040					10991175	10960824	11079426	1943	2109	11027784	11027950
ENSG00000127616	ENSG00000127616.23	ENST00000644065	ENST00000644065.1	11030730	11030893	2110	2273	ENSE00003676000	18	10991175	11062040					10991175	10960824	11079426	2110	2273	11030730	11030893
ENSG00000127616	ENSG00000127616.23	ENST00000644065	ENST00000644065.1	11033290	11033517	2274	2501	ENSE00003655405	19	10991175	11062040					10991175	10960824	11079426	2274	2501	11033290	11033517
ENSG00000127616	ENSG00000127616.23	ENST00000644065	ENST00000644065.1	11034123	11034200	2502	2579	ENSE00003703701	20	10991175	11062040					10991175	10960824	11079426	2502	2579	11034123	11034200
ENSG00000127616	ENSG00000127616.23	ENST00000644065	ENST00000644065.1	11034914	11035132	2580	2798	ENSE00003708931	21	10991175	11062040					10991175	10960824	11079426	2580	2798	11034914	11035132
ENSG00000127616	ENSG00000127616.23	ENST00000644065	ENST00000644065.1	11041298	11041560	2799	3061	ENSE00003707185	22	10991175	11062040					10991175	10960824	11079426	2799	3061	11041298	11041560
ENSG00000127616	ENSG00000127616.23	ENST00000644065	ENST00000644065.1	11058788	11058889	3168	3269	ENSE00003687872	24	10991175	11062040					10991175	10960824	11079426	3168	3269	11058788	11058889
ENSG00000127616	ENSG00000127616.23	ENST00000644065	ENST00000644065.1	11059753	11059885	3270	3402	ENSE00003582123	25	10991175	11062040					10991175	10960824	11079426	3270	3402	11059753	11059885
ENSG00000127616	ENSG00000127616.23	ENST00000644065	ENST00000644065.1	11060045	11060187	3403	3545	ENSE00003694052	26	10991175	11062040					10991175	10960824	11079426	3403	3545	11060045	11060187
ENSG00000127616	ENSG00000127616.23	ENST00000644065	ENST00000644065.1	11058258	11058363	3062	3167	ENSE00001653058	23	10991175	11062040					10991175	10960824	11079426	3062	3167	11058258	11058363
ENSG00000127616	ENSG00000127616.23	ENST00000644065	ENST00000644065.1	10996497	10996544	492	539	ENSE00003824071	4	10991175	11062040					10991175	10960824	11079426	492	539	10996497	10996544
ENSG00000127616	ENSG00000127616.23	ENST00000644065	ENST00000644065.1	10991175	10991323	1	149	ENSE00003487755	1	10991175	11062040					10991175	10960824	11079426	1	149	10991175	10991323
ENSG00000127616	ENSG00000127616.23	ENST00000644065	ENST00000644065.1	11061784	11062040	3546	3578	ENSE00002264866	27	10991175	11062040			11061817	11062040	10991175	10960824	11079426	3546	3578	11061784	11061816
ENSG00000127616	ENSG00000127616.23	ENST00000644963	ENST00000644963.1	10994828	10995001	65	238	ENSE00003546739	2	10991260	11062266					10991260	10960824	11079426	65	238	10994828	10995001
ENSG00000127616	ENSG00000127616.23	ENST00000644963	ENST00000644963.1	10996213	10996380	239	406	ENSE00003527768	3	10991260	11062266					10991260	10960824	11079426	239	406	10996213	10996380
ENSG00000127616	ENSG00000127616.23	ENST00000644963	ENST00000644963.1	10996494	10996544	407	457	ENSE00003667937	4	10991260	11062266					10991260	10960824	11079426	407	457	10996494	10996544
ENSG00000127616	ENSG00000127616.23	ENST00000644963	ENST00000644963.1	11003029	11003159	458	588	ENSE00003667107	5	10991260	11062266					10991260	10960824	11079426	458	588	11003029	11003159
ENSG00000127616	ENSG00000127616.23	ENST00000644963	ENST00000644963.1	11003340	11003397	589	646	ENSE00003539754	6	10991260	11062266					10991260	10960824	11079426	589	646	11003340	11003397
ENSG00000127616	ENSG00000127616.23	ENST00000644963	ENST00000644963.1	11007902	11008023	647	768	ENSE00003581372	7	10991260	11062266					10991260	10960824	11079426	647	768	11007902	11008023
ENSG00000127616	ENSG00000127616.23	ENST00000644963	ENST00000644963.1	11010381	11010531	769	919	ENSE00003530860	8	10991260	11062266					10991260	10960824	11079426	769	919	11010381	11010531
ENSG00000127616	ENSG00000127616.23	ENST00000644963	ENST00000644963.1	11012949	11013112	920	1083	ENSE00003654082	9	10991260	11062266					10991260	10960824	11079426	920	1083	11012949	11013112
ENSG00000127616	ENSG00000127616.23	ENST00000644963	ENST00000644963.1	11018957	11019023	1084	1150	ENSE00003474879	10	10991260	11062266					10991260	10960824	11079426	1084	1150	11018957	11019023
ENSG00000127616	ENSG00000127616.23	ENST00000644963	ENST00000644963.1	11019591	11019701	1151	1261	ENSE00003477043	11	10991260	11062266					10991260	10960824	11079426	1151	1261	11019591	11019701
ENSG00000127616	ENSG00000127616.23	ENST00000644963	ENST00000644963.1	11021725	11021967	1262	1504	ENSE00003540089	12	10991260	11062266					10991260	10960824	11079426	1262	1504	11021725	11021967
ENSG00000127616	ENSG00000127616.23	ENST00000644963	ENST00000644963.1	11023518	11023631	1505	1618	ENSE00003484961	13	10991260	11062266					10991260	10960824	11079426	1505	1618	11023518	11023631
ENSG00000127616	ENSG00000127616.23	ENST00000644963	ENST00000644963.1	11024331	11024438	1619	1726	ENSE00003553172	14	10991260	11062266					10991260	10960824	11079426	1619	1726	11024331	11024438
ENSG00000127616	ENSG00000127616.23	ENST00000644963	ENST00000644963.1	11025422	11025508	1727	1813	ENSE00003692983	15	10991260	11062266					10991260	10960824	11079426	1727	1813	11025422	11025508
ENSG00000127616	ENSG00000127616.23	ENST00000644963	ENST00000644963.1	11026300	11026346	1814	1860	ENSE00003604518	16	10991260	11062266					10991260	10960824	11079426	1814	1860	11026300	11026346
ENSG00000127616	ENSG00000127616.23	ENST00000644963	ENST00000644963.1	11027784	11027950	1861	2027	ENSE00003459233	17	10991260	11062266					10991260	10960824	11079426	1861	2027	11027784	11027950
ENSG00000127616	ENSG00000127616.23	ENST00000644963	ENST00000644963.1	11030730	11030893	2028	2191	ENSE00003676000	18	10991260	11062266					10991260	10960824	11079426	2028	2191	11030730	11030893
ENSG00000127616	ENSG00000127616.23	ENST00000644963	ENST00000644963.1	11033290	11033517	2192	2419	ENSE00003655405	19	10991260	11062266					10991260	10960824	11079426	2192	2419	11033290	11033517
ENSG00000127616	ENSG00000127616.23	ENST00000644963	ENST00000644963.1	11034123	11034200	2519	2596	ENSE00003703701	21	10991260	11062266					10991260	10960824	11079426	2519	2596	11034123	11034200
ENSG00000127616	ENSG00000127616.23	ENST00000644963	ENST00000644963.1	11034914	11035132	2597	2815	ENSE00003708931	22	10991260	11062266					10991260	10960824	11079426	2597	2815	11034914	11035132
ENSG00000127616	ENSG00000127616.23	ENST00000644963	ENST00000644963.1	11041298	11041560	2816	3078	ENSE00003707185	23	10991260	11062266					10991260	10960824	11079426	2816	3078	11041298	11041560
ENSG00000127616	ENSG00000127616.23	ENST00000644963	ENST00000644963.1	11058788	11058889	3185	3286	ENSE00003687872	25	10991260	11062266					10991260	10960824	11079426	3185	3286	11058788	11058889
ENSG00000127616	ENSG00000127616.23	ENST00000644963	ENST00000644963.1	11059753	11059885	3287	3419	ENSE00003582123	26	10991260	11062266					10991260	10960824	11079426	3287	3419	11059753	11059885
ENSG00000127616	ENSG00000127616.23	ENST00000644963	ENST00000644963.1	11060045	11060187	3420	3562	ENSE00003694052	27	10991260	11062266					10991260	10960824	11079426	3420	3562	11060045	11060187
ENSG00000127616	ENSG00000127616.23	ENST00000644963	ENST00000644963.1	11033767	11033865	2420	2518	ENSE00004014467	20	10991260	11062266					10991260	10960824	11079426	2420	2518	11033767	11033865
ENSG00000127616	ENSG00000127616.23	ENST00000644963	ENST00000644963.1	11058258	11058363	3079	3184	ENSE00001653058	24	10991260	11062266					10991260	10960824	11079426	3079	3184	11058258	11058363
ENSG00000127616	ENSG00000127616.23	ENST00000644963	ENST00000644963.1	11061784	11062266	3563	3595	ENSE00003825187	28	10991260	11062266			11061817	11062266	10991260	10960824	11079426	3563	3595	11061784	11061816
ENSG00000127616	ENSG00000127616.23	ENST00000644963	ENST00000644963.1	10991260	10991323	1	64	ENSE00003818467	1	10991260	11062266					10991260	10960824	11079426	1	64	10991260	10991323
ENSG00000127616	ENSG00000127616.23	ENST00000643208	ENST00000643208.1	10996213	10996380	151	318	ENSE00003527768	2	10994852	11062258					10994852	10960824	11079426	151	318	10996213	10996380
ENSG00000127616	ENSG00000127616.23	ENST00000643208	ENST00000643208.1	10996494	10996544	319	369	ENSE00003667937	3	10994852	11062258					10994852	10960824	11079426	319	369	10996494	10996544
ENSG00000127616	ENSG00000127616.23	ENST00000643208	ENST00000643208.1	11003029	11003159	370	500	ENSE00003667107	4	10994852	11062258					10994852	10960824	11079426	370	500	11003029	11003159
ENSG00000127616	ENSG00000127616.23	ENST00000643208	ENST00000643208.1	11003340	11003397	501	558	ENSE00003539754	5	10994852	11062258					10994852	10960824	11079426	501	558	11003340	11003397
ENSG00000127616	ENSG00000127616.23	ENST00000643208	ENST00000643208.1	11007902	11008023	559	680	ENSE00003581372	6	10994852	11062258					10994852	10960824	11079426	559	680	11007902	11008023
ENSG00000127616	ENSG00000127616.23	ENST00000643208	ENST00000643208.1	11010381	11010531	681	831	ENSE00003530860	7	10994852	11062258					10994852	10960824	11079426	681	831	11010381	11010531
ENSG00000127616	ENSG00000127616.23	ENST00000643208	ENST00000643208.1	11012949	11013112	832	995	ENSE00003654082	8	10994852	11062258					10994852	10960824	11079426	832	995	11012949	11013112
ENSG00000127616	ENSG00000127616.23	ENST00000643208	ENST00000643208.1	11018957	11019023	996	1062	ENSE00003474879	9	10994852	11062258					10994852	10960824	11079426	996	1062	11018957	11019023
ENSG00000127616	ENSG00000127616.23	ENST00000643208	ENST00000643208.1	11019591	11019701	1063	1173	ENSE00003477043	10	10994852	11062258					10994852	10960824	11079426	1063	1173	11019591	11019701
ENSG00000127616	ENSG00000127616.23	ENST00000643208	ENST00000643208.1	11021725	11021967	1174	1416	ENSE00003540089	11	10994852	11062258					10994852	10960824	11079426	1174	1416	11021725	11021967
ENSG00000127616	ENSG00000127616.23	ENST00000643208	ENST00000643208.1	11023518	11023631	1417	1530	ENSE00003484961	12	10994852	11062258					10994852	10960824	11079426	1417	1530	11023518	11023631
ENSG00000127616	ENSG00000127616.23	ENST00000643208	ENST00000643208.1	11024331	11024438	1531	1638	ENSE00003553172	13	10994852	11062258					10994852	10960824	11079426	1531	1638	11024331	11024438
ENSG00000127616	ENSG00000127616.23	ENST00000643208	ENST00000643208.1	11025422	11025508	1639	1725	ENSE00003692983	14	10994852	11062258					10994852	10960824	11079426	1639	1725	11025422	11025508
ENSG00000127616	ENSG00000127616.23	ENST00000643208	ENST00000643208.1	11026300	11026346	1726	1772	ENSE00003604518	15	10994852	11062258					10994852	10960824	11079426	1726	1772	11026300	11026346
ENSG00000127616	ENSG00000127616.23	ENST00000643208	ENST00000643208.1	11027784	11027950	1773	1939	ENSE00003459233	16	10994852	11062258					10994852	10960824	11079426	1773	1939	11027784	11027950
ENSG00000127616	ENSG00000127616.23	ENST00000643208	ENST00000643208.1	11030730	11030893	1940	2103	ENSE00003676000	17	10994852	11062258					10994852	10960824	11079426	1940	2103	11030730	11030893
ENSG00000127616	ENSG00000127616.23	ENST00000643208	ENST00000643208.1	11033290	11033517	2104	2331	ENSE00003655405	18	10994852	11062258					10994852	10960824	11079426	2104	2331	11033290	11033517
ENSG00000127616	ENSG00000127616.23	ENST00000643208	ENST00000643208.1	11034123	11034200	2431	2508	ENSE00003703701	20	10994852	11062258					10994852	10960824	11079426	2431	2508	11034123	11034200
ENSG00000127616	ENSG00000127616.23	ENST00000643208	ENST00000643208.1	11034914	11035132	2509	2727	ENSE00003708931	21	10994852	11062258					10994852	10960824	11079426	2509	2727	11034914	11035132
ENSG00000127616	ENSG00000127616.23	ENST00000643208	ENST00000643208.1	11058788	11058889	3088	3189	ENSE00003687872	24	10994852	11062258					10994852	10960824	11079426	3088	3189	11058788	11058889
ENSG00000127616	ENSG00000127616.23	ENST00000643208	ENST00000643208.1	11059753	11059885	3190	3322	ENSE00003582123	25	10994852	11062258					10994852	10960824	11079426	3190	3322	11059753	11059885
ENSG00000127616	ENSG00000127616.23	ENST00000643208	ENST00000643208.1	11060045	11060187	3323	3465	ENSE00003694052	26	10994852	11062258					10994852	10960824	11079426	3323	3465	11060045	11060187
ENSG00000127616	ENSG00000127616.23	ENST00000643208	ENST00000643208.1	11041307	11041560	2728	2981	ENSE00003547338	22	10994852	11062258					10994852	10960824	11079426	2728	2981	11041307	11041560
ENSG00000127616	ENSG00000127616.23	ENST00000643208	ENST00000643208.1	11033767	11033865	2332	2430	ENSE00004014467	19	10994852	11062258					10994852	10960824	11079426	2332	2430	11033767	11033865
ENSG00000127616	ENSG00000127616.23	ENST00000643208	ENST00000643208.1	11058258	11058363	2982	3087	ENSE00001653058	23	10994852	11062258					10994852	10960824	11079426	2982	3087	11058258	11058363
ENSG00000127616	ENSG00000127616.23	ENST00000643208	ENST00000643208.1	10994852	10995001	1	150	ENSE00003481867	1	10994852	11062258					10994852	10960824	11079426	1	150	10994852	10995001
ENSG00000127616	ENSG00000127616.23	ENST00000643208	ENST00000643208.1	11061784	11062258	3466	3498	ENSE00003831233	27	10994852	11062258			11061817	11062258	10994852	10960824	11079426	3466	3498	11061784	11061816
ENSG00000127616	ENSG00000127616.23	ENST00000642350	ENST00000642350.1	10996213	10996380	82	249	ENSE00003527768	2	10994921	11062128					10994921	10960824	11079426	82	249	10996213	10996380
ENSG00000127616	ENSG00000127616.23	ENST00000642350	ENST00000642350.1	11003029	11003159	298	428	ENSE00003667107	4	10994921	11062128					10994921	10960824	11079426	298	428	11003029	11003159
ENSG00000127616	ENSG00000127616.23	ENST00000642350	ENST00000642350.1	11003340	11003397	429	486	ENSE00003539754	5	10994921	11062128					10994921	10960824	11079426	429	486	11003340	11003397
ENSG00000127616	ENSG00000127616.23	ENST00000642350	ENST00000642350.1	11007902	11008023	487	608	ENSE00003581372	6	10994921	11062128					10994921	10960824	11079426	487	608	11007902	11008023
ENSG00000127616	ENSG00000127616.23	ENST00000642350	ENST00000642350.1	11010381	11010531	609	759	ENSE00003530860	7	10994921	11062128					10994921	10960824	11079426	609	759	11010381	11010531
ENSG00000127616	ENSG00000127616.23	ENST00000642350	ENST00000642350.1	11012949	11013112	760	923	ENSE00003654082	8	10994921	11062128					10994921	10960824	11079426	760	923	11012949	11013112
ENSG00000127616	ENSG00000127616.23	ENST00000642350	ENST00000642350.1	11018957	11019023	924	990	ENSE00003474879	9	10994921	11062128					10994921	10960824	11079426	924	990	11018957	11019023
ENSG00000127616	ENSG00000127616.23	ENST00000642350	ENST00000642350.1	11019591	11019701	991	1101	ENSE00003477043	10	10994921	11062128					10994921	10960824	11079426	991	1101	11019591	11019701
ENSG00000127616	ENSG00000127616.23	ENST00000642350	ENST00000642350.1	11021725	11021967	1102	1344	ENSE00003540089	11	10994921	11062128					10994921	10960824	11079426	1102	1344	11021725	11021967
ENSG00000127616	ENSG00000127616.23	ENST00000642350	ENST00000642350.1	11023518	11023631	1345	1458	ENSE00003484961	12	10994921	11062128					10994921	10960824	11079426	1345	1458	11023518	11023631
ENSG00000127616	ENSG00000127616.23	ENST00000642350	ENST00000642350.1	11024331	11024438	1459	1566	ENSE00003553172	13	10994921	11062128					10994921	10960824	11079426	1459	1566	11024331	11024438
ENSG00000127616	ENSG00000127616.23	ENST00000642350	ENST00000642350.1	11025422	11025508	1567	1653	ENSE00003692983	14	10994921	11062128					10994921	10960824	11079426	1567	1653	11025422	11025508
ENSG00000127616	ENSG00000127616.23	ENST00000642350	ENST00000642350.1	11026300	11026346	1654	1700	ENSE00003604518	15	10994921	11062128					10994921	10960824	11079426	1654	1700	11026300	11026346
ENSG00000127616	ENSG00000127616.23	ENST00000642350	ENST00000642350.1	11027784	11027950	1701	1867	ENSE00003459233	16	10994921	11062128					10994921	10960824	11079426	1701	1867	11027784	11027950
ENSG00000127616	ENSG00000127616.23	ENST00000642350	ENST00000642350.1	11030730	11030893	1868	2031	ENSE00003676000	17	10994921	11062128					10994921	10960824	11079426	1868	2031	11030730	11030893
ENSG00000127616	ENSG00000127616.23	ENST00000642350	ENST00000642350.1	11033290	11033517	2032	2259	ENSE00003655405	18	10994921	11062128					10994921	10960824	11079426	2032	2259	11033290	11033517
ENSG00000127616	ENSG00000127616.23	ENST00000642350	ENST00000642350.1	11034123	11034200	2359	2436	ENSE00003703701	20	10994921	11062128					10994921	10960824	11079426	2359	2436	11034123	11034200
ENSG00000127616	ENSG00000127616.23	ENST00000642350	ENST00000642350.1	11034914	11035132	2437	2655	ENSE00003708931	21	10994921	11062128					10994921	10960824	11079426	2437	2655	11034914	11035132
ENSG00000127616	ENSG00000127616.23	ENST00000642350	ENST00000642350.1	11041298	11041560	2656	2918	ENSE00003707185	22	10994921	11062128					10994921	10960824	11079426	2656	2918	11041298	11041560
ENSG00000127616	ENSG00000127616.23	ENST00000642350	ENST00000642350.1	11058255	11058363	2919	3027	ENSE00003468652	23	10994921	11062128					10994921	10960824	11079426	2919	3027	11058255	11058363
ENSG00000127616	ENSG00000127616.23	ENST00000642350	ENST00000642350.1	11058788	11058889	3028	3129	ENSE00003687872	24	10994921	11062128					10994921	10960824	11079426	3028	3129	11058788	11058889
ENSG00000127616	ENSG00000127616.23	ENST00000642350	ENST00000642350.1	11059753	11059885	3130	3262	ENSE00003582123	25	10994921	11062128					10994921	10960824	11079426	3130	3262	11059753	11059885
ENSG00000127616	ENSG00000127616.23	ENST00000642350	ENST00000642350.1	11060045	11060187	3263	3405	ENSE00003694052	26	10994921	11062128					10994921	10960824	11079426	3263	3405	11060045	11060187
ENSG00000127616	ENSG00000127616.23	ENST00000642350	ENST00000642350.1	11033767	11033865	2260	2358	ENSE00004014467	19	10994921	11062128					10994921	10960824	11079426	2260	2358	11033767	11033865
ENSG00000127616	ENSG00000127616.23	ENST00000642350	ENST00000642350.1	10996497	10996544	250	297	ENSE00003824071	3	10994921	11062128					10994921	10960824	11079426	250	297	10996497	10996544
ENSG00000127616	ENSG00000127616.23	ENST00000642350	ENST00000642350.1	10994921	10995001	1	81	ENSE00003826825	1	10994921	11062128					10994921	10960824	11079426	1	81	10994921	10995001
ENSG00000127616	ENSG00000127616.23	ENST00000642350	ENST00000642350.1	11061784	11062128	3406	3438	ENSE00003825543	27	10994921	11062128			11061817	11062128	10994921	10960824	11079426	3406	3438	11061784	11061816
ENSG00000127616	ENSG00000127616.23	ENST00000645061	ENST00000645061.1	10996213	10996380	82	249	ENSE00003527768	2	10994921	11062253					10994921	10960824	11079426	82	249	10996213	10996380
ENSG00000127616	ENSG00000127616.23	ENST00000645061	ENST00000645061.1	10996494	10996544	250	300	ENSE00003667937	3	10994921	11062253					10994921	10960824	11079426	250	300	10996494	10996544
ENSG00000127616	ENSG00000127616.23	ENST00000645061	ENST00000645061.1	11003029	11003159	301	431	ENSE00003667107	4	10994921	11062253					10994921	10960824	11079426	301	431	11003029	11003159
ENSG00000127616	ENSG00000127616.23	ENST00000645061	ENST00000645061.1	11003340	11003397	432	489	ENSE00003539754	5	10994921	11062253					10994921	10960824	11079426	432	489	11003340	11003397
ENSG00000127616	ENSG00000127616.23	ENST00000645061	ENST00000645061.1	11007902	11008023	490	611	ENSE00003581372	6	10994921	11062253					10994921	10960824	11079426	490	611	11007902	11008023
ENSG00000127616	ENSG00000127616.23	ENST00000645061	ENST00000645061.1	11010381	11010531	612	762	ENSE00003530860	7	10994921	11062253					10994921	10960824	11079426	612	762	11010381	11010531
ENSG00000127616	ENSG00000127616.23	ENST00000645061	ENST00000645061.1	11012949	11013112	763	926	ENSE00003654082	8	10994921	11062253					10994921	10960824	11079426	763	926	11012949	11013112
ENSG00000127616	ENSG00000127616.23	ENST00000645061	ENST00000645061.1	11018957	11019023	927	993	ENSE00003474879	9	10994921	11062253					10994921	10960824	11079426	927	993	11018957	11019023
ENSG00000127616	ENSG00000127616.23	ENST00000645061	ENST00000645061.1	11019591	11019701	994	1104	ENSE00003477043	10	10994921	11062253					10994921	10960824	11079426	994	1104	11019591	11019701
ENSG00000127616	ENSG00000127616.23	ENST00000645061	ENST00000645061.1	11021725	11021967	1105	1347	ENSE00003540089	11	10994921	11062253					10994921	10960824	11079426	1105	1347	11021725	11021967
ENSG00000127616	ENSG00000127616.23	ENST00000645061	ENST00000645061.1	11023518	11023631	1348	1461	ENSE00003484961	12	10994921	11062253					10994921	10960824	11079426	1348	1461	11023518	11023631
ENSG00000127616	ENSG00000127616.23	ENST00000645061	ENST00000645061.1	11024331	11024438	1462	1569	ENSE00003553172	13	10994921	11062253					10994921	10960824	11079426	1462	1569	11024331	11024438
ENSG00000127616	ENSG00000127616.23	ENST00000645061	ENST00000645061.1	11025422	11025508	1570	1656	ENSE00003692983	14	10994921	11062253					10994921	10960824	11079426	1570	1656	11025422	11025508
ENSG00000127616	ENSG00000127616.23	ENST00000645061	ENST00000645061.1	11026300	11026346	1657	1703	ENSE00003604518	15	10994921	11062253					10994921	10960824	11079426	1657	1703	11026300	11026346
ENSG00000127616	ENSG00000127616.23	ENST00000645061	ENST00000645061.1	11027784	11027950	1704	1870	ENSE00003459233	16	10994921	11062253					10994921	10960824	11079426	1704	1870	11027784	11027950
ENSG00000127616	ENSG00000127616.23	ENST00000645061	ENST00000645061.1	11030730	11030893	1871	2034	ENSE00003676000	17	10994921	11062253					10994921	10960824	11079426	1871	2034	11030730	11030893
ENSG00000127616	ENSG00000127616.23	ENST00000645061	ENST00000645061.1	11033290	11033517	2035	2262	ENSE00003655405	18	10994921	11062253					10994921	10960824	11079426	2035	2262	11033290	11033517
ENSG00000127616	ENSG00000127616.23	ENST00000645061	ENST00000645061.1	11034123	11034200	2362	2439	ENSE00003703701	20	10994921	11062253					10994921	10960824	11079426	2362	2439	11034123	11034200
ENSG00000127616	ENSG00000127616.23	ENST00000645061	ENST00000645061.1	11034914	11035132	2440	2658	ENSE00003708931	21	10994921	11062253					10994921	10960824	11079426	2440	2658	11034914	11035132
ENSG00000127616	ENSG00000127616.23	ENST00000645061	ENST00000645061.1	11041307	11041560	2659	2912	ENSE00003547338	22	10994921	11062253					10994921	10960824	11079426	2659	2912	11041307	11041560
ENSG00000127616	ENSG00000127616.23	ENST00000645061	ENST00000645061.1	11033767	11033865	2263	2361	ENSE00004014467	19	10994921	11062253					10994921	10960824	11079426	2263	2361	11033767	11033865
ENSG00000127616	ENSG00000127616.23	ENST00000645061	ENST00000645061.1	11059753	11059885			ENSE00003991448	26	10994921	11062253			11059753	11059885	10994921	10960824	11079426				
ENSG00000127616	ENSG00000127616.23	ENST00000645061	ENST00000645061.1	11060045	11060187			ENSE00003991450	27	10994921	11062253			11060045	11060187	10994921	10960824	11079426				
ENSG00000127616	ENSG00000127616.23	ENST00000645061	ENST00000645061.1	11056217	11056382	2913	2958	ENSE00003816321	23	10994921	11062253			11056263	11056382	10994921	10960824	11079426	2913	2958	11056217	11056262
ENSG00000127616	ENSG00000127616.23	ENST00000645061	ENST00000645061.1	11058255	11058363			ENSE00003578378	24	10994921	11062253			11058255	11058363	10994921	10960824	11079426				
ENSG00000127616	ENSG00000127616.23	ENST00000645061	ENST00000645061.1	11058788	11058889			ENSE00003599817	25	10994921	11062253			11058788	11058889	10994921	10960824	11079426				
ENSG00000127616	ENSG00000127616.23	ENST00000645061	ENST00000645061.1	10994921	10995001	1	81	ENSE00003826825	1	10994921	11062253					10994921	10960824	11079426	1	81	10994921	10995001
ENSG00000127616	ENSG00000127616.23	ENST00000645061	ENST00000645061.1	11061784	11062253			ENSE00003819634	28	10994921	11062253			11061784	11062253	10994921	10960824	11079426				
ENSG00000127616	ENSG00000127616.23	ENST00000644290	ENST00000644290.1	10996213	10996380	5	172	ENSE00003527768	2	10994998	11032445					10994998	10960824	11079426	5	172	10996213	10996380
ENSG00000127616	ENSG00000127616.23	ENST00000644290	ENST00000644290.1	11003029	11003159	221	351	ENSE00003667107	4	10994998	11032445					10994998	10960824	11079426	221	351	11003029	11003159
ENSG00000127616	ENSG00000127616.23	ENST00000644290	ENST00000644290.1	11003340	11003397	352	409	ENSE00003539754	5	10994998	11032445					10994998	10960824	11079426	352	409	11003340	11003397
ENSG00000127616	ENSG00000127616.23	ENST00000644290	ENST00000644290.1	11007902	11008023	410	531	ENSE00003581372	6	10994998	11032445					10994998	10960824	11079426	410	531	11007902	11008023
ENSG00000127616	ENSG00000127616.23	ENST00000644290	ENST00000644290.1	10996497	10996544	173	220	ENSE00003824071	3	10994998	11032445					10994998	10960824	11079426	173	220	10996497	10996544
ENSG00000127616	ENSG00000127616.23	ENST00000644290	ENST00000644290.1	10994998	10995001	1	4	ENSE00003815031	1	10994998	11032445					10994998	10960824	11079426	1	4	10994998	10995001
ENSG00000127616	ENSG00000127616.23	ENST00000644290	ENST00000644290.1	11012949	11013112	532	577	ENSE00003814600	7	10994998	11032445			11012995	11013112	10994998	10960824	11079426	532	577	11012949	11012994
ENSG00000127616	ENSG00000127616.23	ENST00000644290	ENST00000644290.1	11018957	11019023			ENSE00003501868	8	10994998	11032445			11018957	11019023	10994998	10960824	11079426				
ENSG00000127616	ENSG00000127616.23	ENST00000644290	ENST00000644290.1	11019591	11019701			ENSE00003627728	9	10994998	11032445			11019591	11019701	10994998	10960824	11079426				
ENSG00000127616	ENSG00000127616.23	ENST00000644290	ENST00000644290.1	11021725	11021967			ENSE00003537973	10	10994998	11032445			11021725	11021967	10994998	10960824	11079426				
ENSG00000127616	ENSG00000127616.23	ENST00000644290	ENST00000644290.1	11023518	11023631			ENSE00003678278	11	10994998	11032445			11023518	11023631	10994998	10960824	11079426				
ENSG00000127616	ENSG00000127616.23	ENST00000644290	ENST00000644290.1	11024331	11024438			ENSE00003487255	12	10994998	11032445			11024331	11024438	10994998	10960824	11079426				
ENSG00000127616	ENSG00000127616.23	ENST00000644290	ENST00000644290.1	11025422	11025508			ENSE00003539219	13	10994998	11032445			11025422	11025508	10994998	10960824	11079426				
ENSG00000127616	ENSG00000127616.23	ENST00000644290	ENST00000644290.1	11026300	11026346			ENSE00003668030	14	10994998	11032445			11026300	11026346	10994998	10960824	11079426				
ENSG00000127616	ENSG00000127616.23	ENST00000644290	ENST00000644290.1	11027784	11027950			ENSE00003459678	15	10994998	11032445			11027784	11027950	10994998	10960824	11079426				
ENSG00000127616	ENSG00000127616.23	ENST00000644290	ENST00000644290.1	11030730	11032445			ENSE00003818244	16	10994998	11032445			11030730	11032445	10994998	10960824	11079426				
ENSG00000127616	ENSG00000127616.23	ENST00000647268	ENST00000647268.1	11003029	11003159	166	296	ENSE00003667107	3	10996264	11062140					10996264	10960824	11079426	166	296	11003029	11003159
ENSG00000127616	ENSG00000127616.23	ENST00000647268	ENST00000647268.1	11003340	11003397	297	354	ENSE00003539754	4	10996264	11062140					10996264	10960824	11079426	297	354	11003340	11003397
ENSG00000127616	ENSG00000127616.23	ENST00000647268	ENST00000647268.1	11007902	11008023	355	476	ENSE00003581372	5	10996264	11062140					10996264	10960824	11079426	355	476	11007902	11008023
ENSG00000127616	ENSG00000127616.23	ENST00000647268	ENST00000647268.1	11010381	11010531	477	627	ENSE00003530860	6	10996264	11062140					10996264	10960824	11079426	477	627	11010381	11010531
ENSG00000127616	ENSG00000127616.23	ENST00000647268	ENST00000647268.1	11012949	11013112	628	791	ENSE00003654082	7	10996264	11062140					10996264	10960824	11079426	628	791	11012949	11013112
ENSG00000127616	ENSG00000127616.23	ENST00000647268	ENST00000647268.1	11018957	11019023	792	858	ENSE00003474879	8	10996264	11062140					10996264	10960824	11079426	792	858	11018957	11019023
ENSG00000127616	ENSG00000127616.23	ENST00000647268	ENST00000647268.1	11019591	11019701	859	969	ENSE00003477043	9	10996264	11062140					10996264	10960824	11079426	859	969	11019591	11019701
ENSG00000127616	ENSG00000127616.23	ENST00000647268	ENST00000647268.1	11021725	11021967	970	1212	ENSE00003540089	10	10996264	11062140					10996264	10960824	11079426	970	1212	11021725	11021967
ENSG00000127616	ENSG00000127616.23	ENST00000647268	ENST00000647268.1	11023518	11023631	1213	1326	ENSE00003484961	11	10996264	11062140					10996264	10960824	11079426	1213	1326	11023518	11023631
ENSG00000127616	ENSG00000127616.23	ENST00000647268	ENST00000647268.1	11024331	11024438	1327	1434	ENSE00003553172	12	10996264	11062140					10996264	10960824	11079426	1327	1434	11024331	11024438
ENSG00000127616	ENSG00000127616.23	ENST00000647268	ENST00000647268.1	11025422	11025508	1435	1521	ENSE00003692983	13	10996264	11062140					10996264	10960824	11079426	1435	1521	11025422	11025508
ENSG00000127616	ENSG00000127616.23	ENST00000647268	ENST00000647268.1	11026300	11026346	1522	1568	ENSE00003604518	14	10996264	11062140					10996264	10960824	11079426	1522	1568	11026300	11026346
ENSG00000127616	ENSG00000127616.23	ENST00000647268	ENST00000647268.1	11027784	11027950	1569	1735	ENSE00003459233	15	10996264	11062140					10996264	10960824	11079426	1569	1735	11027784	11027950
ENSG00000127616	ENSG00000127616.23	ENST00000647268	ENST00000647268.1	11030730	11030893	1736	1899	ENSE00003676000	16	10996264	11062140					10996264	10960824	11079426	1736	1899	11030730	11030893
ENSG00000127616	ENSG00000127616.23	ENST00000647268	ENST00000647268.1	11033290	11033517	1900	2127	ENSE00003655405	17	10996264	11062140					10996264	10960824	11079426	1900	2127	11033290	11033517
ENSG00000127616	ENSG00000127616.23	ENST00000647268	ENST00000647268.1	11034123	11034200	2128	2205	ENSE00003703701	18	10996264	11062140					10996264	10960824	11079426	2128	2205	11034123	11034200
ENSG00000127616	ENSG00000127616.23	ENST00000647268	ENST00000647268.1	11034914	11035132	2206	2424	ENSE00003708931	19	10996264	11062140					10996264	10960824	11079426	2206	2424	11034914	11035132
ENSG00000127616	ENSG00000127616.23	ENST00000647268	ENST00000647268.1	11058255	11058363	2679	2787	ENSE00003468652	21	10996264	11062140					10996264	10960824	11079426	2679	2787	11058255	11058363
ENSG00000127616	ENSG00000127616.23	ENST00000647268	ENST00000647268.1	11058788	11058889	2788	2889	ENSE00003687872	22	10996264	11062140					10996264	10960824	11079426	2788	2889	11058788	11058889
ENSG00000127616	ENSG00000127616.23	ENST00000647268	ENST00000647268.1	11059753	11059885	2890	3022	ENSE00003582123	23	10996264	11062140					10996264	10960824	11079426	2890	3022	11059753	11059885
ENSG00000127616	ENSG00000127616.23	ENST00000647268	ENST00000647268.1	11060045	11060187	3023	3165	ENSE00003694052	24	10996264	11062140					10996264	10960824	11079426	3023	3165	11060045	11060187
ENSG00000127616	ENSG00000127616.23	ENST00000647268	ENST00000647268.1	11041307	11041560	2425	2678	ENSE00003547338	20	10996264	11062140					10996264	10960824	11079426	2425	2678	11041307	11041560
ENSG00000127616	ENSG00000127616.23	ENST00000647268	ENST00000647268.1	10996497	10996544	118	165	ENSE00003824071	2	10996264	11062140					10996264	10960824	11079426	118	165	10996497	10996544
ENSG00000127616	ENSG00000127616.23	ENST00000647268	ENST00000647268.1	10996264	10996380	1	117	ENSE00003818364	1	10996264	11062140					10996264	10960824	11079426	1	117	10996264	10996380
ENSG00000127616	ENSG00000127616.23	ENST00000647268	ENST00000647268.1	11061784	11062140	3166	3198	ENSE00003822430	25	10996264	11062140			11061817	11062140	10996264	10960824	11079426	3166	3198	11061784	11061816
ENSG00000127616	ENSG00000127616.23	ENST00000644267	ENST00000644267.1	11018957	11019023			ENSE00003501868	8	10996265	11040314					10996265	10960824	11079426				
ENSG00000127616	ENSG00000127616.23	ENST00000644267	ENST00000644267.1	11019591	11019701			ENSE00003627728	9	10996265	11040314					10996265	10960824	11079426				
ENSG00000127616	ENSG00000127616.23	ENST00000644267	ENST00000644267.1	11021725	11021967			ENSE00003537973	10	10996265	11040314					10996265	10960824	11079426				
ENSG00000127616	ENSG00000127616.23	ENST00000644267	ENST00000644267.1	11023518	11023631			ENSE00003678278	11	10996265	11040314					10996265	10960824	11079426				
ENSG00000127616	ENSG00000127616.23	ENST00000644267	ENST00000644267.1	11024331	11024438			ENSE00003487255	12	10996265	11040314					10996265	10960824	11079426				
ENSG00000127616	ENSG00000127616.23	ENST00000644267	ENST00000644267.1	11025422	11025508			ENSE00003539219	13	10996265	11040314					10996265	10960824	11079426				
ENSG00000127616	ENSG00000127616.23	ENST00000644267	ENST00000644267.1	11026300	11026346			ENSE00003668030	14	10996265	11040314					10996265	10960824	11079426				
ENSG00000127616	ENSG00000127616.23	ENST00000644267	ENST00000644267.1	11027784	11027950			ENSE00003459678	15	10996265	11040314					10996265	10960824	11079426				
ENSG00000127616	ENSG00000127616.23	ENST00000644267	ENST00000644267.1	10996265	10996380			ENSE00003505843	1	10996265	11040314					10996265	10960824	11079426				
ENSG00000127616	ENSG00000127616.23	ENST00000644267	ENST00000644267.1	10996494	10996544			ENSE00003566841	2	10996265	11040314					10996265	10960824	11079426				
ENSG00000127616	ENSG00000127616.23	ENST00000644267	ENST00000644267.1	11003029	11003159			ENSE00003620878	3	10996265	11040314					10996265	10960824	11079426				
ENSG00000127616	ENSG00000127616.23	ENST00000644267	ENST00000644267.1	11003340	11003397			ENSE00003591934	4	10996265	11040314					10996265	10960824	11079426				
ENSG00000127616	ENSG00000127616.23	ENST00000644267	ENST00000644267.1	11007902	11008023			ENSE00003617495	5	10996265	11040314					10996265	10960824	11079426				
ENSG00000127616	ENSG00000127616.23	ENST00000644267	ENST00000644267.1	11010381	11010531			ENSE00003552858	6	10996265	11040314					10996265	10960824	11079426				
ENSG00000127616	ENSG00000127616.23	ENST00000644267	ENST00000644267.1	11012949	11013112			ENSE00003653061	7	10996265	11040314					10996265	10960824	11079426				
ENSG00000127616	ENSG00000127616.23	ENST00000644267	ENST00000644267.1	11030730	11030893			ENSE00003480471	16	10996265	11040314					10996265	10960824	11079426				
ENSG00000127616	ENSG00000127616.23	ENST00000644267	ENST00000644267.1	11033290	11033517			ENSE00003665568	17	10996265	11040314					10996265	10960824	11079426				
ENSG00000127616	ENSG00000127616.23	ENST00000644267	ENST00000644267.1	11033767	11033865			ENSE00003658718	18	10996265	11040314					10996265	10960824	11079426				
ENSG00000127616	ENSG00000127616.23	ENST00000644267	ENST00000644267.1	11034123	11034200			ENSE00003708984	19	10996265	11040314					10996265	10960824	11079426				
ENSG00000127616	ENSG00000127616.23	ENST00000644267	ENST00000644267.1	11034914	11035132			ENSE00003704574	20	10996265	11040314					10996265	10960824	11079426				
ENSG00000127616	ENSG00000127616.23	ENST00000644267	ENST00000644267.1	11039458	11040314			ENSE00003710151	21	10996265	11040314					10996265	10960824	11079426				
ENSG00000127616	ENSG00000127616.23	ENST00000643857	ENST00000643857.1	10996494	10996544	117	167	ENSE00003667937	2	10996265	11062247					10996265	10960824	11079426	117	167	10996494	10996544
ENSG00000127616	ENSG00000127616.23	ENST00000643857	ENST00000643857.1	11003029	11003159	168	298	ENSE00003667107	3	10996265	11062247					10996265	10960824	11079426	168	298	11003029	11003159
ENSG00000127616	ENSG00000127616.23	ENST00000643857	ENST00000643857.1	11003340	11003397	299	356	ENSE00003539754	4	10996265	11062247					10996265	10960824	11079426	299	356	11003340	11003397
ENSG00000127616	ENSG00000127616.23	ENST00000643857	ENST00000643857.1	11007902	11008023	357	478	ENSE00003581372	5	10996265	11062247					10996265	10960824	11079426	357	478	11007902	11008023
ENSG00000127616	ENSG00000127616.23	ENST00000643857	ENST00000643857.1	11010381	11010531	479	629	ENSE00003530860	6	10996265	11062247					10996265	10960824	11079426	479	629	11010381	11010531
ENSG00000127616	ENSG00000127616.23	ENST00000643857	ENST00000643857.1	11012949	11013112	630	793	ENSE00003654082	7	10996265	11062247					10996265	10960824	11079426	630	793	11012949	11013112
ENSG00000127616	ENSG00000127616.23	ENST00000643857	ENST00000643857.1	11018957	11019023	794	860	ENSE00003474879	8	10996265	11062247					10996265	10960824	11079426	794	860	11018957	11019023
ENSG00000127616	ENSG00000127616.23	ENST00000643857	ENST00000643857.1	11019591	11019701	861	971	ENSE00003477043	9	10996265	11062247					10996265	10960824	11079426	861	971	11019591	11019701
ENSG00000127616	ENSG00000127616.23	ENST00000643857	ENST00000643857.1	11021725	11021967	972	1214	ENSE00003540089	10	10996265	11062247					10996265	10960824	11079426	972	1214	11021725	11021967
ENSG00000127616	ENSG00000127616.23	ENST00000643857	ENST00000643857.1	11023518	11023631	1215	1328	ENSE00003484961	11	10996265	11062247					10996265	10960824	11079426	1215	1328	11023518	11023631
ENSG00000127616	ENSG00000127616.23	ENST00000643857	ENST00000643857.1	11024331	11024438	1329	1436	ENSE00003553172	12	10996265	11062247					10996265	10960824	11079426	1329	1436	11024331	11024438
ENSG00000127616	ENSG00000127616.23	ENST00000643857	ENST00000643857.1	11025422	11025508	1437	1523	ENSE00003692983	13	10996265	11062247					10996265	10960824	11079426	1437	1523	11025422	11025508
ENSG00000127616	ENSG00000127616.23	ENST00000643857	ENST00000643857.1	11026300	11026346	1524	1570	ENSE00003604518	14	10996265	11062247					10996265	10960824	11079426	1524	1570	11026300	11026346
ENSG00000127616	ENSG00000127616.23	ENST00000643857	ENST00000643857.1	11027784	11027950	1571	1737	ENSE00003459233	15	10996265	11062247					10996265	10960824	11079426	1571	1737	11027784	11027950
ENSG00000127616	ENSG00000127616.23	ENST00000643857	ENST00000643857.1	11030730	11030893	1738	1901	ENSE00003676000	16	10996265	11062247					10996265	10960824	11079426	1738	1901	11030730	11030893
ENSG00000127616	ENSG00000127616.23	ENST00000643857	ENST00000643857.1	11033290	11033517	1902	2129	ENSE00003655405	17	10996265	11062247					10996265	10960824	11079426	1902	2129	11033290	11033517
ENSG00000127616	ENSG00000127616.23	ENST00000643857	ENST00000643857.1	11034123	11034200	2229	2306	ENSE00003703701	19	10996265	11062247					10996265	10960824	11079426	2229	2306	11034123	11034200
ENSG00000127616	ENSG00000127616.23	ENST00000643857	ENST00000643857.1	11034914	11035132	2307	2525	ENSE00003708931	20	10996265	11062247					10996265	10960824	11079426	2307	2525	11034914	11035132
ENSG00000127616	ENSG00000127616.23	ENST00000643857	ENST00000643857.1	11041298	11041560	2526	2788	ENSE00003707185	21	10996265	11062247					10996265	10960824	11079426	2526	2788	11041298	11041560
ENSG00000127616	ENSG00000127616.23	ENST00000643857	ENST00000643857.1	11058255	11058363	2789	2897	ENSE00003468652	22	10996265	11062247					10996265	10960824	11079426	2789	2897	11058255	11058363
ENSG00000127616	ENSG00000127616.23	ENST00000643857	ENST00000643857.1	11059753	11059885	2898	3030	ENSE00003582123	23	10996265	11062247					10996265	10960824	11079426	2898	3030	11059753	11059885
ENSG00000127616	ENSG00000127616.23	ENST00000643857	ENST00000643857.1	11060045	11060187	3031	3173	ENSE00003694052	24	10996265	11062247					10996265	10960824	11079426	3031	3173	11060045	11060187
ENSG00000127616	ENSG00000127616.23	ENST00000643857	ENST00000643857.1	11033767	11033865	2130	2228	ENSE00004014467	18	10996265	11062247					10996265	10960824	11079426	2130	2228	11033767	11033865
ENSG00000127616	ENSG00000127616.23	ENST00000643857	ENST00000643857.1	10996265	10996380	1	116	ENSE00003829837	1	10996265	11062247					10996265	10960824	11079426	1	116	10996265	10996380
ENSG00000127616	ENSG00000127616.23	ENST00000643857	ENST00000643857.1	11061784	11062247	3174	3206	ENSE00003822170	25	10996265	11062247			11061817	11062247	10996265	10960824	11079426	3174	3206	11061784	11061816
ENSG00000127616	ENSG00000127616.23	ENST00000646183	ENST00000646183.1	10996494	10996544	108	158	ENSE00003667937	2	10996274	11062028					10996274	10960824	11079426	108	158	10996494	10996544
ENSG00000127616	ENSG00000127616.23	ENST00000646183	ENST00000646183.1	11003029	11003159	159	289	ENSE00003667107	3	10996274	11062028					10996274	10960824	11079426	159	289	11003029	11003159
ENSG00000127616	ENSG00000127616.23	ENST00000646183	ENST00000646183.1	11003340	11003397	290	347	ENSE00003539754	4	10996274	11062028					10996274	10960824	11079426	290	347	11003340	11003397
ENSG00000127616	ENSG00000127616.23	ENST00000646183	ENST00000646183.1	11007902	11008023	348	469	ENSE00003581372	5	10996274	11062028					10996274	10960824	11079426	348	469	11007902	11008023
ENSG00000127616	ENSG00000127616.23	ENST00000646183	ENST00000646183.1	11010381	11010531	470	620	ENSE00003530860	6	10996274	11062028					10996274	10960824	11079426	470	620	11010381	11010531
ENSG00000127616	ENSG00000127616.23	ENST00000646183	ENST00000646183.1	11012949	11013112	621	784	ENSE00003654082	7	10996274	11062028					10996274	10960824	11079426	621	784	11012949	11013112
ENSG00000127616	ENSG00000127616.23	ENST00000646183	ENST00000646183.1	11018957	11019023	785	851	ENSE00003474879	8	10996274	11062028					10996274	10960824	11079426	785	851	11018957	11019023
ENSG00000127616	ENSG00000127616.23	ENST00000646183	ENST00000646183.1	11019591	11019701	852	962	ENSE00003477043	9	10996274	11062028					10996274	10960824	11079426	852	962	11019591	11019701
ENSG00000127616	ENSG00000127616.23	ENST00000646183	ENST00000646183.1	11021725	11021967	963	1205	ENSE00003540089	10	10996274	11062028					10996274	10960824	11079426	963	1205	11021725	11021967
ENSG00000127616	ENSG00000127616.23	ENST00000646183	ENST00000646183.1	11023518	11023631	1206	1319	ENSE00003484961	11	10996274	11062028					10996274	10960824	11079426	1206	1319	11023518	11023631
ENSG00000127616	ENSG00000127616.23	ENST00000646183	ENST00000646183.1	11024331	11024438	1320	1427	ENSE00003553172	12	10996274	11062028					10996274	10960824	11079426	1320	1427	11024331	11024438
ENSG00000127616	ENSG00000127616.23	ENST00000646183	ENST00000646183.1	11025422	11025508	1428	1514	ENSE00003692983	13	10996274	11062028					10996274	10960824	11079426	1428	1514	11025422	11025508
ENSG00000127616	ENSG00000127616.23	ENST00000646183	ENST00000646183.1	11026300	11026346	1515	1561	ENSE00003604518	14	10996274	11062028					10996274	10960824	11079426	1515	1561	11026300	11026346
ENSG00000127616	ENSG00000127616.23	ENST00000646183	ENST00000646183.1	11027784	11027950	1562	1728	ENSE00003459233	15	10996274	11062028					10996274	10960824	11079426	1562	1728	11027784	11027950
ENSG00000127616	ENSG00000127616.23	ENST00000646183	ENST00000646183.1	11030730	11030893	1729	1892	ENSE00003676000	16	10996274	11062028					10996274	10960824	11079426	1729	1892	11030730	11030893
ENSG00000127616	ENSG00000127616.23	ENST00000646183	ENST00000646183.1	11033290	11033517	1893	2120	ENSE00003655405	17	10996274	11062028					10996274	10960824	11079426	1893	2120	11033290	11033517
ENSG00000127616	ENSG00000127616.23	ENST00000646183	ENST00000646183.1	11034123	11034200	2121	2198	ENSE00003703701	18	10996274	11062028					10996274	10960824	11079426	2121	2198	11034123	11034200
ENSG00000127616	ENSG00000127616.23	ENST00000646183	ENST00000646183.1	11034914	11035132	2199	2417	ENSE00003708931	19	10996274	11062028					10996274	10960824	11079426	2199	2417	11034914	11035132
ENSG00000127616	ENSG00000127616.23	ENST00000646183	ENST00000646183.1	11039458	11039553	2418	2513	ENSE00003707782	20	10996274	11062028					10996274	10960824	11079426	2418	2513	11039458	11039553
ENSG00000127616	ENSG00000127616.23	ENST00000646183	ENST00000646183.1	11058788	11058889	2874	2975	ENSE00003687872	23	10996274	11062028					10996274	10960824	11079426	2874	2975	11058788	11058889
ENSG00000127616	ENSG00000127616.23	ENST00000646183	ENST00000646183.1	11059753	11059885	2976	3108	ENSE00003582123	24	10996274	11062028					10996274	10960824	11079426	2976	3108	11059753	11059885
ENSG00000127616	ENSG00000127616.23	ENST00000646183	ENST00000646183.1	11060045	11060187	3109	3251	ENSE00003694052	25	10996274	11062028					10996274	10960824	11079426	3109	3251	11060045	11060187
ENSG00000127616	ENSG00000127616.23	ENST00000646183	ENST00000646183.1	11041307	11041560	2514	2767	ENSE00003547338	21	10996274	11062028					10996274	10960824	11079426	2514	2767	11041307	11041560
ENSG00000127616	ENSG00000127616.23	ENST00000646183	ENST00000646183.1	11058258	11058363	2768	2873	ENSE00001653058	22	10996274	11062028					10996274	10960824	11079426	2768	2873	11058258	11058363
ENSG00000127616	ENSG00000127616.23	ENST00000646183	ENST00000646183.1	10996274	10996380	1	107	ENSE00003819189	1	10996274	11062028					10996274	10960824	11079426	1	107	10996274	10996380
ENSG00000127616	ENSG00000127616.23	ENST00000646183	ENST00000646183.1	11061784	11062028	3252	3284	ENSE00003815614	26	10996274	11062028			11061817	11062028	10996274	10960824	11079426	3252	3284	11061784	11061816
ENSG00000127616	ENSG00000127616.23	ENST00000646746	ENST00000646746.1	11003029	11003159	113	243	ENSE00003667107	3	10996317	11062252					10996317	10960824	11079426	113	243	11003029	11003159
ENSG00000127616	ENSG00000127616.23	ENST00000646746	ENST00000646746.1	11003340	11003397	244	301	ENSE00003539754	4	10996317	11062252					10996317	10960824	11079426	244	301	11003340	11003397
ENSG00000127616	ENSG00000127616.23	ENST00000646746	ENST00000646746.1	11007902	11008023	302	423	ENSE00003581372	5	10996317	11062252					10996317	10960824	11079426	302	423	11007902	11008023
ENSG00000127616	ENSG00000127616.23	ENST00000646746	ENST00000646746.1	11010381	11010531	424	574	ENSE00003530860	6	10996317	11062252					10996317	10960824	11079426	424	574	11010381	11010531
ENSG00000127616	ENSG00000127616.23	ENST00000646746	ENST00000646746.1	11012949	11013112	575	738	ENSE00003654082	7	10996317	11062252					10996317	10960824	11079426	575	738	11012949	11013112
ENSG00000127616	ENSG00000127616.23	ENST00000646746	ENST00000646746.1	11018957	11019023	739	805	ENSE00003474879	8	10996317	11062252					10996317	10960824	11079426	739	805	11018957	11019023
ENSG00000127616	ENSG00000127616.23	ENST00000646746	ENST00000646746.1	11019591	11019701	806	916	ENSE00003477043	9	10996317	11062252					10996317	10960824	11079426	806	916	11019591	11019701
ENSG00000127616	ENSG00000127616.23	ENST00000646746	ENST00000646746.1	11021725	11021967	917	1159	ENSE00003540089	10	10996317	11062252					10996317	10960824	11079426	917	1159	11021725	11021967
ENSG00000127616	ENSG00000127616.23	ENST00000646746	ENST00000646746.1	11023518	11023631	1160	1273	ENSE00003484961	11	10996317	11062252					10996317	10960824	11079426	1160	1273	11023518	11023631
ENSG00000127616	ENSG00000127616.23	ENST00000646746	ENST00000646746.1	11024331	11024438	1274	1381	ENSE00003553172	12	10996317	11062252					10996317	10960824	11079426	1274	1381	11024331	11024438
ENSG00000127616	ENSG00000127616.23	ENST00000646746	ENST00000646746.1	11025422	11025508	1382	1468	ENSE00003692983	13	10996317	11062252					10996317	10960824	11079426	1382	1468	11025422	11025508
ENSG00000127616	ENSG00000127616.23	ENST00000646746	ENST00000646746.1	11026300	11026346	1469	1515	ENSE00003604518	14	10996317	11062252					10996317	10960824	11079426	1469	1515	11026300	11026346
ENSG00000127616	ENSG00000127616.23	ENST00000646746	ENST00000646746.1	11027784	11027950	1516	1682	ENSE00003459233	15	10996317	11062252					10996317	10960824	11079426	1516	1682	11027784	11027950
ENSG00000127616	ENSG00000127616.23	ENST00000646746	ENST00000646746.1	11030730	11030893	1683	1846	ENSE00003676000	16	10996317	11062252					10996317	10960824	11079426	1683	1846	11030730	11030893
ENSG00000127616	ENSG00000127616.23	ENST00000646746	ENST00000646746.1	11033290	11033517	1847	2074	ENSE00003655405	17	10996317	11062252					10996317	10960824	11079426	1847	2074	11033290	11033517
ENSG00000127616	ENSG00000127616.23	ENST00000646746	ENST00000646746.1	11034123	11034200	2174	2251	ENSE00003703701	19	10996317	11062252					10996317	10960824	11079426	2174	2251	11034123	11034200
ENSG00000127616	ENSG00000127616.23	ENST00000646746	ENST00000646746.1	11034914	11035132	2252	2470	ENSE00003708931	20	10996317	11062252					10996317	10960824	11079426	2252	2470	11034914	11035132
ENSG00000127616	ENSG00000127616.23	ENST00000646746	ENST00000646746.1	11058255	11058363	2725	2833	ENSE00003468652	22	10996317	11062252					10996317	10960824	11079426	2725	2833	11058255	11058363
ENSG00000127616	ENSG00000127616.23	ENST00000646746	ENST00000646746.1	11058788	11058889	2834	2935	ENSE00003687872	23	10996317	11062252					10996317	10960824	11079426	2834	2935	11058788	11058889
ENSG00000127616	ENSG00000127616.23	ENST00000646746	ENST00000646746.1	11059753	11059885	2936	3068	ENSE00003582123	24	10996317	11062252					10996317	10960824	11079426	2936	3068	11059753	11059885
ENSG00000127616	ENSG00000127616.23	ENST00000646746	ENST00000646746.1	11060045	11060187	3069	3211	ENSE00003694052	25	10996317	11062252					10996317	10960824	11079426	3069	3211	11060045	11060187
ENSG00000127616	ENSG00000127616.23	ENST00000646746	ENST00000646746.1	11041307	11041560	2471	2724	ENSE00003547338	21	10996317	11062252					10996317	10960824	11079426	2471	2724	11041307	11041560
ENSG00000127616	ENSG00000127616.23	ENST00000646746	ENST00000646746.1	11033767	11033865	2075	2173	ENSE00004014467	18	10996317	11062252					10996317	10960824	11079426	2075	2173	11033767	11033865
ENSG00000127616	ENSG00000127616.23	ENST00000646746	ENST00000646746.1	10996497	10996544	65	112	ENSE00003824071	2	10996317	11062252					10996317	10960824	11079426	65	112	10996497	10996544
ENSG00000127616	ENSG00000127616.23	ENST00000646746	ENST00000646746.1	10996317	10996380	1	64	ENSE00003814586	1	10996317	11062252					10996317	10960824	11079426	1	64	10996317	10996380
ENSG00000127616	ENSG00000127616.23	ENST00000646746	ENST00000646746.1	11061784	11062252	3212	3244	ENSE00003818420	26	10996317	11062252			11061817	11062252	10996317	10960824	11079426	3212	3244	11061784	11061816
ENSG00000127616	ENSG00000127616.23	ENST00000643534	ENST00000643534.1	10996494	10996544	47	97	ENSE00003667937	2	10996335	11062118					10996335	10960824	11079426	47	97	10996494	10996544
ENSG00000127616	ENSG00000127616.23	ENST00000643534	ENST00000643534.1	11003029	11003159	98	228	ENSE00003667107	3	10996335	11062118					10996335	10960824	11079426	98	228	11003029	11003159
ENSG00000127616	ENSG00000127616.23	ENST00000643534	ENST00000643534.1	11003340	11003397	229	286	ENSE00003539754	4	10996335	11062118					10996335	10960824	11079426	229	286	11003340	11003397
ENSG00000127616	ENSG00000127616.23	ENST00000643534	ENST00000643534.1	11007902	11008023	287	408	ENSE00003581372	5	10996335	11062118					10996335	10960824	11079426	287	408	11007902	11008023
ENSG00000127616	ENSG00000127616.23	ENST00000643534	ENST00000643534.1	11010381	11010531	409	559	ENSE00003530860	6	10996335	11062118					10996335	10960824	11079426	409	559	11010381	11010531
ENSG00000127616	ENSG00000127616.23	ENST00000643534	ENST00000643534.1	11012949	11013112	560	723	ENSE00003654082	7	10996335	11062118					10996335	10960824	11079426	560	723	11012949	11013112
ENSG00000127616	ENSG00000127616.23	ENST00000643534	ENST00000643534.1	11018957	11019023	724	790	ENSE00003474879	8	10996335	11062118					10996335	10960824	11079426	724	790	11018957	11019023
ENSG00000127616	ENSG00000127616.23	ENST00000643534	ENST00000643534.1	11019591	11019701	791	901	ENSE00003477043	9	10996335	11062118					10996335	10960824	11079426	791	901	11019591	11019701
ENSG00000127616	ENSG00000127616.23	ENST00000643534	ENST00000643534.1	11021725	11021967	902	1144	ENSE00003540089	10	10996335	11062118					10996335	10960824	11079426	902	1144	11021725	11021967
ENSG00000127616	ENSG00000127616.23	ENST00000643534	ENST00000643534.1	11023518	11023631	1145	1258	ENSE00003484961	11	10996335	11062118					10996335	10960824	11079426	1145	1258	11023518	11023631
ENSG00000127616	ENSG00000127616.23	ENST00000643534	ENST00000643534.1	11024331	11024438	1259	1366	ENSE00003553172	12	10996335	11062118					10996335	10960824	11079426	1259	1366	11024331	11024438
ENSG00000127616	ENSG00000127616.23	ENST00000643534	ENST00000643534.1	11025422	11025508	1367	1453	ENSE00003692983	13	10996335	11062118					10996335	10960824	11079426	1367	1453	11025422	11025508
ENSG00000127616	ENSG00000127616.23	ENST00000643534	ENST00000643534.1	11026300	11026346	1454	1500	ENSE00003604518	14	10996335	11062118					10996335	10960824	11079426	1454	1500	11026300	11026346
ENSG00000127616	ENSG00000127616.23	ENST00000643534	ENST00000643534.1	11027784	11027950	1501	1667	ENSE00003459233	15	10996335	11062118					10996335	10960824	11079426	1501	1667	11027784	11027950
ENSG00000127616	ENSG00000127616.23	ENST00000643534	ENST00000643534.1	11030730	11030893	1668	1831	ENSE00003676000	16	10996335	11062118					10996335	10960824	11079426	1668	1831	11030730	11030893
ENSG00000127616	ENSG00000127616.23	ENST00000643534	ENST00000643534.1	11033290	11033517	1832	2059	ENSE00003655405	17	10996335	11062118					10996335	10960824	11079426	1832	2059	11033290	11033517
ENSG00000127616	ENSG00000127616.23	ENST00000643534	ENST00000643534.1	11034123	11034200	2159	2236	ENSE00003703701	19	10996335	11062118					10996335	10960824	11079426	2159	2236	11034123	11034200
ENSG00000127616	ENSG00000127616.23	ENST00000643534	ENST00000643534.1	11034914	11035132	2237	2455	ENSE00003708931	20	10996335	11062118					10996335	10960824	11079426	2237	2455	11034914	11035132
ENSG00000127616	ENSG00000127616.23	ENST00000643534	ENST00000643534.1	11059753	11059885	2816	2948	ENSE00003582123	23	10996335	11062118					10996335	10960824	11079426	2816	2948	11059753	11059885
ENSG00000127616	ENSG00000127616.23	ENST00000643534	ENST00000643534.1	11060045	11060187	2949	3091	ENSE00003694052	24	10996335	11062118					10996335	10960824	11079426	2949	3091	11060045	11060187
ENSG00000127616	ENSG00000127616.23	ENST00000643534	ENST00000643534.1	11041307	11041560	2456	2709	ENSE00003547338	21	10996335	11062118					10996335	10960824	11079426	2456	2709	11041307	11041560
ENSG00000127616	ENSG00000127616.23	ENST00000643534	ENST00000643534.1	11033767	11033865	2060	2158	ENSE00004014467	18	10996335	11062118					10996335	10960824	11079426	2060	2158	11033767	11033865
ENSG00000127616	ENSG00000127616.23	ENST00000643534	ENST00000643534.1	11058258	11058363	2710	2815	ENSE00001653058	22	10996335	11062118					10996335	10960824	11079426	2710	2815	11058258	11058363
ENSG00000127616	ENSG00000127616.23	ENST00000643534	ENST00000643534.1	10996335	10996380	1	46	ENSE00003825738	1	10996335	11062118					10996335	10960824	11079426	1	46	10996335	10996380
ENSG00000127616	ENSG00000127616.23	ENST00000643534	ENST00000643534.1	11061784	11062118	3092	3124	ENSE00003814810	25	10996335	11062118			11061817	11062118	10996335	10960824	11079426	3092	3124	11061784	11061816
ENSG00000127616	ENSG00000127616.23	ENST00000646513	ENST00000646513.1	11003340	11003397	51	108	ENSE00003539754	2	11003110	11027861					11003110	10960824	11079426	51	108	11003340	11003397
ENSG00000127616	ENSG00000127616.23	ENST00000646513	ENST00000646513.1	11012949	11013112	109	272	ENSE00003654082	3	11003110	11027861					11003110	10960824	11079426	109	272	11012949	11013112
ENSG00000127616	ENSG00000127616.23	ENST00000646513	ENST00000646513.1	11018957	11019023	273	339	ENSE00003474879	4	11003110	11027861					11003110	10960824	11079426	273	339	11018957	11019023
ENSG00000127616	ENSG00000127616.23	ENST00000646513	ENST00000646513.1	11019591	11019701	340	450	ENSE00003477043	5	11003110	11027861					11003110	10960824	11079426	340	450	11019591	11019701
ENSG00000127616	ENSG00000127616.23	ENST00000646513	ENST00000646513.1	11021725	11021967	451	693	ENSE00003540089	6	11003110	11027861					11003110	10960824	11079426	451	693	11021725	11021967
ENSG00000127616	ENSG00000127616.23	ENST00000646513	ENST00000646513.1	11023518	11023631	694	807	ENSE00003484961	7	11003110	11027861					11003110	10960824	11079426	694	807	11023518	11023631
ENSG00000127616	ENSG00000127616.23	ENST00000646513	ENST00000646513.1	11024331	11024438	808	915	ENSE00003553172	8	11003110	11027861					11003110	10960824	11079426	808	915	11024331	11024438
ENSG00000127616	ENSG00000127616.23	ENST00000646513	ENST00000646513.1	11025422	11025508	916	1002	ENSE00003692983	9	11003110	11027861					11003110	10960824	11079426	916	1002	11025422	11025508
ENSG00000127616	ENSG00000127616.23	ENST00000646513	ENST00000646513.1	11026300	11026346	1003	1049	ENSE00003604518	10	11003110	11027861					11003110	10960824	11079426	1003	1049	11026300	11026346
ENSG00000127616	ENSG00000127616.23	ENST00000646513	ENST00000646513.1	11003110	11003159	1	50	ENSE00003816022	1	11003110	11027861					11003110	10960824	11079426	1	50	11003110	11003159
ENSG00000127616	ENSG00000127616.23	ENST00000646513	ENST00000646513.1	11027784	11027861	1050	1127	ENSE00003819217	11	11003110	11027861					11003110	10960824	11079426	1050	1127	11027784	11027861
ENSG00000127616	ENSG00000127616.23	ENST00000647011	ENST00000647011.1	11003340	11003397			ENSE00003591934	2	11003153	11008323					11003153	10960824	11079426				
ENSG00000127616	ENSG00000127616.23	ENST00000647011	ENST00000647011.1	11003153	11003159			ENSE00003816143	1	11003153	11008323					11003153	10960824	11079426				
ENSG00000127616	ENSG00000127616.23	ENST00000647011	ENST00000647011.1	11007902	11008323			ENSE00003814708	3	11003153	11008323					11003153	10960824	11079426				
ENSG00000127616	ENSG00000127616.23	ENST00000646593	ENST00000646593.1	11007902	11008023	1	122	ENSE00003581372	1	11007902	11062233					11007902	10960824	11079426	1	122	11007902	11008023
ENSG00000127616	ENSG00000127616.23	ENST00000646593	ENST00000646593.1	11059753	11059885			ENSE00003991448	19	11007902	11062233			11059753	11059885	11007902	10960824	11079426				
ENSG00000127616	ENSG00000127616.23	ENST00000646593	ENST00000646593.1	11060045	11060187			ENSE00003991450	20	11007902	11062233			11060045	11060187	11007902	10960824	11079426				
ENSG00000127616	ENSG00000127616.23	ENST00000646593	ENST00000646593.1	11058788	11058889			ENSE00003599817	18	11007902	11062233			11058788	11058889	11007902	10960824	11079426				
ENSG00000127616	ENSG00000127616.23	ENST00000646593	ENST00000646593.1	11012949	11013112	123	168	ENSE00003814600	2	11007902	11062233			11012995	11013112	11007902	10960824	11079426	123	168	11012949	11012994
ENSG00000127616	ENSG00000127616.23	ENST00000646593	ENST00000646593.1	11018957	11019023			ENSE00003501868	3	11007902	11062233			11018957	11019023	11007902	10960824	11079426				
ENSG00000127616	ENSG00000127616.23	ENST00000646593	ENST00000646593.1	11019591	11019701			ENSE00003627728	4	11007902	11062233			11019591	11019701	11007902	10960824	11079426				
ENSG00000127616	ENSG00000127616.23	ENST00000646593	ENST00000646593.1	11021725	11021967			ENSE00003537973	5	11007902	11062233			11021725	11021967	11007902	10960824	11079426				
ENSG00000127616	ENSG00000127616.23	ENST00000646593	ENST00000646593.1	11023518	11023631			ENSE00003678278	6	11007902	11062233			11023518	11023631	11007902	10960824	11079426				
ENSG00000127616	ENSG00000127616.23	ENST00000646593	ENST00000646593.1	11024331	11024438			ENSE00003487255	7	11007902	11062233			11024331	11024438	11007902	10960824	11079426				
ENSG00000127616	ENSG00000127616.23	ENST00000646593	ENST00000646593.1	11025422	11025508			ENSE00003539219	8	11007902	11062233			11025422	11025508	11007902	10960824	11079426				
ENSG00000127616	ENSG00000127616.23	ENST00000646593	ENST00000646593.1	11026300	11026346			ENSE00003668030	9	11007902	11062233			11026300	11026346	11007902	10960824	11079426				
ENSG00000127616	ENSG00000127616.23	ENST00000646593	ENST00000646593.1	11027784	11027950			ENSE00003459678	10	11007902	11062233			11027784	11027950	11007902	10960824	11079426				
ENSG00000127616	ENSG00000127616.23	ENST00000646593	ENST00000646593.1	11030730	11030893			ENSE00003480471	11	11007902	11062233			11030730	11030893	11007902	10960824	11079426				
ENSG00000127616	ENSG00000127616.23	ENST00000646593	ENST00000646593.1	11033290	11033517			ENSE00003665568	12	11007902	11062233			11033290	11033517	11007902	10960824	11079426				
ENSG00000127616	ENSG00000127616.23	ENST00000646593	ENST00000646593.1	11033767	11033865			ENSE00003658718	13	11007902	11062233			11033767	11033865	11007902	10960824	11079426				
ENSG00000127616	ENSG00000127616.23	ENST00000646593	ENST00000646593.1	11034123	11034200			ENSE00003708984	14	11007902	11062233			11034123	11034200	11007902	10960824	11079426				
ENSG00000127616	ENSG00000127616.23	ENST00000646593	ENST00000646593.1	11034914	11035132			ENSE00003704574	15	11007902	11062233			11034914	11035132	11007902	10960824	11079426				
ENSG00000127616	ENSG00000127616.23	ENST00000646593	ENST00000646593.1	11041307	11041560			ENSE00003629391	16	11007902	11062233			11041307	11041560	11007902	10960824	11079426				
ENSG00000127616	ENSG00000127616.23	ENST00000646593	ENST00000646593.1	11058258	11058363			ENSE00003827386	17	11007902	11062233			11058258	11058363	11007902	10960824	11079426				
ENSG00000127616	ENSG00000127616.23	ENST00000646593	ENST00000646593.1	11061784	11062233			ENSE00003816358	21	11007902	11062233			11061784	11062233	11007902	10960824	11079426				
ENSG00000127616	ENSG00000127616.23	ENST00000645648	ENST00000645648.1	11012949	11013112	139	302	ENSE00003654082	2	11010394	11062211					11010394	10960824	11079426	139	302	11012949	11013112
ENSG00000127616	ENSG00000127616.23	ENST00000645648	ENST00000645648.1	11018957	11019023	303	369	ENSE00003474879	3	11010394	11062211					11010394	10960824	11079426	303	369	11018957	11019023
ENSG00000127616	ENSG00000127616.23	ENST00000645648	ENST00000645648.1	11019591	11019701	370	480	ENSE00003477043	4	11010394	11062211					11010394	10960824	11079426	370	480	11019591	11019701
ENSG00000127616	ENSG00000127616.23	ENST00000645648	ENST00000645648.1	11021725	11021967	481	723	ENSE00003540089	5	11010394	11062211					11010394	10960824	11079426	481	723	11021725	11021967
ENSG00000127616	ENSG00000127616.23	ENST00000645648	ENST00000645648.1	11023518	11023631	724	837	ENSE00003484961	6	11010394	11062211					11010394	10960824	11079426	724	837	11023518	11023631
ENSG00000127616	ENSG00000127616.23	ENST00000645648	ENST00000645648.1	11024331	11024438	838	945	ENSE00003553172	7	11010394	11062211					11010394	10960824	11079426	838	945	11024331	11024438
ENSG00000127616	ENSG00000127616.23	ENST00000645648	ENST00000645648.1	11025422	11025508	946	1032	ENSE00003692983	8	11010394	11062211					11010394	10960824	11079426	946	1032	11025422	11025508
ENSG00000127616	ENSG00000127616.23	ENST00000645648	ENST00000645648.1	11026300	11026346	1033	1079	ENSE00003604518	9	11010394	11062211					11010394	10960824	11079426	1033	1079	11026300	11026346
ENSG00000127616	ENSG00000127616.23	ENST00000645648	ENST00000645648.1	11059753	11059885			ENSE00003991448	19	11010394	11062211			11059753	11059885	11010394	10960824	11079426				
ENSG00000127616	ENSG00000127616.23	ENST00000645648	ENST00000645648.1	11060045	11060187			ENSE00003991450	20	11010394	11062211			11060045	11060187	11010394	10960824	11079426				
ENSG00000127616	ENSG00000127616.23	ENST00000645648	ENST00000645648.1	11058255	11058363			ENSE00003578378	17	11010394	11062211			11058255	11058363	11010394	10960824	11079426				
ENSG00000127616	ENSG00000127616.23	ENST00000645648	ENST00000645648.1	11058788	11058889			ENSE00003599817	18	11010394	11062211			11058788	11058889	11010394	10960824	11079426				
ENSG00000127616	ENSG00000127616.23	ENST00000645648	ENST00000645648.1	11030730	11030893			ENSE00003480471	11	11010394	11062211			11030730	11030893	11010394	10960824	11079426				
ENSG00000127616	ENSG00000127616.23	ENST00000645648	ENST00000645648.1	11033290	11033517			ENSE00003665568	12	11010394	11062211			11033290	11033517	11010394	10960824	11079426				
ENSG00000127616	ENSG00000127616.23	ENST00000645648	ENST00000645648.1	11034123	11034200			ENSE00003708984	14	11010394	11062211			11034123	11034200	11010394	10960824	11079426				
ENSG00000127616	ENSG00000127616.23	ENST00000645648	ENST00000645648.1	11034914	11035132			ENSE00003704574	15	11010394	11062211			11034914	11035132	11010394	10960824	11079426				
ENSG00000127616	ENSG00000127616.23	ENST00000645648	ENST00000645648.1	11041307	11041560			ENSE00003629391	16	11010394	11062211			11041307	11041560	11010394	10960824	11079426				
ENSG00000127616	ENSG00000127616.23	ENST00000645648	ENST00000645648.1	11010394	11010531	1	138	ENSE00003831084	1	11010394	11062211					11010394	10960824	11079426	1	138	11010394	11010531
ENSG00000127616	ENSG00000127616.23	ENST00000645648	ENST00000645648.1	11027732	11027950	1080	1158	ENSE00003828264	10	11010394	11062211			11027811	11027950	11010394	10960824	11079426	1080	1158	11027732	11027810
ENSG00000127616	ENSG00000127616.23	ENST00000645648	ENST00000645648.1	11033772	11033865			ENSE00003821167	13	11010394	11062211			11033772	11033865	11010394	10960824	11079426				
ENSG00000127616	ENSG00000127616.23	ENST00000645648	ENST00000645648.1	11061784	11062211			ENSE00003828020	21	11010394	11062211			11061784	11062211	11010394	10960824	11079426				
ENSG00000127616	ENSG00000127616.23	ENST00000592604	ENST00000592604.6	11059753	11059885			ENSE00003991448	17	11012344	11061989					11012344	10960824	11079426				
ENSG00000127616	ENSG00000127616.23	ENST00000592604	ENST00000592604.6	11060045	11060187			ENSE00003991450	18	11012344	11061989					11012344	10960824	11079426				
ENSG00000127616	ENSG00000127616.23	ENST00000592604	ENST00000592604.6	11058255	11058363			ENSE00003578378	15	11012344	11061989					11012344	10960824	11079426				
ENSG00000127616	ENSG00000127616.23	ENST00000592604	ENST00000592604.6	11058788	11058889			ENSE00003599817	16	11012344	11061989					11012344	10960824	11079426				
ENSG00000127616	ENSG00000127616.23	ENST00000592604	ENST00000592604.6	11018957	11019023			ENSE00003501868	2	11012344	11061989					11012344	10960824	11079426				
ENSG00000127616	ENSG00000127616.23	ENST00000592604	ENST00000592604.6	11019591	11019701			ENSE00003627728	3	11012344	11061989					11012344	10960824	11079426				
ENSG00000127616	ENSG00000127616.23	ENST00000592604	ENST00000592604.6	11021725	11021967			ENSE00003537973	4	11012344	11061989					11012344	10960824	11079426				
ENSG00000127616	ENSG00000127616.23	ENST00000592604	ENST00000592604.6	11023518	11023631			ENSE00003678278	5	11012344	11061989					11012344	10960824	11079426				
ENSG00000127616	ENSG00000127616.23	ENST00000592604	ENST00000592604.6	11024331	11024438			ENSE00003487255	6	11012344	11061989					11012344	10960824	11079426				
ENSG00000127616	ENSG00000127616.23	ENST00000592604	ENST00000592604.6	11025422	11025508			ENSE00003539219	7	11012344	11061989					11012344	10960824	11079426				
ENSG00000127616	ENSG00000127616.23	ENST00000592604	ENST00000592604.6	11026300	11026346			ENSE00003668030	8	11012344	11061989					11012344	10960824	11079426				
ENSG00000127616	ENSG00000127616.23	ENST00000592604	ENST00000592604.6	11027784	11027950			ENSE00003459678	9	11012344	11061989					11012344	10960824	11079426				
ENSG00000127616	ENSG00000127616.23	ENST00000592604	ENST00000592604.6	11030730	11030893			ENSE00003480471	10	11012344	11061989					11012344	10960824	11079426				
ENSG00000127616	ENSG00000127616.23	ENST00000592604	ENST00000592604.6	11033290	11033517			ENSE00003665568	11	11012344	11061989					11012344	10960824	11079426				
ENSG00000127616	ENSG00000127616.23	ENST00000592604	ENST00000592604.6	11034123	11034200			ENSE00003708984	12	11012344	11061989					11012344	10960824	11079426				
ENSG00000127616	ENSG00000127616.23	ENST00000592604	ENST00000592604.6	11034914	11035132			ENSE00003704574	13	11012344	11061989					11012344	10960824	11079426				
ENSG00000127616	ENSG00000127616.23	ENST00000592604	ENST00000592604.6	11012344	11013112			ENSE00002932483	1	11012344	11061989					11012344	10960824	11079426				
ENSG00000127616	ENSG00000127616.23	ENST00000592604	ENST00000592604.6	11041298	11041560			ENSE00003703458	14	11012344	11061989					11012344	10960824	11079426				
ENSG00000127616	ENSG00000127616.23	ENST00000592604	ENST00000592604.6	11061784	11061989			ENSE00002840275	19	11012344	11061989					11012344	10960824	11079426				
ENSG00000127616	ENSG00000127616.23	ENST00000586122	ENST00000586122.5	11018957	11019023			ENSE00003501868	2	11018312	11023588					11018312	10960824	11079426				
ENSG00000127616	ENSG00000127616.23	ENST00000586122	ENST00000586122.5	11019591	11019701			ENSE00003627728	3	11018312	11023588					11018312	10960824	11079426				
ENSG00000127616	ENSG00000127616.23	ENST00000586122	ENST00000586122.5	11021725	11021967			ENSE00003537973	4	11018312	11023588					11018312	10960824	11079426				
ENSG00000127616	ENSG00000127616.23	ENST00000586122	ENST00000586122.5	11018312	11018331			ENSE00002836368	1	11018312	11023588					11018312	10960824	11079426				
ENSG00000127616	ENSG00000127616.23	ENST00000586122	ENST00000586122.5	11023518	11023588			ENSE00002891968	5	11018312	11023588					11018312	10960824	11079426				
ENSG00000127616	ENSG00000127616.23	ENST00000587988	ENST00000587988.5	11019591	11019701			ENSE00003627728	2	11018870	11023561					11018870	10960824	11079426				
ENSG00000127616	ENSG00000127616.23	ENST00000587988	ENST00000587988.5	11021725	11021967			ENSE00003537973	3	11018870	11023561					11018870	10960824	11079426				
ENSG00000127616	ENSG00000127616.23	ENST00000587988	ENST00000587988.5	11018870	11019023			ENSE00002958900	1	11018870	11023561					11018870	10960824	11079426				
ENSG00000127616	ENSG00000127616.23	ENST00000587988	ENST00000587988.5	11023518	11023561			ENSE00002841421	4	11018870	11023561					11018870	10960824	11079426				
ENSG00000127616	ENSG00000127616.23	ENST00000591595	ENST00000591595.5	11059753	11059885			ENSE00003991448	15	11019014	11062276					11019014	10960824	11079426				
ENSG00000127616	ENSG00000127616.23	ENST00000591595	ENST00000591595.5	11060045	11060187			ENSE00003991450	16	11019014	11062276					11019014	10960824	11079426				
ENSG00000127616	ENSG00000127616.23	ENST00000591595	ENST00000591595.5	11058255	11058363			ENSE00003578378	13	11019014	11062276					11019014	10960824	11079426				
ENSG00000127616	ENSG00000127616.23	ENST00000591595	ENST00000591595.5	11058788	11058889			ENSE00003599817	14	11019014	11062276					11019014	10960824	11079426				
ENSG00000127616	ENSG00000127616.23	ENST00000591595	ENST00000591595.5	11021725	11021967			ENSE00003537973	2	11019014	11062276					11019014	10960824	11079426				
ENSG00000127616	ENSG00000127616.23	ENST00000591595	ENST00000591595.5	11023518	11023631			ENSE00003678278	3	11019014	11062276					11019014	10960824	11079426				
ENSG00000127616	ENSG00000127616.23	ENST00000591595	ENST00000591595.5	11024331	11024438			ENSE00003487255	4	11019014	11062276					11019014	10960824	11079426				
ENSG00000127616	ENSG00000127616.23	ENST00000591595	ENST00000591595.5	11025422	11025508			ENSE00003539219	5	11019014	11062276					11019014	10960824	11079426				
ENSG00000127616	ENSG00000127616.23	ENST00000591595	ENST00000591595.5	11026300	11026346			ENSE00003668030	6	11019014	11062276					11019014	10960824	11079426				
ENSG00000127616	ENSG00000127616.23	ENST00000591595	ENST00000591595.5	11027784	11027950			ENSE00003459678	7	11019014	11062276					11019014	10960824	11079426				
ENSG00000127616	ENSG00000127616.23	ENST00000591595	ENST00000591595.5	11030730	11030893			ENSE00003480471	8	11019014	11062276					11019014	10960824	11079426				
ENSG00000127616	ENSG00000127616.23	ENST00000591595	ENST00000591595.5	11033290	11033517			ENSE00003665568	9	11019014	11062276					11019014	10960824	11079426				
ENSG00000127616	ENSG00000127616.23	ENST00000591595	ENST00000591595.5	11034123	11034200			ENSE00003708984	10	11019014	11062276					11019014	10960824	11079426				
ENSG00000127616	ENSG00000127616.23	ENST00000591595	ENST00000591595.5	11034914	11035132			ENSE00003704574	11	11019014	11062276					11019014	10960824	11079426				
ENSG00000127616	ENSG00000127616.23	ENST00000591595	ENST00000591595.5	11041307	11041560			ENSE00003629391	12	11019014	11062276					11019014	10960824	11079426				
ENSG00000127616	ENSG00000127616.23	ENST00000591595	ENST00000591595.5	11019014	11019701			ENSE00002876990	1	11019014	11062276					11019014	10960824	11079426				
ENSG00000127616	ENSG00000127616.23	ENST00000591595	ENST00000591595.5	11061784	11062276			ENSE00002835965	17	11019014	11062276					11019014	10960824	11079426				
ENSG00000127616	ENSG00000127616.23	ENST00000646236	ENST00000646236.1	11021725	11021967	100	342	ENSE00003540089	2	11019603	11040495					11019603	10960824	11079426	100	342	11021725	11021967
ENSG00000127616	ENSG00000127616.23	ENST00000646236	ENST00000646236.1	11023518	11023631	343	456	ENSE00003484961	3	11019603	11040495					11019603	10960824	11079426	343	456	11023518	11023631
ENSG00000127616	ENSG00000127616.23	ENST00000646236	ENST00000646236.1	11024331	11024438	457	564	ENSE00003553172	4	11019603	11040495					11019603	10960824	11079426	457	564	11024331	11024438
ENSG00000127616	ENSG00000127616.23	ENST00000646236	ENST00000646236.1	11026300	11026346			ENSE00003668030	6	11019603	11040495			11026300	11026346	11019603	10960824	11079426				
ENSG00000127616	ENSG00000127616.23	ENST00000646236	ENST00000646236.1	11027784	11027950			ENSE00003459678	7	11019603	11040495			11027784	11027950	11019603	10960824	11079426				
ENSG00000127616	ENSG00000127616.23	ENST00000646236	ENST00000646236.1	11030730	11030893			ENSE00003480471	8	11019603	11040495			11030730	11030893	11019603	10960824	11079426				
ENSG00000127616	ENSG00000127616.23	ENST00000646236	ENST00000646236.1	11033290	11033517			ENSE00003665568	9	11019603	11040495			11033290	11033517	11019603	10960824	11079426				
ENSG00000127616	ENSG00000127616.23	ENST00000646236	ENST00000646236.1	11033767	11033865			ENSE00003658718	10	11019603	11040495			11033767	11033865	11019603	10960824	11079426				
ENSG00000127616	ENSG00000127616.23	ENST00000646236	ENST00000646236.1	11034123	11034200			ENSE00003708984	11	11019603	11040495			11034123	11034200	11019603	10960824	11079426				
ENSG00000127616	ENSG00000127616.23	ENST00000646236	ENST00000646236.1	11034914	11035132			ENSE00003704574	12	11019603	11040495			11034914	11035132	11019603	10960824	11079426				
ENSG00000127616	ENSG00000127616.23	ENST00000646236	ENST00000646236.1	11019603	11019701	1	99	ENSE00003829502	1	11019603	11040495					11019603	10960824	11079426	1	99	11019603	11019701
ENSG00000127616	ENSG00000127616.23	ENST00000646236	ENST00000646236.1	11025422	11025619	565	705	ENSE00003823744	5	11019603	11040495			11025563	11025619	11019603	10960824	11079426	565	705	11025422	11025562
ENSG00000127616	ENSG00000127616.23	ENST00000646236	ENST00000646236.1	11039458	11040495			ENSE00003815071	13	11019603	11040495			11039458	11040495	11019603	10960824	11079426				
ENSG00000127616	ENSG00000127616.23	ENST00000585799	ENST00000585799.5	11059753	11059885			ENSE00003991448	14	11020581	11062276					11020581	10960824	11079426				
ENSG00000127616	ENSG00000127616.23	ENST00000585799	ENST00000585799.5	11060045	11060187			ENSE00003991450	15	11020581	11062276					11020581	10960824	11079426				
ENSG00000127616	ENSG00000127616.23	ENST00000585799	ENST00000585799.5	11058255	11058363			ENSE00003578378	12	11020581	11062276					11020581	10960824	11079426				
ENSG00000127616	ENSG00000127616.23	ENST00000585799	ENST00000585799.5	11058788	11058889			ENSE00003599817	13	11020581	11062276					11020581	10960824	11079426				
ENSG00000127616	ENSG00000127616.23	ENST00000585799	ENST00000585799.5	11023518	11023631			ENSE00003678278	2	11020581	11062276					11020581	10960824	11079426				
ENSG00000127616	ENSG00000127616.23	ENST00000585799	ENST00000585799.5	11024331	11024438			ENSE00003487255	3	11020581	11062276					11020581	10960824	11079426				
ENSG00000127616	ENSG00000127616.23	ENST00000585799	ENST00000585799.5	11025422	11025508			ENSE00003539219	4	11020581	11062276					11020581	10960824	11079426				
ENSG00000127616	ENSG00000127616.23	ENST00000585799	ENST00000585799.5	11026300	11026346			ENSE00003668030	5	11020581	11062276					11020581	10960824	11079426				
ENSG00000127616	ENSG00000127616.23	ENST00000585799	ENST00000585799.5	11027784	11027950			ENSE00003459678	6	11020581	11062276					11020581	10960824	11079426				
ENSG00000127616	ENSG00000127616.23	ENST00000585799	ENST00000585799.5	11030730	11030893			ENSE00003480471	7	11020581	11062276					11020581	10960824	11079426				
ENSG00000127616	ENSG00000127616.23	ENST00000585799	ENST00000585799.5	11033290	11033517			ENSE00003665568	8	11020581	11062276					11020581	10960824	11079426				
ENSG00000127616	ENSG00000127616.23	ENST00000585799	ENST00000585799.5	11034123	11034200			ENSE00003708984	9	11020581	11062276					11020581	10960824	11079426				
ENSG00000127616	ENSG00000127616.23	ENST00000585799	ENST00000585799.5	11034914	11035132			ENSE00003704574	10	11020581	11062276					11020581	10960824	11079426				
ENSG00000127616	ENSG00000127616.23	ENST00000585799	ENST00000585799.5	11041298	11041560			ENSE00003703458	11	11020581	11062276					11020581	10960824	11079426				
ENSG00000127616	ENSG00000127616.23	ENST00000585799	ENST00000585799.5	11061784	11062276			ENSE00002835965	16	11020581	11062276					11020581	10960824	11079426				
ENSG00000127616	ENSG00000127616.23	ENST00000585799	ENST00000585799.5	11020581	11021967			ENSE00002755975	1	11020581	11062276					11020581	10960824	11079426				
ENSG00000127616	ENSG00000127616.23	ENST00000642508	ENST00000642508.1	11023518	11023631	221	334	ENSE00003484961	2	11021748	11062030					11021748	10960824	11079426	221	334	11023518	11023631
ENSG00000127616	ENSG00000127616.23	ENST00000642508	ENST00000642508.1	11024331	11024438	335	442	ENSE00003553172	3	11021748	11062030					11021748	10960824	11079426	335	442	11024331	11024438
ENSG00000127616	ENSG00000127616.23	ENST00000642508	ENST00000642508.1	11025422	11025508	443	529	ENSE00003692983	4	11021748	11062030					11021748	10960824	11079426	443	529	11025422	11025508
ENSG00000127616	ENSG00000127616.23	ENST00000642508	ENST00000642508.1	11026300	11026346	530	576	ENSE00003604518	5	11021748	11062030					11021748	10960824	11079426	530	576	11026300	11026346
ENSG00000127616	ENSG00000127616.23	ENST00000642508	ENST00000642508.1	11027784	11027950	577	743	ENSE00003459233	6	11021748	11062030					11021748	10960824	11079426	577	743	11027784	11027950
ENSG00000127616	ENSG00000127616.23	ENST00000642508	ENST00000642508.1	11030730	11030893	744	907	ENSE00003676000	7	11021748	11062030					11021748	10960824	11079426	744	907	11030730	11030893
ENSG00000127616	ENSG00000127616.23	ENST00000642508	ENST00000642508.1	11033290	11033517	908	1135	ENSE00003655405	8	11021748	11062030					11021748	10960824	11079426	908	1135	11033290	11033517
ENSG00000127616	ENSG00000127616.23	ENST00000642508	ENST00000642508.1	11034123	11034200	1235	1312	ENSE00003703701	10	11021748	11062030					11021748	10960824	11079426	1235	1312	11034123	11034200
ENSG00000127616	ENSG00000127616.23	ENST00000642508	ENST00000642508.1	11034914	11035132	1313	1531	ENSE00003708931	11	11021748	11062030					11021748	10960824	11079426	1313	1531	11034914	11035132
ENSG00000127616	ENSG00000127616.23	ENST00000642508	ENST00000642508.1	11039458	11039553	1532	1627	ENSE00003707782	12	11021748	11062030					11021748	10960824	11079426	1532	1627	11039458	11039553
ENSG00000127616	ENSG00000127616.23	ENST00000642508	ENST00000642508.1	11058788	11058889	1988	2089	ENSE00003687872	15	11021748	11062030					11021748	10960824	11079426	1988	2089	11058788	11058889
ENSG00000127616	ENSG00000127616.23	ENST00000642508	ENST00000642508.1	11059753	11059885	2090	2222	ENSE00003582123	16	11021748	11062030					11021748	10960824	11079426	2090	2222	11059753	11059885
ENSG00000127616	ENSG00000127616.23	ENST00000642508	ENST00000642508.1	11060045	11060187	2223	2365	ENSE00003694052	17	11021748	11062030					11021748	10960824	11079426	2223	2365	11060045	11060187
ENSG00000127616	ENSG00000127616.23	ENST00000642508	ENST00000642508.1	11041307	11041560	1628	1881	ENSE00003547338	13	11021748	11062030					11021748	10960824	11079426	1628	1881	11041307	11041560
ENSG00000127616	ENSG00000127616.23	ENST00000642508	ENST00000642508.1	11033767	11033865	1136	1234	ENSE00004014467	9	11021748	11062030					11021748	10960824	11079426	1136	1234	11033767	11033865
ENSG00000127616	ENSG00000127616.23	ENST00000642508	ENST00000642508.1	11058258	11058363	1882	1987	ENSE00001653058	14	11021748	11062030					11021748	10960824	11079426	1882	1987	11058258	11058363
ENSG00000127616	ENSG00000127616.23	ENST00000642508	ENST00000642508.1	11021748	11021967	1	220	ENSE00003820795	1	11021748	11062030					11021748	10960824	11079426	1	220	11021748	11021967
ENSG00000127616	ENSG00000127616.23	ENST00000642508	ENST00000642508.1	11061784	11062030	2366	2398	ENSE00003814836	18	11021748	11062030			11061817	11062030	11021748	10960824	11079426	2366	2398	11061784	11061816
ENSG00000127616	ENSG00000127616.23	ENST00000645236	ENST00000645236.1	11033290	11033517	96	323	ENSE00003655405	2	11030799	11079426					11030799	10960824	11079426	96	323	11033290	11033517
ENSG00000127616	ENSG00000127616.23	ENST00000645236	ENST00000645236.1	11034123	11034200	423	500	ENSE00003703701	4	11030799	11079426					11030799	10960824	11079426	423	500	11034123	11034200
ENSG00000127616	ENSG00000127616.23	ENST00000645236	ENST00000645236.1	11034914	11035132	501	719	ENSE00003708931	5	11030799	11079426					11030799	10960824	11079426	501	719	11034914	11035132
ENSG00000127616	ENSG00000127616.23	ENST00000645236	ENST00000645236.1	11058788	11058889	1080	1181	ENSE00003687872	8	11030799	11079426					11030799	10960824	11079426	1080	1181	11058788	11058889
ENSG00000127616	ENSG00000127616.23	ENST00000645236	ENST00000645236.1	11059753	11059885	1182	1314	ENSE00003582123	9	11030799	11079426					11030799	10960824	11079426	1182	1314	11059753	11059885
ENSG00000127616	ENSG00000127616.23	ENST00000645236	ENST00000645236.1	11060045	11060187	1315	1457	ENSE00003694052	10	11030799	11079426					11030799	10960824	11079426	1315	1457	11060045	11060187
ENSG00000127616	ENSG00000127616.23	ENST00000645236	ENST00000645236.1	11041307	11041560	720	973	ENSE00003547338	6	11030799	11079426					11030799	10960824	11079426	720	973	11041307	11041560
ENSG00000127616	ENSG00000127616.23	ENST00000645236	ENST00000645236.1	11033767	11033865	324	422	ENSE00004014467	3	11030799	11079426					11030799	10960824	11079426	324	422	11033767	11033865
ENSG00000127616	ENSG00000127616.23	ENST00000645236	ENST00000645236.1	11058258	11058363	974	1079	ENSE00001653058	7	11030799	11079426					11030799	10960824	11079426	974	1079	11058258	11058363
ENSG00000127616	ENSG00000127616.23	ENST00000645236	ENST00000645236.1	11030799	11030893	1	95	ENSE00002765034	1	11030799	11079426					11030799	10960824	11079426	1	95	11030799	11030893
ENSG00000127616	ENSG00000127616.23	ENST00000645236	ENST00000645236.1	11078997	11079426	1458	1568	ENSE00003815919	11	11030799	11079426			11079108	11079426	11030799	10960824	11079426	1458	1568	11078997	11079107
ENSG00000127616	ENSG00000127616.23	ENST00000586892	ENST00000586892.1	11033767	11033865			ENSE00003658718	2	11033082	11034146					11033082	10960824	11079426				
ENSG00000127616	ENSG00000127616.23	ENST00000586892	ENST00000586892.1	11033082	11033517			ENSE00002841959	1	11033082	11034146					11033082	10960824	11079426				
ENSG00000127616	ENSG00000127616.23	ENST00000586892	ENST00000586892.1	11034123	11034146			ENSE00002960557	3	11033082	11034146					11033082	10960824	11079426				
ENSG00000127616	ENSG00000127616.23	ENST00000538456	ENST00000538456.4	11034123	11034200	32	109	ENSE00003703701	2	11033487	11061915					11033487	10960824	11079426	32	109	11034123	11034200
ENSG00000127616	ENSG00000127616.23	ENST00000538456	ENST00000538456.4	11034914	11035132	110	328	ENSE00003708931	3	11033487	11061915					11033487	10960824	11079426	110	328	11034914	11035132
ENSG00000127616	ENSG00000127616.23	ENST00000538456	ENST00000538456.4	11041298	11041560	329	591	ENSE00003707185	4	11033487	11061915					11033487	10960824	11079426	329	591	11041298	11041560
ENSG00000127616	ENSG00000127616.23	ENST00000538456	ENST00000538456.4	11058255	11058363	592	700	ENSE00003468652	5	11033487	11061915					11033487	10960824	11079426	592	700	11058255	11058363
ENSG00000127616	ENSG00000127616.23	ENST00000538456	ENST00000538456.4	11059753	11059885	701	833	ENSE00003582123	6	11033487	11061915					11033487	10960824	11079426	701	833	11059753	11059885
ENSG00000127616	ENSG00000127616.23	ENST00000538456	ENST00000538456.4	11060045	11060187	834	976	ENSE00003694052	7	11033487	11061915					11033487	10960824	11079426	834	976	11060045	11060187
ENSG00000127616	ENSG00000127616.23	ENST00000538456	ENST00000538456.4	11033487	11033517	1	31	ENSE00003705953	1	11033487	11061915					11033487	10960824	11079426	1	31	11033487	11033517
ENSG00000127616	ENSG00000127616.23	ENST00000538456	ENST00000538456.4	11061784	11061915	977	1009	ENSE00003823017	8	11033487	11061915			11061817	11061915	11033487	10960824	11079426	977	1009	11061784	11061816
ENSG00000127616	ENSG00000127616.23	ENST00000586985	ENST00000586985.2	11034123	11034200	1	78	ENSE00003703701	1	11034123	11066122					11034123	10960824	11079426	1	78	11034123	11034200
ENSG00000127616	ENSG00000127616.23	ENST00000586985	ENST00000586985.2	11034914	11035132	79	297	ENSE00003708931	2	11034123	11066122					11034123	10960824	11079426	79	297	11034914	11035132
ENSG00000127616	ENSG00000127616.23	ENST00000586985	ENST00000586985.2	11058255	11058363	552	660	ENSE00003468652	4	11034123	11066122					11034123	10960824	11079426	552	660	11058255	11058363
ENSG00000127616	ENSG00000127616.23	ENST00000586985	ENST00000586985.2	11058788	11058889	661	762	ENSE00003687872	5	11034123	11066122					11034123	10960824	11079426	661	762	11058788	11058889
ENSG00000127616	ENSG00000127616.23	ENST00000586985	ENST00000586985.2	11059753	11059885	763	895	ENSE00003582123	6	11034123	11066122					11034123	10960824	11079426	763	895	11059753	11059885
ENSG00000127616	ENSG00000127616.23	ENST00000586985	ENST00000586985.2	11060045	11060187	896	1038	ENSE00003694052	7	11034123	11066122					11034123	10960824	11079426	896	1038	11060045	11060187
ENSG00000127616	ENSG00000127616.23	ENST00000586985	ENST00000586985.2	11041307	11041560	298	551	ENSE00003547338	3	11034123	11066122					11034123	10960824	11079426	298	551	11041307	11041560
ENSG00000127616	ENSG00000127616.23	ENST00000586985	ENST00000586985.2	11065193	11066122	1039	1047	ENSE00002886656	8	11034123	11066122			11065202	11066122	11034123	10960824	11079426	1039	1047	11065193	11065201
ENSG00000127616	ENSG00000127616.23	ENST00000592158	ENST00000592158.2	11041307	11041560	112	365	ENSE00003547338	2	11035022	11059227					11035022	10960824	11079426	112	365	11041307	11041560
ENSG00000127616	ENSG00000127616.23	ENST00000592158	ENST00000592158.2	11058258	11058363	366	471	ENSE00001653058	3	11035022	11059227					11035022	10960824	11079426	366	471	11058258	11058363
ENSG00000127616	ENSG00000127616.23	ENST00000592158	ENST00000592158.2	11035022	11035132	1	111	ENSE00002911313	1	11035022	11059227					11035022	10960824	11079426	1	111	11035022	11035132
ENSG00000127616	ENSG00000127616.23	ENST00000592158	ENST00000592158.2	11058788	11059227	472	666	ENSE00002801978	4	11035022	11059227			11058983	11059227	11035022	10960824	11079426	472	666	11058788	11058982
ENSG00000127616	ENSG00000127616.23	ENST00000646889	ENST00000646889.1	11059753	11059885			ENSE00003991448	4	11040634	11062028					11040634	10960824	11079426				
ENSG00000127616	ENSG00000127616.23	ENST00000646889	ENST00000646889.1	11060045	11060187			ENSE00003991450	5	11040634	11062028					11040634	10960824	11079426				
ENSG00000127616	ENSG00000127616.23	ENST00000646889	ENST00000646889.1	11058255	11058363			ENSE00003578378	2	11040634	11062028					11040634	10960824	11079426				
ENSG00000127616	ENSG00000127616.23	ENST00000646889	ENST00000646889.1	11058788	11058889			ENSE00003599817	3	11040634	11062028					11040634	10960824	11079426				
ENSG00000127616	ENSG00000127616.23	ENST00000646889	ENST00000646889.1	11040634	11041560			ENSE00003819788	1	11040634	11062028					11040634	10960824	11079426				
ENSG00000127616	ENSG00000127616.23	ENST00000646889	ENST00000646889.1	11061784	11062028			ENSE00003826494	6	11040634	11062028					11040634	10960824	11079426				
ENSG00000127616	ENSG00000127616.23	ENST00000643929	ENST00000643929.1	11059753	11059885			ENSE00003991448	4	11040644	11062247					11040644	10960824	11079426				
ENSG00000127616	ENSG00000127616.23	ENST00000643929	ENST00000643929.1	11060045	11060187			ENSE00003991450	5	11040644	11062247					11040644	10960824	11079426				
ENSG00000127616	ENSG00000127616.23	ENST00000643929	ENST00000643929.1	11058788	11058889			ENSE00003599817	3	11040644	11062247					11040644	10960824	11079426				
ENSG00000127616	ENSG00000127616.23	ENST00000643929	ENST00000643929.1	11058258	11058363			ENSE00003827386	2	11040644	11062247					11040644	10960824	11079426				
ENSG00000127616	ENSG00000127616.23	ENST00000643929	ENST00000643929.1	11040644	11041560			ENSE00003822537	1	11040644	11062247					11040644	10960824	11079426				
ENSG00000127616	ENSG00000127616.23	ENST00000643929	ENST00000643929.1	11061784	11062247			ENSE00003816086	6	11040644	11062247					11040644	10960824	11079426				
ENSG00000127616	ENSG00000127616.23	ENST00000645387	ENST00000645387.1	11058255	11058363			ENSE00003578378	3	11041439	11059845			11058255	11058363	11041439	10960824	11079426				
ENSG00000127616	ENSG00000127616.23	ENST00000645387	ENST00000645387.1	11058788	11058889			ENSE00003599817	4	11041439	11059845			11058788	11058889	11041439	10960824	11079426				
ENSG00000127616	ENSG00000127616.23	ENST00000645387	ENST00000645387.1	11041439	11041560	1	122	ENSE00003815142	1	11041439	11059845					11041439	10960824	11079426	1	122	11041439	11041560
ENSG00000127616	ENSG00000127616.23	ENST00000645387	ENST00000645387.1	11047595	11047795	123	177	ENSE00003827116	2	11041439	11059845			11047650	11047795	11041439	10960824	11079426	123	177	11047595	11047649
ENSG00000127616	ENSG00000127616.23	ENST00000645387	ENST00000645387.1	11059753	11059845			ENSE00003823469	5	11041439	11059845			11059753	11059845	11041439	10960824	11079426				
ENSG00000127616	ENSG00000127616.23	ENST00000586921	ENST00000586921.1	11060461	11060502			ENSE00002753799	1	11060461	11062269					11060461	10960824	11079426				
ENSG00000127616	ENSG00000127616.23	ENST00000586921	ENST00000586921.1	11061743	11062269			ENSE00002920119	2	11060461	11062269					11060461	10960824	11079426				
ENSG00000127616	ENSG00000127616.23	ENST00000896342	ENST00000896342.1	10985273	10985405	223	355	ENSE00003618181	3	10960872	11062297					10960872	10960824	11079426	557	689	10985273	10985405
ENSG00000127616	ENSG00000127616.23	ENST00000896342	ENST00000896342.1	10986189	10986593	356	760	ENSE00003525604	4	10960872	11062297					10960872	10960824	11079426	690	1094	10986189	10986593
ENSG00000127616	ENSG00000127616.23	ENST00000896342	ENST00000896342.1	10986905	10987003	761	859	ENSE00003604554	5	10960872	11062297					10960872	10960824	11079426	1095	1193	10986905	10987003
ENSG00000127616	ENSG00000127616.23	ENST00000896342	ENST00000896342.1	10987666	10987924	860	1118	ENSE00003531833	6	10960872	11062297					10960872	10960824	11079426	1194	1452	10987666	10987924
ENSG00000127616	ENSG00000127616.23	ENST00000896342	ENST00000896342.1	10989317	10989443	1119	1245	ENSE00003670957	7	10960872	11062297					10960872	10960824	11079426	1453	1579	10989317	10989443
ENSG00000127616	ENSG00000127616.23	ENST00000896342	ENST00000896342.1	10991150	10991323	1246	1419	ENSE00003607688	8	10960872	11062297					10960872	10960824	11079426	1580	1753	10991150	10991323
ENSG00000127616	ENSG00000127616.23	ENST00000896342	ENST00000896342.1	10994828	10995001	1420	1593	ENSE00003546739	9	10960872	11062297					10960872	10960824	11079426	1754	1927	10994828	10995001
ENSG00000127616	ENSG00000127616.23	ENST00000896342	ENST00000896342.1	10996213	10996380	1594	1761	ENSE00003527768	10	10960872	11062297					10960872	10960824	11079426	1928	2095	10996213	10996380
ENSG00000127616	ENSG00000127616.23	ENST00000896342	ENST00000896342.1	10996494	10996544	1762	1812	ENSE00003667937	11	10960872	11062297					10960872	10960824	11079426	2096	2146	10996494	10996544
ENSG00000127616	ENSG00000127616.23	ENST00000896342	ENST00000896342.1	11003029	11003159	1813	1943	ENSE00003667107	12	10960872	11062297					10960872	10960824	11079426	2147	2277	11003029	11003159
ENSG00000127616	ENSG00000127616.23	ENST00000896342	ENST00000896342.1	11003340	11003397	1944	2001	ENSE00003539754	13	10960872	11062297					10960872	10960824	11079426	2278	2335	11003340	11003397
ENSG00000127616	ENSG00000127616.23	ENST00000896342	ENST00000896342.1	11007902	11008023	2002	2123	ENSE00003581372	14	10960872	11062297					10960872	10960824	11079426	2336	2457	11007902	11008023
ENSG00000127616	ENSG00000127616.23	ENST00000896342	ENST00000896342.1	11010381	11010531	2124	2274	ENSE00003530860	15	10960872	11062297					10960872	10960824	11079426	2458	2608	11010381	11010531
ENSG00000127616	ENSG00000127616.23	ENST00000896342	ENST00000896342.1	11012949	11013112	2275	2438	ENSE00003654082	16	10960872	11062297					10960872	10960824	11079426	2609	2772	11012949	11013112
ENSG00000127616	ENSG00000127616.23	ENST00000896342	ENST00000896342.1	11018957	11019023	2439	2505	ENSE00003474879	17	10960872	11062297					10960872	10960824	11079426	2773	2839	11018957	11019023
ENSG00000127616	ENSG00000127616.23	ENST00000896342	ENST00000896342.1	11019591	11019701	2506	2616	ENSE00003477043	18	10960872	11062297					10960872	10960824	11079426	2840	2950	11019591	11019701
ENSG00000127616	ENSG00000127616.23	ENST00000896342	ENST00000896342.1	11021725	11021967	2617	2859	ENSE00003540089	19	10960872	11062297					10960872	10960824	11079426	2951	3193	11021725	11021967
ENSG00000127616	ENSG00000127616.23	ENST00000896342	ENST00000896342.1	11023518	11023631	2860	2973	ENSE00003484961	20	10960872	11062297					10960872	10960824	11079426	3194	3307	11023518	11023631
ENSG00000127616	ENSG00000127616.23	ENST00000896342	ENST00000896342.1	11024331	11024438	2974	3081	ENSE00003553172	21	10960872	11062297					10960872	10960824	11079426	3308	3415	11024331	11024438
ENSG00000127616	ENSG00000127616.23	ENST00000896342	ENST00000896342.1	11025422	11025508	3082	3168	ENSE00003692983	22	10960872	11062297					10960872	10960824	11079426	3416	3502	11025422	11025508
ENSG00000127616	ENSG00000127616.23	ENST00000896342	ENST00000896342.1	11026300	11026346	3169	3215	ENSE00003604518	23	10960872	11062297					10960872	10960824	11079426	3503	3549	11026300	11026346
ENSG00000127616	ENSG00000127616.23	ENST00000896342	ENST00000896342.1	11027784	11027950	3216	3382	ENSE00003459233	24	10960872	11062297					10960872	10960824	11079426	3550	3716	11027784	11027950
ENSG00000127616	ENSG00000127616.23	ENST00000896342	ENST00000896342.1	11030730	11030893	3383	3546	ENSE00003676000	25	10960872	11062297					10960872	10960824	11079426	3717	3880	11030730	11030893
ENSG00000127616	ENSG00000127616.23	ENST00000896342	ENST00000896342.1	11033290	11033517	3547	3774	ENSE00003655405	26	10960872	11062297					10960872	10960824	11079426	3881	4108	11033290	11033517
ENSG00000127616	ENSG00000127616.23	ENST00000896342	ENST00000896342.1	11034123	11034200	3775	3852	ENSE00003703701	27	10960872	11062297					10960872	10960824	11079426	4109	4186	11034123	11034200
ENSG00000127616	ENSG00000127616.23	ENST00000896342	ENST00000896342.1	11034914	11035132	3853	4071	ENSE00003708931	28	10960872	11062297					10960872	10960824	11079426	4187	4405	11034914	11035132
ENSG00000127616	ENSG00000127616.23	ENST00000896342	ENST00000896342.1	11041298	11041560	4072	4334	ENSE00003707185	29	10960872	11062297					10960872	10960824	11079426	4406	4668	11041298	11041560
ENSG00000127616	ENSG00000127616.23	ENST00000896342	ENST00000896342.1	11058788	11058889	4441	4542	ENSE00003687872	31	10960872	11062297					10960872	10960824	11079426	4775	4876	11058788	11058889
ENSG00000127616	ENSG00000127616.23	ENST00000896342	ENST00000896342.1	11059753	11059885	4543	4675	ENSE00003582123	32	10960872	11062297					10960872	10960824	11079426	4877	5009	11059753	11059885
ENSG00000127616	ENSG00000127616.23	ENST00000896342	ENST00000896342.1	11060045	11060187	4676	4818	ENSE00003694052	33	10960872	11062297					10960872	10960824	11079426	5010	5152	11060045	11060187
ENSG00000127616	ENSG00000127616.23	ENST00000896342	ENST00000896342.1	10984121	10984373	1	222	ENSE00000874191	2	10960872	11062297	10984121	10984151			10960872	10960824	11079426	335	556	10984152	10984373
ENSG00000127616	ENSG00000127616.23	ENST00000896342	ENST00000896342.1	11058258	11058363	4335	4440	ENSE00001653058	30	10960872	11062297					10960872	10960824	11079426	4669	4774	11058258	11058363
ENSG00000127616	ENSG00000127616.23	ENST00000896342	ENST00000896342.1	10960872	10961174			ENSE00004354307	1	10960872	11062297	10960872	10961174			10960872	10960824	11079426				
ENSG00000127616	ENSG00000127616.23	ENST00000896342	ENST00000896342.1	11061784	11062297	4819	4851	ENSE00004354304	34	10960872	11062297			11061817	11062297	10960872	10960824	11079426	5153	5185	11061784	11061816
ENSG00000127616	ENSG00000127616.23	ENST00000896343	ENST00000896343.1	10985273	10985405	223	355	ENSE00003618181	3	10961296	11062277					10961296	10960824	11079426	688	820	10985273	10985405
ENSG00000127616	ENSG00000127616.23	ENST00000896343	ENST00000896343.1	10986189	10986593	356	760	ENSE00003525604	4	10961296	11062277					10961296	10960824	11079426	821	1225	10986189	10986593
ENSG00000127616	ENSG00000127616.23	ENST00000896343	ENST00000896343.1	10986905	10987003	761	859	ENSE00003604554	5	10961296	11062277					10961296	10960824	11079426	1226	1324	10986905	10987003
ENSG00000127616	ENSG00000127616.23	ENST00000896343	ENST00000896343.1	10987666	10987924	860	1118	ENSE00003531833	6	10961296	11062277					10961296	10960824	11079426	1325	1583	10987666	10987924
ENSG00000127616	ENSG00000127616.23	ENST00000896343	ENST00000896343.1	10989317	10989443	1119	1245	ENSE00003670957	7	10961296	11062277					10961296	10960824	11079426	1584	1710	10989317	10989443
ENSG00000127616	ENSG00000127616.23	ENST00000896343	ENST00000896343.1	10991150	10991323	1246	1419	ENSE00003607688	8	10961296	11062277					10961296	10960824	11079426	1711	1884	10991150	10991323
ENSG00000127616	ENSG00000127616.23	ENST00000896343	ENST00000896343.1	10994828	10995001	1420	1593	ENSE00003546739	9	10961296	11062277					10961296	10960824	11079426	1885	2058	10994828	10995001
ENSG00000127616	ENSG00000127616.23	ENST00000896343	ENST00000896343.1	10996213	10996380	1594	1761	ENSE00003527768	10	10961296	11062277					10961296	10960824	11079426	2059	2226	10996213	10996380
ENSG00000127616	ENSG00000127616.23	ENST00000896343	ENST00000896343.1	10996494	10996544	1762	1812	ENSE00003667937	11	10961296	11062277					10961296	10960824	11079426	2227	2277	10996494	10996544
ENSG00000127616	ENSG00000127616.23	ENST00000896343	ENST00000896343.1	11003029	11003159	1813	1943	ENSE00003667107	12	10961296	11062277					10961296	10960824	11079426	2278	2408	11003029	11003159
ENSG00000127616	ENSG00000127616.23	ENST00000896343	ENST00000896343.1	11003340	11003397	1944	2001	ENSE00003539754	13	10961296	11062277					10961296	10960824	11079426	2409	2466	11003340	11003397
ENSG00000127616	ENSG00000127616.23	ENST00000896343	ENST00000896343.1	11007902	11008023	2002	2123	ENSE00003581372	14	10961296	11062277					10961296	10960824	11079426	2467	2588	11007902	11008023
ENSG00000127616	ENSG00000127616.23	ENST00000896343	ENST00000896343.1	11010381	11010531	2124	2274	ENSE00003530860	15	10961296	11062277					10961296	10960824	11079426	2589	2739	11010381	11010531
ENSG00000127616	ENSG00000127616.23	ENST00000896343	ENST00000896343.1	11012949	11013112	2275	2438	ENSE00003654082	16	10961296	11062277					10961296	10960824	11079426	2740	2903	11012949	11013112
ENSG00000127616	ENSG00000127616.23	ENST00000896343	ENST00000896343.1	11018957	11019023	2439	2505	ENSE00003474879	17	10961296	11062277					10961296	10960824	11079426	2904	2970	11018957	11019023
ENSG00000127616	ENSG00000127616.23	ENST00000896343	ENST00000896343.1	11019591	11019701	2506	2616	ENSE00003477043	18	10961296	11062277					10961296	10960824	11079426	2971	3081	11019591	11019701
ENSG00000127616	ENSG00000127616.23	ENST00000896343	ENST00000896343.1	11021725	11021967	2617	2859	ENSE00003540089	19	10961296	11062277					10961296	10960824	11079426	3082	3324	11021725	11021967
ENSG00000127616	ENSG00000127616.23	ENST00000896343	ENST00000896343.1	11023518	11023631	2860	2973	ENSE00003484961	20	10961296	11062277					10961296	10960824	11079426	3325	3438	11023518	11023631
ENSG00000127616	ENSG00000127616.23	ENST00000896343	ENST00000896343.1	11024331	11024438	2974	3081	ENSE00003553172	21	10961296	11062277					10961296	10960824	11079426	3439	3546	11024331	11024438
ENSG00000127616	ENSG00000127616.23	ENST00000896343	ENST00000896343.1	11025422	11025508	3082	3168	ENSE00003692983	22	10961296	11062277					10961296	10960824	11079426	3547	3633	11025422	11025508
ENSG00000127616	ENSG00000127616.23	ENST00000896343	ENST00000896343.1	11026300	11026346	3169	3215	ENSE00003604518	23	10961296	11062277					10961296	10960824	11079426	3634	3680	11026300	11026346
ENSG00000127616	ENSG00000127616.23	ENST00000896343	ENST00000896343.1	11027784	11027950	3216	3382	ENSE00003459233	24	10961296	11062277					10961296	10960824	11079426	3681	3847	11027784	11027950
ENSG00000127616	ENSG00000127616.23	ENST00000896343	ENST00000896343.1	11030730	11030893	3383	3546	ENSE00003676000	25	10961296	11062277					10961296	10960824	11079426	3848	4011	11030730	11030893
ENSG00000127616	ENSG00000127616.23	ENST00000896343	ENST00000896343.1	11033290	11033517	3547	3774	ENSE00003655405	26	10961296	11062277					10961296	10960824	11079426	4012	4239	11033290	11033517
ENSG00000127616	ENSG00000127616.23	ENST00000896343	ENST00000896343.1	11034123	11034200	3874	3951	ENSE00003703701	28	10961296	11062277					10961296	10960824	11079426	4339	4416	11034123	11034200
ENSG00000127616	ENSG00000127616.23	ENST00000896343	ENST00000896343.1	11034914	11035132	3952	4170	ENSE00003708931	29	10961296	11062277					10961296	10960824	11079426	4417	4635	11034914	11035132
ENSG00000127616	ENSG00000127616.23	ENST00000896343	ENST00000896343.1	11039458	11039553	4171	4266	ENSE00003707782	30	10961296	11062277					10961296	10960824	11079426	4636	4731	11039458	11039553
ENSG00000127616	ENSG00000127616.23	ENST00000896343	ENST00000896343.1	11058255	11058363	4521	4629	ENSE00003468652	32	10961296	11062277					10961296	10960824	11079426	4986	5094	11058255	11058363
ENSG00000127616	ENSG00000127616.23	ENST00000896343	ENST00000896343.1	11058788	11058889	4630	4731	ENSE00003687872	33	10961296	11062277					10961296	10960824	11079426	5095	5196	11058788	11058889
ENSG00000127616	ENSG00000127616.23	ENST00000896343	ENST00000896343.1	11059753	11059885	4732	4864	ENSE00003582123	34	10961296	11062277					10961296	10960824	11079426	5197	5329	11059753	11059885
ENSG00000127616	ENSG00000127616.23	ENST00000896343	ENST00000896343.1	11060045	11060187	4865	5007	ENSE00003694052	35	10961296	11062277					10961296	10960824	11079426	5330	5472	11060045	11060187
ENSG00000127616	ENSG00000127616.23	ENST00000896343	ENST00000896343.1	11041307	11041560	4267	4520	ENSE00003547338	31	10961296	11062277					10961296	10960824	11079426	4732	4985	11041307	11041560
ENSG00000127616	ENSG00000127616.23	ENST00000896343	ENST00000896343.1	10984121	10984373	1	222	ENSE00000874191	2	10961296	11062277	10984121	10984151			10961296	10960824	11079426	466	687	10984152	10984373
ENSG00000127616	ENSG00000127616.23	ENST00000896343	ENST00000896343.1	11033767	11033865	3775	3873	ENSE00004014467	27	10961296	11062277					10961296	10960824	11079426	4240	4338	11033767	11033865
ENSG00000127616	ENSG00000127616.23	ENST00000896343	ENST00000896343.1	10961296	10961729			ENSE00004354306	1	10961296	11062277	10961296	10961729			10961296	10960824	11079426				
ENSG00000127616	ENSG00000127616.23	ENST00000896343	ENST00000896343.1	11061784	11062277	5008	5040	ENSE00004354305	36	10961296	11062277			11061817	11062277	10961296	10960824	11079426	5473	5505	11061784	11061816
ENSG00000127616	ENSG00000127616.23	ENST00000924714	ENST00000924714.1	10985273	10985405	223	355	ENSE00003618181	3	10960824	11062278					10960824	10960824	11079426	605	737	10985273	10985405
ENSG00000127616	ENSG00000127616.23	ENST00000924714	ENST00000924714.1	10986189	10986593	356	760	ENSE00003525604	4	10960824	11062278					10960824	10960824	11079426	738	1142	10986189	10986593
ENSG00000127616	ENSG00000127616.23	ENST00000924714	ENST00000924714.1	10986905	10987003	761	859	ENSE00003604554	5	10960824	11062278					10960824	10960824	11079426	1143	1241	10986905	10987003
ENSG00000127616	ENSG00000127616.23	ENST00000924714	ENST00000924714.1	10987666	10987924	860	1118	ENSE00003531833	6	10960824	11062278					10960824	10960824	11079426	1242	1500	10987666	10987924
ENSG00000127616	ENSG00000127616.23	ENST00000924714	ENST00000924714.1	10989317	10989443	1119	1245	ENSE00003670957	7	10960824	11062278					10960824	10960824	11079426	1501	1627	10989317	10989443
ENSG00000127616	ENSG00000127616.23	ENST00000924714	ENST00000924714.1	10991150	10991323	1246	1419	ENSE00003607688	8	10960824	11062278					10960824	10960824	11079426	1628	1801	10991150	10991323
ENSG00000127616	ENSG00000127616.23	ENST00000924714	ENST00000924714.1	10994828	10995001	1420	1593	ENSE00003546739	9	10960824	11062278					10960824	10960824	11079426	1802	1975	10994828	10995001
ENSG00000127616	ENSG00000127616.23	ENST00000924714	ENST00000924714.1	10996213	10996380	1594	1761	ENSE00003527768	10	10960824	11062278					10960824	10960824	11079426	1976	2143	10996213	10996380
ENSG00000127616	ENSG00000127616.23	ENST00000924714	ENST00000924714.1	10996494	10996544	1762	1812	ENSE00003667937	11	10960824	11062278					10960824	10960824	11079426	2144	2194	10996494	10996544
ENSG00000127616	ENSG00000127616.23	ENST00000924714	ENST00000924714.1	11003029	11003159	1813	1943	ENSE00003667107	12	10960824	11062278					10960824	10960824	11079426	2195	2325	11003029	11003159
ENSG00000127616	ENSG00000127616.23	ENST00000924714	ENST00000924714.1	11003340	11003397	1944	2001	ENSE00003539754	13	10960824	11062278					10960824	10960824	11079426	2326	2383	11003340	11003397
ENSG00000127616	ENSG00000127616.23	ENST00000924714	ENST00000924714.1	11010381	11010531	2121	2271	ENSE00003530860	15	10960824	11062278					10960824	10960824	11079426	2503	2653	11010381	11010531
ENSG00000127616	ENSG00000127616.23	ENST00000924714	ENST00000924714.1	11012949	11013112	2272	2435	ENSE00003654082	16	10960824	11062278					10960824	10960824	11079426	2654	2817	11012949	11013112
ENSG00000127616	ENSG00000127616.23	ENST00000924714	ENST00000924714.1	11018957	11019023	2436	2502	ENSE00003474879	17	10960824	11062278					10960824	10960824	11079426	2818	2884	11018957	11019023
ENSG00000127616	ENSG00000127616.23	ENST00000924714	ENST00000924714.1	11019591	11019701	2503	2613	ENSE00003477043	18	10960824	11062278					10960824	10960824	11079426	2885	2995	11019591	11019701
ENSG00000127616	ENSG00000127616.23	ENST00000924714	ENST00000924714.1	11021725	11021967	2614	2856	ENSE00003540089	19	10960824	11062278					10960824	10960824	11079426	2996	3238	11021725	11021967
ENSG00000127616	ENSG00000127616.23	ENST00000924714	ENST00000924714.1	11023518	11023631	2857	2970	ENSE00003484961	20	10960824	11062278					10960824	10960824	11079426	3239	3352	11023518	11023631
ENSG00000127616	ENSG00000127616.23	ENST00000924714	ENST00000924714.1	11024331	11024438	2971	3078	ENSE00003553172	21	10960824	11062278					10960824	10960824	11079426	3353	3460	11024331	11024438
ENSG00000127616	ENSG00000127616.23	ENST00000924714	ENST00000924714.1	11025422	11025508	3079	3165	ENSE00003692983	22	10960824	11062278					10960824	10960824	11079426	3461	3547	11025422	11025508
ENSG00000127616	ENSG00000127616.23	ENST00000924714	ENST00000924714.1	11026300	11026346	3166	3212	ENSE00003604518	23	10960824	11062278					10960824	10960824	11079426	3548	3594	11026300	11026346
ENSG00000127616	ENSG00000127616.23	ENST00000924714	ENST00000924714.1	11027784	11027950	3213	3379	ENSE00003459233	24	10960824	11062278					10960824	10960824	11079426	3595	3761	11027784	11027950
ENSG00000127616	ENSG00000127616.23	ENST00000924714	ENST00000924714.1	11030730	11030893	3380	3543	ENSE00003676000	25	10960824	11062278					10960824	10960824	11079426	3762	3925	11030730	11030893
ENSG00000127616	ENSG00000127616.23	ENST00000924714	ENST00000924714.1	11033290	11033517	3544	3771	ENSE00003655405	26	10960824	11062278					10960824	10960824	11079426	3926	4153	11033290	11033517
ENSG00000127616	ENSG00000127616.23	ENST00000924714	ENST00000924714.1	11034123	11034200	3772	3849	ENSE00003703701	27	10960824	11062278					10960824	10960824	11079426	4154	4231	11034123	11034200
ENSG00000127616	ENSG00000127616.23	ENST00000924714	ENST00000924714.1	11034914	11035132	3850	4068	ENSE00003708931	28	10960824	11062278					10960824	10960824	11079426	4232	4450	11034914	11035132
ENSG00000127616	ENSG00000127616.23	ENST00000924714	ENST00000924714.1	11058255	11058363	4323	4431	ENSE00003468652	30	10960824	11062278					10960824	10960824	11079426	4705	4813	11058255	11058363
ENSG00000127616	ENSG00000127616.23	ENST00000924714	ENST00000924714.1	11058788	11058889	4432	4533	ENSE00003687872	31	10960824	11062278					10960824	10960824	11079426	4814	4915	11058788	11058889
ENSG00000127616	ENSG00000127616.23	ENST00000924714	ENST00000924714.1	11059753	11059885	4534	4666	ENSE00003582123	32	10960824	11062278					10960824	10960824	11079426	4916	5048	11059753	11059885
ENSG00000127616	ENSG00000127616.23	ENST00000924714	ENST00000924714.1	11060045	11060187	4667	4809	ENSE00003694052	33	10960824	11062278					10960824	10960824	11079426	5049	5191	11060045	11060187
ENSG00000127616	ENSG00000127616.23	ENST00000924714	ENST00000924714.1	11041307	11041560	4069	4322	ENSE00003547338	29	10960824	11062278					10960824	10960824	11079426	4451	4704	11041307	11041560
ENSG00000127616	ENSG00000127616.23	ENST00000924714	ENST00000924714.1	10984121	10984373	1	222	ENSE00000874191	2	10960824	11062278	10984121	10984151			10960824	10960824	11079426	383	604	10984152	10984373
ENSG00000127616	ENSG00000127616.23	ENST00000924714	ENST00000924714.1	10960824	10961174			ENSE00004398388	1	10960824	11062278	10960824	10961174			10960824	10960824	11079426				
ENSG00000127616	ENSG00000127616.23	ENST00000924714	ENST00000924714.1	11007905	11008023	2002	2120	ENSE00004398385	14	10960824	11062278					10960824	10960824	11079426	2384	2502	11007905	11008023
ENSG00000127616	ENSG00000127616.23	ENST00000924714	ENST00000924714.1	11061784	11062278	4810	4842	ENSE00004398419	34	10960824	11062278			11061817	11062278	10960824	10960824	11079426	5192	5224	11061784	11061816
ENSG00000127616	ENSG00000127616.23	ENST00000924715	ENST00000924715.1	10984124	10984373	1	222	ENSE00002858683	2	10960839	11062279	10984124	10984151			10960839	10960824	11079426	365	586	10984152	10984373
ENSG00000127616	ENSG00000127616.23	ENST00000924715	ENST00000924715.1	10985273	10985405	223	355	ENSE00003618181	3	10960839	11062279					10960839	10960824	11079426	587	719	10985273	10985405
ENSG00000127616	ENSG00000127616.23	ENST00000924715	ENST00000924715.1	10986189	10986593	356	760	ENSE00003525604	4	10960839	11062279					10960839	10960824	11079426	720	1124	10986189	10986593
ENSG00000127616	ENSG00000127616.23	ENST00000924715	ENST00000924715.1	10986905	10987003	761	859	ENSE00003604554	5	10960839	11062279					10960839	10960824	11079426	1125	1223	10986905	10987003
ENSG00000127616	ENSG00000127616.23	ENST00000924715	ENST00000924715.1	10987666	10987924	860	1118	ENSE00003531833	6	10960839	11062279					10960839	10960824	11079426	1224	1482	10987666	10987924
ENSG00000127616	ENSG00000127616.23	ENST00000924715	ENST00000924715.1	10989317	10989443	1119	1245	ENSE00003670957	7	10960839	11062279					10960839	10960824	11079426	1483	1609	10989317	10989443
ENSG00000127616	ENSG00000127616.23	ENST00000924715	ENST00000924715.1	10991150	10991323	1246	1419	ENSE00003607688	8	10960839	11062279					10960839	10960824	11079426	1610	1783	10991150	10991323
ENSG00000127616	ENSG00000127616.23	ENST00000924715	ENST00000924715.1	10994828	10995001	1420	1593	ENSE00003546739	9	10960839	11062279					10960839	10960824	11079426	1784	1957	10994828	10995001
ENSG00000127616	ENSG00000127616.23	ENST00000924715	ENST00000924715.1	10996213	10996380	1594	1761	ENSE00003527768	10	10960839	11062279					10960839	10960824	11079426	1958	2125	10996213	10996380
ENSG00000127616	ENSG00000127616.23	ENST00000924715	ENST00000924715.1	10996494	10996544	1762	1812	ENSE00003667937	11	10960839	11062279					10960839	10960824	11079426	2126	2176	10996494	10996544
ENSG00000127616	ENSG00000127616.23	ENST00000924715	ENST00000924715.1	11003029	11003159	1813	1943	ENSE00003667107	12	10960839	11062279					10960839	10960824	11079426	2177	2307	11003029	11003159
ENSG00000127616	ENSG00000127616.23	ENST00000924715	ENST00000924715.1	11003340	11003397	1944	2001	ENSE00003539754	13	10960839	11062279					10960839	10960824	11079426	2308	2365	11003340	11003397
ENSG00000127616	ENSG00000127616.23	ENST00000924715	ENST00000924715.1	11007902	11008023	2002	2123	ENSE00003581372	14	10960839	11062279					10960839	10960824	11079426	2366	2487	11007902	11008023
ENSG00000127616	ENSG00000127616.23	ENST00000924715	ENST00000924715.1	11010381	11010531	2124	2274	ENSE00003530860	15	10960839	11062279					10960839	10960824	11079426	2488	2638	11010381	11010531
ENSG00000127616	ENSG00000127616.23	ENST00000924715	ENST00000924715.1	11012949	11013112	2275	2438	ENSE00003654082	16	10960839	11062279					10960839	10960824	11079426	2639	2802	11012949	11013112
ENSG00000127616	ENSG00000127616.23	ENST00000924715	ENST00000924715.1	11018957	11019023	2439	2505	ENSE00003474879	17	10960839	11062279					10960839	10960824	11079426	2803	2869	11018957	11019023
ENSG00000127616	ENSG00000127616.23	ENST00000924715	ENST00000924715.1	11019591	11019701	2506	2616	ENSE00003477043	18	10960839	11062279					10960839	10960824	11079426	2870	2980	11019591	11019701
ENSG00000127616	ENSG00000127616.23	ENST00000924715	ENST00000924715.1	11021725	11021967	2617	2859	ENSE00003540089	19	10960839	11062279					10960839	10960824	11079426	2981	3223	11021725	11021967
ENSG00000127616	ENSG00000127616.23	ENST00000924715	ENST00000924715.1	11023518	11023631	2860	2973	ENSE00003484961	20	10960839	11062279					10960839	10960824	11079426	3224	3337	11023518	11023631
ENSG00000127616	ENSG00000127616.23	ENST00000924715	ENST00000924715.1	11024331	11024438	2974	3081	ENSE00003553172	21	10960839	11062279					10960839	10960824	11079426	3338	3445	11024331	11024438
ENSG00000127616	ENSG00000127616.23	ENST00000924715	ENST00000924715.1	11025422	11025508	3082	3168	ENSE00003692983	22	10960839	11062279					10960839	10960824	11079426	3446	3532	11025422	11025508
ENSG00000127616	ENSG00000127616.23	ENST00000924715	ENST00000924715.1	11026300	11026346	3169	3215	ENSE00003604518	23	10960839	11062279					10960839	10960824	11079426	3533	3579	11026300	11026346
ENSG00000127616	ENSG00000127616.23	ENST00000924715	ENST00000924715.1	11027784	11027950	3216	3382	ENSE00003459233	24	10960839	11062279					10960839	10960824	11079426	3580	3746	11027784	11027950
ENSG00000127616	ENSG00000127616.23	ENST00000924715	ENST00000924715.1	11030730	11030893	3383	3546	ENSE00003676000	25	10960839	11062279					10960839	10960824	11079426	3747	3910	11030730	11030893
ENSG00000127616	ENSG00000127616.23	ENST00000924715	ENST00000924715.1	11033290	11033517	3547	3774	ENSE00003655405	26	10960839	11062279					10960839	10960824	11079426	3911	4138	11033290	11033517
ENSG00000127616	ENSG00000127616.23	ENST00000924715	ENST00000924715.1	11034123	11034200	3874	3951	ENSE00003703701	28	10960839	11062279					10960839	10960824	11079426	4238	4315	11034123	11034200
ENSG00000127616	ENSG00000127616.23	ENST00000924715	ENST00000924715.1	11034914	11035132	3952	4170	ENSE00003708931	29	10960839	11062279					10960839	10960824	11079426	4316	4534	11034914	11035132
ENSG00000127616	ENSG00000127616.23	ENST00000924715	ENST00000924715.1	11058255	11058363	4425	4533	ENSE00003468652	31	10960839	11062279					10960839	10960824	11079426	4789	4897	11058255	11058363
ENSG00000127616	ENSG00000127616.23	ENST00000924715	ENST00000924715.1	11058788	11058889	4534	4635	ENSE00003687872	32	10960839	11062279					10960839	10960824	11079426	4898	4999	11058788	11058889
ENSG00000127616	ENSG00000127616.23	ENST00000924715	ENST00000924715.1	11059753	11059885	4636	4768	ENSE00003582123	33	10960839	11062279					10960839	10960824	11079426	5000	5132	11059753	11059885
ENSG00000127616	ENSG00000127616.23	ENST00000924715	ENST00000924715.1	11060045	11060187	4769	4911	ENSE00003694052	34	10960839	11062279					10960839	10960824	11079426	5133	5275	11060045	11060187
ENSG00000127616	ENSG00000127616.23	ENST00000924715	ENST00000924715.1	11041307	11041560	4171	4424	ENSE00003547338	30	10960839	11062279					10960839	10960824	11079426	4535	4788	11041307	11041560
ENSG00000127616	ENSG00000127616.23	ENST00000924715	ENST00000924715.1	11061784	11062279	4912	4944	ENSE00003814574	35	10960839	11062279			11061817	11062279	10960839	10960824	11079426	5276	5308	11061784	11061816
ENSG00000127616	ENSG00000127616.23	ENST00000924715	ENST00000924715.1	11033767	11033865	3775	3873	ENSE00004014467	27	10960839	11062279					10960839	10960824	11079426	4139	4237	11033767	11033865
ENSG00000127616	ENSG00000127616.23	ENST00000924715	ENST00000924715.1	10960839	10961174			ENSE00004398428	1	10960839	11062279	10960839	10961174			10960839	10960824	11079426				
ENSG00000127616	ENSG00000127616.23	ENST00000924716	ENST00000924716.1	10985273	10985405	223	355	ENSE00003618181	3	10960851	11062279					10960851	10960824	11079426	578	710	10985273	10985405
ENSG00000127616	ENSG00000127616.23	ENST00000924716	ENST00000924716.1	10986189	10986593	356	760	ENSE00003525604	4	10960851	11062279					10960851	10960824	11079426	711	1115	10986189	10986593
ENSG00000127616	ENSG00000127616.23	ENST00000924716	ENST00000924716.1	10986905	10987003	761	859	ENSE00003604554	5	10960851	11062279					10960851	10960824	11079426	1116	1214	10986905	10987003
ENSG00000127616	ENSG00000127616.23	ENST00000924716	ENST00000924716.1	10987666	10987924	860	1118	ENSE00003531833	6	10960851	11062279					10960851	10960824	11079426	1215	1473	10987666	10987924
ENSG00000127616	ENSG00000127616.23	ENST00000924716	ENST00000924716.1	10989317	10989443	1119	1245	ENSE00003670957	7	10960851	11062279					10960851	10960824	11079426	1474	1600	10989317	10989443
ENSG00000127616	ENSG00000127616.23	ENST00000924716	ENST00000924716.1	10991150	10991323	1246	1419	ENSE00003607688	8	10960851	11062279					10960851	10960824	11079426	1601	1774	10991150	10991323
ENSG00000127616	ENSG00000127616.23	ENST00000924716	ENST00000924716.1	10994828	10995001	1420	1593	ENSE00003546739	9	10960851	11062279					10960851	10960824	11079426	1775	1948	10994828	10995001
ENSG00000127616	ENSG00000127616.23	ENST00000924716	ENST00000924716.1	10996213	10996380	1594	1761	ENSE00003527768	10	10960851	11062279					10960851	10960824	11079426	1949	2116	10996213	10996380
ENSG00000127616	ENSG00000127616.23	ENST00000924716	ENST00000924716.1	10996494	10996544	1762	1812	ENSE00003667937	11	10960851	11062279					10960851	10960824	11079426	2117	2167	10996494	10996544
ENSG00000127616	ENSG00000127616.23	ENST00000924716	ENST00000924716.1	11003029	11003159	1813	1943	ENSE00003667107	12	10960851	11062279					10960851	10960824	11079426	2168	2298	11003029	11003159
ENSG00000127616	ENSG00000127616.23	ENST00000924716	ENST00000924716.1	11003340	11003397	1944	2001	ENSE00003539754	13	10960851	11062279					10960851	10960824	11079426	2299	2356	11003340	11003397
ENSG00000127616	ENSG00000127616.23	ENST00000924716	ENST00000924716.1	11007902	11008023	2002	2123	ENSE00003581372	14	10960851	11062279					10960851	10960824	11079426	2357	2478	11007902	11008023
ENSG00000127616	ENSG00000127616.23	ENST00000924716	ENST00000924716.1	11010381	11010531	2124	2274	ENSE00003530860	15	10960851	11062279					10960851	10960824	11079426	2479	2629	11010381	11010531
ENSG00000127616	ENSG00000127616.23	ENST00000924716	ENST00000924716.1	11012949	11013112	2275	2438	ENSE00003654082	16	10960851	11062279					10960851	10960824	11079426	2630	2793	11012949	11013112
ENSG00000127616	ENSG00000127616.23	ENST00000924716	ENST00000924716.1	11018957	11019023	2439	2505	ENSE00003474879	17	10960851	11062279					10960851	10960824	11079426	2794	2860	11018957	11019023
ENSG00000127616	ENSG00000127616.23	ENST00000924716	ENST00000924716.1	11019591	11019701	2506	2616	ENSE00003477043	18	10960851	11062279					10960851	10960824	11079426	2861	2971	11019591	11019701
ENSG00000127616	ENSG00000127616.23	ENST00000924716	ENST00000924716.1	11021725	11021967	2617	2859	ENSE00003540089	19	10960851	11062279					10960851	10960824	11079426	2972	3214	11021725	11021967
ENSG00000127616	ENSG00000127616.23	ENST00000924716	ENST00000924716.1	11023518	11023631	2860	2973	ENSE00003484961	20	10960851	11062279					10960851	10960824	11079426	3215	3328	11023518	11023631
ENSG00000127616	ENSG00000127616.23	ENST00000924716	ENST00000924716.1	11024331	11024438	2974	3081	ENSE00003553172	21	10960851	11062279					10960851	10960824	11079426	3329	3436	11024331	11024438
ENSG00000127616	ENSG00000127616.23	ENST00000924716	ENST00000924716.1	11025422	11025508	3082	3168	ENSE00003692983	22	10960851	11062279					10960851	10960824	11079426	3437	3523	11025422	11025508
ENSG00000127616	ENSG00000127616.23	ENST00000924716	ENST00000924716.1	11026300	11026346	3169	3215	ENSE00003604518	23	10960851	11062279					10960851	10960824	11079426	3524	3570	11026300	11026346
ENSG00000127616	ENSG00000127616.23	ENST00000924716	ENST00000924716.1	11027784	11027950	3216	3382	ENSE00003459233	24	10960851	11062279					10960851	10960824	11079426	3571	3737	11027784	11027950
ENSG00000127616	ENSG00000127616.23	ENST00000924716	ENST00000924716.1	11030730	11030893	3383	3546	ENSE00003676000	25	10960851	11062279					10960851	10960824	11079426	3738	3901	11030730	11030893
ENSG00000127616	ENSG00000127616.23	ENST00000924716	ENST00000924716.1	11033290	11033517	3547	3774	ENSE00003655405	26	10960851	11062279					10960851	10960824	11079426	3902	4129	11033290	11033517
ENSG00000127616	ENSG00000127616.23	ENST00000924716	ENST00000924716.1	11034123	11034200	3775	3852	ENSE00003703701	27	10960851	11062279					10960851	10960824	11079426	4130	4207	11034123	11034200
ENSG00000127616	ENSG00000127616.23	ENST00000924716	ENST00000924716.1	11034914	11035132	3853	4071	ENSE00003708931	28	10960851	11062279					10960851	10960824	11079426	4208	4426	11034914	11035132
ENSG00000127616	ENSG00000127616.23	ENST00000924716	ENST00000924716.1	11058788	11058889	4432	4533	ENSE00003687872	31	10960851	11062279					10960851	10960824	11079426	4787	4888	11058788	11058889
ENSG00000127616	ENSG00000127616.23	ENST00000924716	ENST00000924716.1	11059753	11059885	4534	4666	ENSE00003582123	32	10960851	11062279					10960851	10960824	11079426	4889	5021	11059753	11059885
ENSG00000127616	ENSG00000127616.23	ENST00000924716	ENST00000924716.1	11060045	11060187	4667	4809	ENSE00003694052	33	10960851	11062279					10960851	10960824	11079426	5022	5164	11060045	11060187
ENSG00000127616	ENSG00000127616.23	ENST00000924716	ENST00000924716.1	11041307	11041560	4072	4325	ENSE00003547338	29	10960851	11062279					10960851	10960824	11079426	4427	4680	11041307	11041560
ENSG00000127616	ENSG00000127616.23	ENST00000924716	ENST00000924716.1	11061784	11062279	4810	4842	ENSE00003814574	34	10960851	11062279			11061817	11062279	10960851	10960824	11079426	5165	5197	11061784	11061816
ENSG00000127616	ENSG00000127616.23	ENST00000924716	ENST00000924716.1	10984121	10984373	1	222	ENSE00000874191	2	10960851	11062279	10984121	10984151			10960851	10960824	11079426	356	577	10984152	10984373
ENSG00000127616	ENSG00000127616.23	ENST00000924716	ENST00000924716.1	11058258	11058363	4326	4431	ENSE00001653058	30	10960851	11062279					10960851	10960824	11079426	4681	4786	11058258	11058363
ENSG00000127616	ENSG00000127616.23	ENST00000924716	ENST00000924716.1	10960851	10961174			ENSE00004398400	1	10960851	11062279	10960851	10961174			10960851	10960824	11079426				
ENSG00000127616	ENSG00000127616.23	ENST00000924717	ENST00000924717.1	10984124	10984373	1	222	ENSE00002858683	2	10960877	11062274	10984124	10984151			10960877	10960824	11079426	327	548	10984152	10984373
ENSG00000127616	ENSG00000127616.23	ENST00000924717	ENST00000924717.1	10985273	10985405	223	355	ENSE00003618181	3	10960877	11062274					10960877	10960824	11079426	549	681	10985273	10985405
ENSG00000127616	ENSG00000127616.23	ENST00000924717	ENST00000924717.1	10986189	10986593	356	760	ENSE00003525604	4	10960877	11062274					10960877	10960824	11079426	682	1086	10986189	10986593
ENSG00000127616	ENSG00000127616.23	ENST00000924717	ENST00000924717.1	10987666	10987924	761	1019	ENSE00003531833	5	10960877	11062274					10960877	10960824	11079426	1087	1345	10987666	10987924
ENSG00000127616	ENSG00000127616.23	ENST00000924717	ENST00000924717.1	10989317	10989443	1020	1146	ENSE00003670957	6	10960877	11062274					10960877	10960824	11079426	1346	1472	10989317	10989443
ENSG00000127616	ENSG00000127616.23	ENST00000924717	ENST00000924717.1	10991150	10991323	1147	1320	ENSE00003607688	7	10960877	11062274					10960877	10960824	11079426	1473	1646	10991150	10991323
ENSG00000127616	ENSG00000127616.23	ENST00000924717	ENST00000924717.1	10994828	10995001	1321	1494	ENSE00003546739	8	10960877	11062274					10960877	10960824	11079426	1647	1820	10994828	10995001
ENSG00000127616	ENSG00000127616.23	ENST00000924717	ENST00000924717.1	10996213	10996380	1495	1662	ENSE00003527768	9	10960877	11062274					10960877	10960824	11079426	1821	1988	10996213	10996380
ENSG00000127616	ENSG00000127616.23	ENST00000924717	ENST00000924717.1	10996494	10996544	1663	1713	ENSE00003667937	10	10960877	11062274					10960877	10960824	11079426	1989	2039	10996494	10996544
ENSG00000127616	ENSG00000127616.23	ENST00000924717	ENST00000924717.1	11003029	11003159	1714	1844	ENSE00003667107	11	10960877	11062274					10960877	10960824	11079426	2040	2170	11003029	11003159
ENSG00000127616	ENSG00000127616.23	ENST00000924717	ENST00000924717.1	11003340	11003397	1845	1902	ENSE00003539754	12	10960877	11062274					10960877	10960824	11079426	2171	2228	11003340	11003397
ENSG00000127616	ENSG00000127616.23	ENST00000924717	ENST00000924717.1	11007902	11008023	1903	2024	ENSE00003581372	13	10960877	11062274					10960877	10960824	11079426	2229	2350	11007902	11008023
ENSG00000127616	ENSG00000127616.23	ENST00000924717	ENST00000924717.1	11010381	11010531	2025	2175	ENSE00003530860	14	10960877	11062274					10960877	10960824	11079426	2351	2501	11010381	11010531
ENSG00000127616	ENSG00000127616.23	ENST00000924717	ENST00000924717.1	11012949	11013112	2176	2339	ENSE00003654082	15	10960877	11062274					10960877	10960824	11079426	2502	2665	11012949	11013112
ENSG00000127616	ENSG00000127616.23	ENST00000924717	ENST00000924717.1	11018957	11019023	2340	2406	ENSE00003474879	16	10960877	11062274					10960877	10960824	11079426	2666	2732	11018957	11019023
ENSG00000127616	ENSG00000127616.23	ENST00000924717	ENST00000924717.1	11019591	11019701	2407	2517	ENSE00003477043	17	10960877	11062274					10960877	10960824	11079426	2733	2843	11019591	11019701
ENSG00000127616	ENSG00000127616.23	ENST00000924717	ENST00000924717.1	11021725	11021967	2518	2760	ENSE00003540089	18	10960877	11062274					10960877	10960824	11079426	2844	3086	11021725	11021967
ENSG00000127616	ENSG00000127616.23	ENST00000924717	ENST00000924717.1	11023518	11023631	2761	2874	ENSE00003484961	19	10960877	11062274					10960877	10960824	11079426	3087	3200	11023518	11023631
ENSG00000127616	ENSG00000127616.23	ENST00000924717	ENST00000924717.1	11024331	11024438	2875	2982	ENSE00003553172	20	10960877	11062274					10960877	10960824	11079426	3201	3308	11024331	11024438
ENSG00000127616	ENSG00000127616.23	ENST00000924717	ENST00000924717.1	11025422	11025508	2983	3069	ENSE00003692983	21	10960877	11062274					10960877	10960824	11079426	3309	3395	11025422	11025508
ENSG00000127616	ENSG00000127616.23	ENST00000924717	ENST00000924717.1	11026300	11026346	3070	3116	ENSE00003604518	22	10960877	11062274					10960877	10960824	11079426	3396	3442	11026300	11026346
ENSG00000127616	ENSG00000127616.23	ENST00000924717	ENST00000924717.1	11027784	11027950	3117	3283	ENSE00003459233	23	10960877	11062274					10960877	10960824	11079426	3443	3609	11027784	11027950
ENSG00000127616	ENSG00000127616.23	ENST00000924717	ENST00000924717.1	11030730	11030893	3284	3447	ENSE00003676000	24	10960877	11062274					10960877	10960824	11079426	3610	3773	11030730	11030893
ENSG00000127616	ENSG00000127616.23	ENST00000924717	ENST00000924717.1	11033290	11033517	3448	3675	ENSE00003655405	25	10960877	11062274					10960877	10960824	11079426	3774	4001	11033290	11033517
ENSG00000127616	ENSG00000127616.23	ENST00000924717	ENST00000924717.1	11034123	11034200	3676	3753	ENSE00003703701	26	10960877	11062274					10960877	10960824	11079426	4002	4079	11034123	11034200
ENSG00000127616	ENSG00000127616.23	ENST00000924717	ENST00000924717.1	11034914	11035132	3754	3972	ENSE00003708931	27	10960877	11062274					10960877	10960824	11079426	4080	4298	11034914	11035132
ENSG00000127616	ENSG00000127616.23	ENST00000924717	ENST00000924717.1	11041298	11041560	3973	4235	ENSE00003707185	28	10960877	11062274					10960877	10960824	11079426	4299	4561	11041298	11041560
ENSG00000127616	ENSG00000127616.23	ENST00000924717	ENST00000924717.1	11058788	11058889	4342	4443	ENSE00003687872	30	10960877	11062274					10960877	10960824	11079426	4668	4769	11058788	11058889
ENSG00000127616	ENSG00000127616.23	ENST00000924717	ENST00000924717.1	11059753	11059885	4444	4576	ENSE00003582123	31	10960877	11062274					10960877	10960824	11079426	4770	4902	11059753	11059885
ENSG00000127616	ENSG00000127616.23	ENST00000924717	ENST00000924717.1	11060045	11060187	4577	4719	ENSE00003694052	32	10960877	11062274					10960877	10960824	11079426	4903	5045	11060045	11060187
ENSG00000127616	ENSG00000127616.23	ENST00000924717	ENST00000924717.1	11058258	11058363	4236	4341	ENSE00001653058	29	10960877	11062274					10960877	10960824	11079426	4562	4667	11058258	11058363
ENSG00000127616	ENSG00000127616.23	ENST00000924717	ENST00000924717.1	10960877	10961174			ENSE00004398390	1	10960877	11062274	10960877	10961174			10960877	10960824	11079426				
ENSG00000127616	ENSG00000127616.23	ENST00000924717	ENST00000924717.1	11061784	11062274	4720	4752	ENSE00004398440	33	10960877	11062274			11061817	11062274	10960877	10960824	11079426	5046	5078	11061784	11061816
ENSG00000127616	ENSG00000127616.23	ENST00000924718	ENST00000924718.1	10984124	10984373	1	222	ENSE00002858683	2	10960883	11062277	10984124	10984151			10960883	10960824	11079426	321	542	10984152	10984373
ENSG00000127616	ENSG00000127616.23	ENST00000924718	ENST00000924718.1	10985273	10985405	223	355	ENSE00003618181	3	10960883	11062277					10960883	10960824	11079426	543	675	10985273	10985405
ENSG00000127616	ENSG00000127616.23	ENST00000924718	ENST00000924718.1	10986189	10986593	356	760	ENSE00003525604	4	10960883	11062277					10960883	10960824	11079426	676	1080	10986189	10986593
ENSG00000127616	ENSG00000127616.23	ENST00000924718	ENST00000924718.1	10986905	10987003	761	859	ENSE00003604554	5	10960883	11062277					10960883	10960824	11079426	1081	1179	10986905	10987003
ENSG00000127616	ENSG00000127616.23	ENST00000924718	ENST00000924718.1	10987666	10987924	860	1118	ENSE00003531833	6	10960883	11062277					10960883	10960824	11079426	1180	1438	10987666	10987924
ENSG00000127616	ENSG00000127616.23	ENST00000924718	ENST00000924718.1	10989317	10989443	1119	1245	ENSE00003670957	7	10960883	11062277					10960883	10960824	11079426	1439	1565	10989317	10989443
ENSG00000127616	ENSG00000127616.23	ENST00000924718	ENST00000924718.1	10991150	10991323	1246	1419	ENSE00003607688	8	10960883	11062277					10960883	10960824	11079426	1566	1739	10991150	10991323
ENSG00000127616	ENSG00000127616.23	ENST00000924718	ENST00000924718.1	10994828	10995001	1420	1593	ENSE00003546739	9	10960883	11062277					10960883	10960824	11079426	1740	1913	10994828	10995001
ENSG00000127616	ENSG00000127616.23	ENST00000924718	ENST00000924718.1	10996213	10996380	1594	1761	ENSE00003527768	10	10960883	11062277					10960883	10960824	11079426	1914	2081	10996213	10996380
ENSG00000127616	ENSG00000127616.23	ENST00000924718	ENST00000924718.1	10996494	10996544	1762	1812	ENSE00003667937	11	10960883	11062277					10960883	10960824	11079426	2082	2132	10996494	10996544
ENSG00000127616	ENSG00000127616.23	ENST00000924718	ENST00000924718.1	11003029	11003159	1813	1943	ENSE00003667107	12	10960883	11062277					10960883	10960824	11079426	2133	2263	11003029	11003159
ENSG00000127616	ENSG00000127616.23	ENST00000924718	ENST00000924718.1	11003340	11003397	1944	2001	ENSE00003539754	13	10960883	11062277					10960883	10960824	11079426	2264	2321	11003340	11003397
ENSG00000127616	ENSG00000127616.23	ENST00000924718	ENST00000924718.1	11007902	11008023	2002	2123	ENSE00003581372	14	10960883	11062277					10960883	10960824	11079426	2322	2443	11007902	11008023
ENSG00000127616	ENSG00000127616.23	ENST00000924718	ENST00000924718.1	11010381	11010531	2124	2274	ENSE00003530860	15	10960883	11062277					10960883	10960824	11079426	2444	2594	11010381	11010531
ENSG00000127616	ENSG00000127616.23	ENST00000924718	ENST00000924718.1	11012949	11013112	2275	2438	ENSE00003654082	16	10960883	11062277					10960883	10960824	11079426	2595	2758	11012949	11013112
ENSG00000127616	ENSG00000127616.23	ENST00000924718	ENST00000924718.1	11018957	11019023	2439	2505	ENSE00003474879	17	10960883	11062277					10960883	10960824	11079426	2759	2825	11018957	11019023
ENSG00000127616	ENSG00000127616.23	ENST00000924718	ENST00000924718.1	11019591	11019701	2506	2616	ENSE00003477043	18	10960883	11062277					10960883	10960824	11079426	2826	2936	11019591	11019701
ENSG00000127616	ENSG00000127616.23	ENST00000924718	ENST00000924718.1	11021725	11021967	2617	2859	ENSE00003540089	19	10960883	11062277					10960883	10960824	11079426	2937	3179	11021725	11021967
ENSG00000127616	ENSG00000127616.23	ENST00000924718	ENST00000924718.1	11023518	11023631	2860	2973	ENSE00003484961	20	10960883	11062277					10960883	10960824	11079426	3180	3293	11023518	11023631
ENSG00000127616	ENSG00000127616.23	ENST00000924718	ENST00000924718.1	11024331	11024438	2974	3081	ENSE00003553172	21	10960883	11062277					10960883	10960824	11079426	3294	3401	11024331	11024438
ENSG00000127616	ENSG00000127616.23	ENST00000924718	ENST00000924718.1	11025422	11025508	3082	3168	ENSE00003692983	22	10960883	11062277					10960883	10960824	11079426	3402	3488	11025422	11025508
ENSG00000127616	ENSG00000127616.23	ENST00000924718	ENST00000924718.1	11026300	11026346	3169	3215	ENSE00003604518	23	10960883	11062277					10960883	10960824	11079426	3489	3535	11026300	11026346
ENSG00000127616	ENSG00000127616.23	ENST00000924718	ENST00000924718.1	11027784	11027950	3216	3382	ENSE00003459233	24	10960883	11062277					10960883	10960824	11079426	3536	3702	11027784	11027950
ENSG00000127616	ENSG00000127616.23	ENST00000924718	ENST00000924718.1	11030730	11030893	3383	3546	ENSE00003676000	25	10960883	11062277					10960883	10960824	11079426	3703	3866	11030730	11030893
ENSG00000127616	ENSG00000127616.23	ENST00000924718	ENST00000924718.1	11033290	11033517	3547	3774	ENSE00003655405	26	10960883	11062277					10960883	10960824	11079426	3867	4094	11033290	11033517
ENSG00000127616	ENSG00000127616.23	ENST00000924718	ENST00000924718.1	11034123	11034200	3775	3852	ENSE00003703701	27	10960883	11062277					10960883	10960824	11079426	4095	4172	11034123	11034200
ENSG00000127616	ENSG00000127616.23	ENST00000924718	ENST00000924718.1	11034914	11035132	3853	4071	ENSE00003708931	28	10960883	11062277					10960883	10960824	11079426	4173	4391	11034914	11035132
ENSG00000127616	ENSG00000127616.23	ENST00000924718	ENST00000924718.1	11041298	11041560	4072	4334	ENSE00003707185	29	10960883	11062277					10960883	10960824	11079426	4392	4654	11041298	11041560
ENSG00000127616	ENSG00000127616.23	ENST00000924718	ENST00000924718.1	11058788	11058889	4441	4542	ENSE00003687872	31	10960883	11062277					10960883	10960824	11079426	4761	4862	11058788	11058889
ENSG00000127616	ENSG00000127616.23	ENST00000924718	ENST00000924718.1	11059753	11059885	4543	4675	ENSE00003582123	32	10960883	11062277					10960883	10960824	11079426	4863	4995	11059753	11059885
ENSG00000127616	ENSG00000127616.23	ENST00000924718	ENST00000924718.1	11060045	11060187	4676	4818	ENSE00003694052	33	10960883	11062277					10960883	10960824	11079426	4996	5138	11060045	11060187
ENSG00000127616	ENSG00000127616.23	ENST00000924718	ENST00000924718.1	11058258	11058363	4335	4440	ENSE00001653058	30	10960883	11062277					10960883	10960824	11079426	4655	4760	11058258	11058363
ENSG00000127616	ENSG00000127616.23	ENST00000924718	ENST00000924718.1	11061784	11062277	4819	4851	ENSE00004354305	34	10960883	11062277			11061817	11062277	10960883	10960824	11079426	5139	5171	11061784	11061816
ENSG00000127616	ENSG00000127616.23	ENST00000924718	ENST00000924718.1	10960883	10961174			ENSE00004398423	1	10960883	11062277	10960883	10961174			10960883	10960824	11079426				
ENSG00000127616	ENSG00000127616.23	ENST00000924719	ENST00000924719.1	10984124	10984373	1	222	ENSE00002858683	2	10960883	11062277	10984124	10984151			10960883	10960824	11079426	321	542	10984152	10984373
ENSG00000127616	ENSG00000127616.23	ENST00000924719	ENST00000924719.1	10985273	10985405	223	355	ENSE00003618181	3	10960883	11062277					10960883	10960824	11079426	543	675	10985273	10985405
ENSG00000127616	ENSG00000127616.23	ENST00000924719	ENST00000924719.1	10986189	10986593	356	760	ENSE00003525604	4	10960883	11062277					10960883	10960824	11079426	676	1080	10986189	10986593
ENSG00000127616	ENSG00000127616.23	ENST00000924719	ENST00000924719.1	10986905	10987003	761	859	ENSE00003604554	5	10960883	11062277					10960883	10960824	11079426	1081	1179	10986905	10987003
ENSG00000127616	ENSG00000127616.23	ENST00000924719	ENST00000924719.1	10987666	10987924	860	1118	ENSE00003531833	6	10960883	11062277					10960883	10960824	11079426	1180	1438	10987666	10987924
ENSG00000127616	ENSG00000127616.23	ENST00000924719	ENST00000924719.1	10989317	10989443	1119	1245	ENSE00003670957	7	10960883	11062277					10960883	10960824	11079426	1439	1565	10989317	10989443
ENSG00000127616	ENSG00000127616.23	ENST00000924719	ENST00000924719.1	10991150	10991323	1246	1419	ENSE00003607688	8	10960883	11062277					10960883	10960824	11079426	1566	1739	10991150	10991323
ENSG00000127616	ENSG00000127616.23	ENST00000924719	ENST00000924719.1	10994828	10995001	1420	1593	ENSE00003546739	9	10960883	11062277					10960883	10960824	11079426	1740	1913	10994828	10995001
ENSG00000127616	ENSG00000127616.23	ENST00000924719	ENST00000924719.1	10996213	10996380	1594	1761	ENSE00003527768	10	10960883	11062277					10960883	10960824	11079426	1914	2081	10996213	10996380
ENSG00000127616	ENSG00000127616.23	ENST00000924719	ENST00000924719.1	11003029	11003159	1810	1940	ENSE00003667107	12	10960883	11062277					10960883	10960824	11079426	2130	2260	11003029	11003159
ENSG00000127616	ENSG00000127616.23	ENST00000924719	ENST00000924719.1	11003340	11003397	1941	1998	ENSE00003539754	13	10960883	11062277					10960883	10960824	11079426	2261	2318	11003340	11003397
ENSG00000127616	ENSG00000127616.23	ENST00000924719	ENST00000924719.1	11007902	11008023	1999	2120	ENSE00003581372	14	10960883	11062277					10960883	10960824	11079426	2319	2440	11007902	11008023
ENSG00000127616	ENSG00000127616.23	ENST00000924719	ENST00000924719.1	11010381	11010531	2121	2271	ENSE00003530860	15	10960883	11062277					10960883	10960824	11079426	2441	2591	11010381	11010531
ENSG00000127616	ENSG00000127616.23	ENST00000924719	ENST00000924719.1	11012949	11013112	2272	2435	ENSE00003654082	16	10960883	11062277					10960883	10960824	11079426	2592	2755	11012949	11013112
ENSG00000127616	ENSG00000127616.23	ENST00000924719	ENST00000924719.1	11018957	11019023	2436	2502	ENSE00003474879	17	10960883	11062277					10960883	10960824	11079426	2756	2822	11018957	11019023
ENSG00000127616	ENSG00000127616.23	ENST00000924719	ENST00000924719.1	11019591	11019701	2503	2613	ENSE00003477043	18	10960883	11062277					10960883	10960824	11079426	2823	2933	11019591	11019701
ENSG00000127616	ENSG00000127616.23	ENST00000924719	ENST00000924719.1	11021725	11021967	2614	2856	ENSE00003540089	19	10960883	11062277					10960883	10960824	11079426	2934	3176	11021725	11021967
ENSG00000127616	ENSG00000127616.23	ENST00000924719	ENST00000924719.1	11023518	11023631	2857	2970	ENSE00003484961	20	10960883	11062277					10960883	10960824	11079426	3177	3290	11023518	11023631
ENSG00000127616	ENSG00000127616.23	ENST00000924719	ENST00000924719.1	11024331	11024438	2971	3078	ENSE00003553172	21	10960883	11062277					10960883	10960824	11079426	3291	3398	11024331	11024438
ENSG00000127616	ENSG00000127616.23	ENST00000924719	ENST00000924719.1	11025422	11025508	3079	3165	ENSE00003692983	22	10960883	11062277					10960883	10960824	11079426	3399	3485	11025422	11025508
ENSG00000127616	ENSG00000127616.23	ENST00000924719	ENST00000924719.1	11026300	11026346	3166	3212	ENSE00003604518	23	10960883	11062277					10960883	10960824	11079426	3486	3532	11026300	11026346
ENSG00000127616	ENSG00000127616.23	ENST00000924719	ENST00000924719.1	11027784	11027950	3213	3379	ENSE00003459233	24	10960883	11062277					10960883	10960824	11079426	3533	3699	11027784	11027950
ENSG00000127616	ENSG00000127616.23	ENST00000924719	ENST00000924719.1	11030730	11030893	3380	3543	ENSE00003676000	25	10960883	11062277					10960883	10960824	11079426	3700	3863	11030730	11030893
ENSG00000127616	ENSG00000127616.23	ENST00000924719	ENST00000924719.1	11033290	11033517	3544	3771	ENSE00003655405	26	10960883	11062277					10960883	10960824	11079426	3864	4091	11033290	11033517
ENSG00000127616	ENSG00000127616.23	ENST00000924719	ENST00000924719.1	11034123	11034200	3871	3948	ENSE00003703701	28	10960883	11062277					10960883	10960824	11079426	4191	4268	11034123	11034200
ENSG00000127616	ENSG00000127616.23	ENST00000924719	ENST00000924719.1	11034914	11035132	3949	4167	ENSE00003708931	29	10960883	11062277					10960883	10960824	11079426	4269	4487	11034914	11035132
ENSG00000127616	ENSG00000127616.23	ENST00000924719	ENST00000924719.1	11041298	11041560	4168	4430	ENSE00003707185	30	10960883	11062277					10960883	10960824	11079426	4488	4750	11041298	11041560
ENSG00000127616	ENSG00000127616.23	ENST00000924719	ENST00000924719.1	11058788	11058889	4537	4638	ENSE00003687872	32	10960883	11062277					10960883	10960824	11079426	4857	4958	11058788	11058889
ENSG00000127616	ENSG00000127616.23	ENST00000924719	ENST00000924719.1	11059753	11059885	4639	4771	ENSE00003582123	33	10960883	11062277					10960883	10960824	11079426	4959	5091	11059753	11059885
ENSG00000127616	ENSG00000127616.23	ENST00000924719	ENST00000924719.1	11060045	11060187	4772	4914	ENSE00003694052	34	10960883	11062277					10960883	10960824	11079426	5092	5234	11060045	11060187
ENSG00000127616	ENSG00000127616.23	ENST00000924719	ENST00000924719.1	11033767	11033865	3772	3870	ENSE00004014467	27	10960883	11062277					10960883	10960824	11079426	4092	4190	11033767	11033865
ENSG00000127616	ENSG00000127616.23	ENST00000924719	ENST00000924719.1	11058258	11058363	4431	4536	ENSE00001653058	31	10960883	11062277					10960883	10960824	11079426	4751	4856	11058258	11058363
ENSG00000127616	ENSG00000127616.23	ENST00000924719	ENST00000924719.1	10996497	10996544	1762	1809	ENSE00003824071	11	10960883	11062277					10960883	10960824	11079426	2082	2129	10996497	10996544
ENSG00000127616	ENSG00000127616.23	ENST00000924719	ENST00000924719.1	11061784	11062277	4915	4947	ENSE00004354305	35	10960883	11062277			11061817	11062277	10960883	10960824	11079426	5235	5267	11061784	11061816
ENSG00000127616	ENSG00000127616.23	ENST00000924719	ENST00000924719.1	10960883	10961174			ENSE00004398423	1	10960883	11062277	10960883	10961174			10960883	10960824	11079426				
ENSG00000127616	ENSG00000127616.23	ENST00000924720	ENST00000924720.1	10985273	10985405	223	355	ENSE00003618181	3	10960883	11062276					10960883	10960824	11079426	546	678	10985273	10985405
ENSG00000127616	ENSG00000127616.23	ENST00000924720	ENST00000924720.1	10986189	10986593	356	760	ENSE00003525604	4	10960883	11062276					10960883	10960824	11079426	679	1083	10986189	10986593
ENSG00000127616	ENSG00000127616.23	ENST00000924720	ENST00000924720.1	10986905	10987003	761	859	ENSE00003604554	5	10960883	11062276					10960883	10960824	11079426	1084	1182	10986905	10987003
ENSG00000127616	ENSG00000127616.23	ENST00000924720	ENST00000924720.1	10987666	10987924	860	1118	ENSE00003531833	6	10960883	11062276					10960883	10960824	11079426	1183	1441	10987666	10987924
ENSG00000127616	ENSG00000127616.23	ENST00000924720	ENST00000924720.1	10989317	10989443	1119	1245	ENSE00003670957	7	10960883	11062276					10960883	10960824	11079426	1442	1568	10989317	10989443
ENSG00000127616	ENSG00000127616.23	ENST00000924720	ENST00000924720.1	10991150	10991323	1246	1419	ENSE00003607688	8	10960883	11062276					10960883	10960824	11079426	1569	1742	10991150	10991323
ENSG00000127616	ENSG00000127616.23	ENST00000924720	ENST00000924720.1	10994828	10995001	1420	1593	ENSE00003546739	9	10960883	11062276					10960883	10960824	11079426	1743	1916	10994828	10995001
ENSG00000127616	ENSG00000127616.23	ENST00000924720	ENST00000924720.1	10996213	10996380	1594	1761	ENSE00003527768	10	10960883	11062276					10960883	10960824	11079426	1917	2084	10996213	10996380
ENSG00000127616	ENSG00000127616.23	ENST00000924720	ENST00000924720.1	10996494	10996544	1762	1812	ENSE00003667937	11	10960883	11062276					10960883	10960824	11079426	2085	2135	10996494	10996544
ENSG00000127616	ENSG00000127616.23	ENST00000924720	ENST00000924720.1	11003029	11003159	1813	1943	ENSE00003667107	12	10960883	11062276					10960883	10960824	11079426	2136	2266	11003029	11003159
ENSG00000127616	ENSG00000127616.23	ENST00000924720	ENST00000924720.1	11003340	11003397	1944	2001	ENSE00003539754	13	10960883	11062276					10960883	10960824	11079426	2267	2324	11003340	11003397
ENSG00000127616	ENSG00000127616.23	ENST00000924720	ENST00000924720.1	11007902	11008023	2002	2123	ENSE00003581372	14	10960883	11062276					10960883	10960824	11079426	2325	2446	11007902	11008023
ENSG00000127616	ENSG00000127616.23	ENST00000924720	ENST00000924720.1	11010381	11010531	2124	2274	ENSE00003530860	15	10960883	11062276					10960883	10960824	11079426	2447	2597	11010381	11010531
ENSG00000127616	ENSG00000127616.23	ENST00000924720	ENST00000924720.1	11012949	11013112	2275	2438	ENSE00003654082	16	10960883	11062276					10960883	10960824	11079426	2598	2761	11012949	11013112
ENSG00000127616	ENSG00000127616.23	ENST00000924720	ENST00000924720.1	11018957	11019023	2439	2505	ENSE00003474879	17	10960883	11062276					10960883	10960824	11079426	2762	2828	11018957	11019023
ENSG00000127616	ENSG00000127616.23	ENST00000924720	ENST00000924720.1	11019591	11019701	2506	2616	ENSE00003477043	18	10960883	11062276					10960883	10960824	11079426	2829	2939	11019591	11019701
ENSG00000127616	ENSG00000127616.23	ENST00000924720	ENST00000924720.1	11021725	11021967	2617	2859	ENSE00003540089	19	10960883	11062276					10960883	10960824	11079426	2940	3182	11021725	11021967
ENSG00000127616	ENSG00000127616.23	ENST00000924720	ENST00000924720.1	11023518	11023631	2860	2973	ENSE00003484961	20	10960883	11062276					10960883	10960824	11079426	3183	3296	11023518	11023631
ENSG00000127616	ENSG00000127616.23	ENST00000924720	ENST00000924720.1	11024331	11024438	2974	3081	ENSE00003553172	21	10960883	11062276					10960883	10960824	11079426	3297	3404	11024331	11024438
ENSG00000127616	ENSG00000127616.23	ENST00000924720	ENST00000924720.1	11025422	11025508	3082	3168	ENSE00003692983	22	10960883	11062276					10960883	10960824	11079426	3405	3491	11025422	11025508
ENSG00000127616	ENSG00000127616.23	ENST00000924720	ENST00000924720.1	11026300	11026346	3169	3215	ENSE00003604518	23	10960883	11062276					10960883	10960824	11079426	3492	3538	11026300	11026346
ENSG00000127616	ENSG00000127616.23	ENST00000924720	ENST00000924720.1	11030730	11030893	3338	3501	ENSE00003676000	25	10960883	11062276					10960883	10960824	11079426	3661	3824	11030730	11030893
ENSG00000127616	ENSG00000127616.23	ENST00000924720	ENST00000924720.1	11033290	11033517	3502	3729	ENSE00003655405	26	10960883	11062276					10960883	10960824	11079426	3825	4052	11033290	11033517
ENSG00000127616	ENSG00000127616.23	ENST00000924720	ENST00000924720.1	11034123	11034200	3730	3807	ENSE00003703701	27	10960883	11062276					10960883	10960824	11079426	4053	4130	11034123	11034200
ENSG00000127616	ENSG00000127616.23	ENST00000924720	ENST00000924720.1	11034914	11035132	3808	4026	ENSE00003708931	28	10960883	11062276					10960883	10960824	11079426	4131	4349	11034914	11035132
ENSG00000127616	ENSG00000127616.23	ENST00000924720	ENST00000924720.1	11058255	11058363	4281	4389	ENSE00003468652	30	10960883	11062276					10960883	10960824	11079426	4604	4712	11058255	11058363
ENSG00000127616	ENSG00000127616.23	ENST00000924720	ENST00000924720.1	11058788	11058889	4390	4491	ENSE00003687872	31	10960883	11062276					10960883	10960824	11079426	4713	4814	11058788	11058889
ENSG00000127616	ENSG00000127616.23	ENST00000924720	ENST00000924720.1	11059753	11059885	4492	4624	ENSE00003582123	32	10960883	11062276					10960883	10960824	11079426	4815	4947	11059753	11059885
ENSG00000127616	ENSG00000127616.23	ENST00000924720	ENST00000924720.1	11060045	11060187	4625	4767	ENSE00003694052	33	10960883	11062276					10960883	10960824	11079426	4948	5090	11060045	11060187
ENSG00000127616	ENSG00000127616.23	ENST00000924720	ENST00000924720.1	11041307	11041560	4027	4280	ENSE00003547338	29	10960883	11062276					10960883	10960824	11079426	4350	4603	11041307	11041560
ENSG00000127616	ENSG00000127616.23	ENST00000924720	ENST00000924720.1	10984121	10984373	1	222	ENSE00000874191	2	10960883	11062276	10984121	10984151			10960883	10960824	11079426	324	545	10984152	10984373
ENSG00000127616	ENSG00000127616.23	ENST00000924720	ENST00000924720.1	11061784	11062276	4768	4800	ENSE00003816767	34	10960883	11062276			11061817	11062276	10960883	10960824	11079426	5091	5123	11061784	11061816
ENSG00000127616	ENSG00000127616.23	ENST00000924720	ENST00000924720.1	10960883	10961174			ENSE00004398423	1	10960883	11062276	10960883	10961174			10960883	10960824	11079426				
ENSG00000127616	ENSG00000127616.23	ENST00000924720	ENST00000924720.1	11027829	11027950	3216	3337	ENSE00004398418	24	10960883	11062276					10960883	10960824	11079426	3539	3660	11027829	11027950
ENSG00000127616	ENSG00000127616.23	ENST00000924721	ENST00000924721.1	10984124	10984373	1	222	ENSE00002858683	2	10960884	11062273	10984124	10984151			10960884	10960824	11079426	320	541	10984152	10984373
ENSG00000127616	ENSG00000127616.23	ENST00000924721	ENST00000924721.1	10985273	10985405	223	355	ENSE00003618181	3	10960884	11062273					10960884	10960824	11079426	542	674	10985273	10985405
ENSG00000127616	ENSG00000127616.23	ENST00000924721	ENST00000924721.1	10986189	10986593	356	760	ENSE00003525604	4	10960884	11062273					10960884	10960824	11079426	675	1079	10986189	10986593
ENSG00000127616	ENSG00000127616.23	ENST00000924721	ENST00000924721.1	10986905	10987003	761	859	ENSE00003604554	5	10960884	11062273					10960884	10960824	11079426	1080	1178	10986905	10987003
ENSG00000127616	ENSG00000127616.23	ENST00000924721	ENST00000924721.1	10987666	10987924	860	1118	ENSE00003531833	6	10960884	11062273					10960884	10960824	11079426	1179	1437	10987666	10987924
ENSG00000127616	ENSG00000127616.23	ENST00000924721	ENST00000924721.1	10989317	10989443	1119	1245	ENSE00003670957	7	10960884	11062273					10960884	10960824	11079426	1438	1564	10989317	10989443
ENSG00000127616	ENSG00000127616.23	ENST00000924721	ENST00000924721.1	10991150	10991323	1246	1419	ENSE00003607688	8	10960884	11062273					10960884	10960824	11079426	1565	1738	10991150	10991323
ENSG00000127616	ENSG00000127616.23	ENST00000924721	ENST00000924721.1	10994828	10995001	1420	1593	ENSE00003546739	9	10960884	11062273					10960884	10960824	11079426	1739	1912	10994828	10995001
ENSG00000127616	ENSG00000127616.23	ENST00000924721	ENST00000924721.1	10996213	10996380	1594	1761	ENSE00003527768	10	10960884	11062273					10960884	10960824	11079426	1913	2080	10996213	10996380
ENSG00000127616	ENSG00000127616.23	ENST00000924721	ENST00000924721.1	10996494	10996544	1762	1812	ENSE00003667937	11	10960884	11062273					10960884	10960824	11079426	2081	2131	10996494	10996544
ENSG00000127616	ENSG00000127616.23	ENST00000924721	ENST00000924721.1	11003029	11003159	1813	1943	ENSE00003667107	12	10960884	11062273					10960884	10960824	11079426	2132	2262	11003029	11003159
ENSG00000127616	ENSG00000127616.23	ENST00000924721	ENST00000924721.1	11003340	11003397	1944	2001	ENSE00003539754	13	10960884	11062273					10960884	10960824	11079426	2263	2320	11003340	11003397
ENSG00000127616	ENSG00000127616.23	ENST00000924721	ENST00000924721.1	11010381	11010531	2121	2271	ENSE00003530860	15	10960884	11062273					10960884	10960824	11079426	2440	2590	11010381	11010531
ENSG00000127616	ENSG00000127616.23	ENST00000924721	ENST00000924721.1	11012949	11013112	2272	2435	ENSE00003654082	16	10960884	11062273					10960884	10960824	11079426	2591	2754	11012949	11013112
ENSG00000127616	ENSG00000127616.23	ENST00000924721	ENST00000924721.1	11018957	11019023	2436	2502	ENSE00003474879	17	10960884	11062273					10960884	10960824	11079426	2755	2821	11018957	11019023
ENSG00000127616	ENSG00000127616.23	ENST00000924721	ENST00000924721.1	11019591	11019701	2503	2613	ENSE00003477043	18	10960884	11062273					10960884	10960824	11079426	2822	2932	11019591	11019701
ENSG00000127616	ENSG00000127616.23	ENST00000924721	ENST00000924721.1	11021725	11021967	2614	2856	ENSE00003540089	19	10960884	11062273					10960884	10960824	11079426	2933	3175	11021725	11021967
ENSG00000127616	ENSG00000127616.23	ENST00000924721	ENST00000924721.1	11023518	11023631	2857	2970	ENSE00003484961	20	10960884	11062273					10960884	10960824	11079426	3176	3289	11023518	11023631
ENSG00000127616	ENSG00000127616.23	ENST00000924721	ENST00000924721.1	11024331	11024438	2971	3078	ENSE00003553172	21	10960884	11062273					10960884	10960824	11079426	3290	3397	11024331	11024438
ENSG00000127616	ENSG00000127616.23	ENST00000924721	ENST00000924721.1	11025422	11025508	3079	3165	ENSE00003692983	22	10960884	11062273					10960884	10960824	11079426	3398	3484	11025422	11025508
ENSG00000127616	ENSG00000127616.23	ENST00000924721	ENST00000924721.1	11026300	11026346	3166	3212	ENSE00003604518	23	10960884	11062273					10960884	10960824	11079426	3485	3531	11026300	11026346
ENSG00000127616	ENSG00000127616.23	ENST00000924721	ENST00000924721.1	11027784	11027950	3213	3379	ENSE00003459233	24	10960884	11062273					10960884	10960824	11079426	3532	3698	11027784	11027950
ENSG00000127616	ENSG00000127616.23	ENST00000924721	ENST00000924721.1	11030730	11030893	3380	3543	ENSE00003676000	25	10960884	11062273					10960884	10960824	11079426	3699	3862	11030730	11030893
ENSG00000127616	ENSG00000127616.23	ENST00000924721	ENST00000924721.1	11033290	11033517	3544	3771	ENSE00003655405	26	10960884	11062273					10960884	10960824	11079426	3863	4090	11033290	11033517
ENSG00000127616	ENSG00000127616.23	ENST00000924721	ENST00000924721.1	11034123	11034200	3772	3849	ENSE00003703701	27	10960884	11062273					10960884	10960824	11079426	4091	4168	11034123	11034200
ENSG00000127616	ENSG00000127616.23	ENST00000924721	ENST00000924721.1	11034914	11035132	3850	4068	ENSE00003708931	28	10960884	11062273					10960884	10960824	11079426	4169	4387	11034914	11035132
ENSG00000127616	ENSG00000127616.23	ENST00000924721	ENST00000924721.1	11058255	11058363	4323	4431	ENSE00003468652	30	10960884	11062273					10960884	10960824	11079426	4642	4750	11058255	11058363
ENSG00000127616	ENSG00000127616.23	ENST00000924721	ENST00000924721.1	11058788	11058889	4432	4533	ENSE00003687872	31	10960884	11062273					10960884	10960824	11079426	4751	4852	11058788	11058889
ENSG00000127616	ENSG00000127616.23	ENST00000924721	ENST00000924721.1	11059753	11059885	4534	4666	ENSE00003582123	32	10960884	11062273					10960884	10960824	11079426	4853	4985	11059753	11059885
ENSG00000127616	ENSG00000127616.23	ENST00000924721	ENST00000924721.1	11060045	11060187	4667	4809	ENSE00003694052	33	10960884	11062273					10960884	10960824	11079426	4986	5128	11060045	11060187
ENSG00000127616	ENSG00000127616.23	ENST00000924721	ENST00000924721.1	11041307	11041560	4069	4322	ENSE00003547338	29	10960884	11062273					10960884	10960824	11079426	4388	4641	11041307	11041560
ENSG00000127616	ENSG00000127616.23	ENST00000924721	ENST00000924721.1	11061784	11062273	4810	4842	ENSE00004014465	34	10960884	11062273			11061817	11062273	10960884	10960824	11079426	5129	5161	11061784	11061816
ENSG00000127616	ENSG00000127616.23	ENST00000924721	ENST00000924721.1	11007905	11008023	2002	2120	ENSE00004398385	14	10960884	11062273					10960884	10960824	11079426	2321	2439	11007905	11008023
ENSG00000127616	ENSG00000127616.23	ENST00000924721	ENST00000924721.1	10960884	10961174			ENSE00004398394	1	10960884	11062273	10960884	10961174			10960884	10960824	11079426				
ENSG00000127616	ENSG00000127616.23	ENST00000924722	ENST00000924722.1	10984124	10984373	1	222	ENSE00002858683	2	10960905	11062276	10984124	10984151			10960905	10960824	11079426	299	520	10984152	10984373
ENSG00000127616	ENSG00000127616.23	ENST00000924722	ENST00000924722.1	10985273	10985405	223	355	ENSE00003618181	3	10960905	11062276					10960905	10960824	11079426	521	653	10985273	10985405
ENSG00000127616	ENSG00000127616.23	ENST00000924722	ENST00000924722.1	10986189	10986593	356	760	ENSE00003525604	4	10960905	11062276					10960905	10960824	11079426	654	1058	10986189	10986593
ENSG00000127616	ENSG00000127616.23	ENST00000924722	ENST00000924722.1	10986905	10987003	761	859	ENSE00003604554	5	10960905	11062276					10960905	10960824	11079426	1059	1157	10986905	10987003
ENSG00000127616	ENSG00000127616.23	ENST00000924722	ENST00000924722.1	10987666	10987924	860	1118	ENSE00003531833	6	10960905	11062276					10960905	10960824	11079426	1158	1416	10987666	10987924
ENSG00000127616	ENSG00000127616.23	ENST00000924722	ENST00000924722.1	10989317	10989443	1119	1245	ENSE00003670957	7	10960905	11062276					10960905	10960824	11079426	1417	1543	10989317	10989443
ENSG00000127616	ENSG00000127616.23	ENST00000924722	ENST00000924722.1	10991150	10991323	1246	1419	ENSE00003607688	8	10960905	11062276					10960905	10960824	11079426	1544	1717	10991150	10991323
ENSG00000127616	ENSG00000127616.23	ENST00000924722	ENST00000924722.1	10994828	10995001	1420	1593	ENSE00003546739	9	10960905	11062276					10960905	10960824	11079426	1718	1891	10994828	10995001
ENSG00000127616	ENSG00000127616.23	ENST00000924722	ENST00000924722.1	10996213	10996380	1594	1761	ENSE00003527768	10	10960905	11062276					10960905	10960824	11079426	1892	2059	10996213	10996380
ENSG00000127616	ENSG00000127616.23	ENST00000924722	ENST00000924722.1	11003029	11003159	1810	1940	ENSE00003667107	12	10960905	11062276					10960905	10960824	11079426	2108	2238	11003029	11003159
ENSG00000127616	ENSG00000127616.23	ENST00000924722	ENST00000924722.1	11003340	11003397	1941	1998	ENSE00003539754	13	10960905	11062276					10960905	10960824	11079426	2239	2296	11003340	11003397
ENSG00000127616	ENSG00000127616.23	ENST00000924722	ENST00000924722.1	11007902	11008023	1999	2120	ENSE00003581372	14	10960905	11062276					10960905	10960824	11079426	2297	2418	11007902	11008023
ENSG00000127616	ENSG00000127616.23	ENST00000924722	ENST00000924722.1	11010381	11010531	2121	2271	ENSE00003530860	15	10960905	11062276					10960905	10960824	11079426	2419	2569	11010381	11010531
ENSG00000127616	ENSG00000127616.23	ENST00000924722	ENST00000924722.1	11012949	11013112	2272	2435	ENSE00003654082	16	10960905	11062276					10960905	10960824	11079426	2570	2733	11012949	11013112
ENSG00000127616	ENSG00000127616.23	ENST00000924722	ENST00000924722.1	11018957	11019023	2436	2502	ENSE00003474879	17	10960905	11062276					10960905	10960824	11079426	2734	2800	11018957	11019023
ENSG00000127616	ENSG00000127616.23	ENST00000924722	ENST00000924722.1	11019591	11019701	2503	2613	ENSE00003477043	18	10960905	11062276					10960905	10960824	11079426	2801	2911	11019591	11019701
ENSG00000127616	ENSG00000127616.23	ENST00000924722	ENST00000924722.1	11021725	11021967	2614	2856	ENSE00003540089	19	10960905	11062276					10960905	10960824	11079426	2912	3154	11021725	11021967
ENSG00000127616	ENSG00000127616.23	ENST00000924722	ENST00000924722.1	11023518	11023631	2857	2970	ENSE00003484961	20	10960905	11062276					10960905	10960824	11079426	3155	3268	11023518	11023631
ENSG00000127616	ENSG00000127616.23	ENST00000924722	ENST00000924722.1	11024331	11024438	2971	3078	ENSE00003553172	21	10960905	11062276					10960905	10960824	11079426	3269	3376	11024331	11024438
ENSG00000127616	ENSG00000127616.23	ENST00000924722	ENST00000924722.1	11025422	11025508	3079	3165	ENSE00003692983	22	10960905	11062276					10960905	10960824	11079426	3377	3463	11025422	11025508
ENSG00000127616	ENSG00000127616.23	ENST00000924722	ENST00000924722.1	11026300	11026346	3166	3212	ENSE00003604518	23	10960905	11062276					10960905	10960824	11079426	3464	3510	11026300	11026346
ENSG00000127616	ENSG00000127616.23	ENST00000924722	ENST00000924722.1	11027784	11027950	3213	3379	ENSE00003459233	24	10960905	11062276					10960905	10960824	11079426	3511	3677	11027784	11027950
ENSG00000127616	ENSG00000127616.23	ENST00000924722	ENST00000924722.1	11030730	11030893	3380	3543	ENSE00003676000	25	10960905	11062276					10960905	10960824	11079426	3678	3841	11030730	11030893
ENSG00000127616	ENSG00000127616.23	ENST00000924722	ENST00000924722.1	11033290	11033517	3544	3771	ENSE00003655405	26	10960905	11062276					10960905	10960824	11079426	3842	4069	11033290	11033517
ENSG00000127616	ENSG00000127616.23	ENST00000924722	ENST00000924722.1	11034123	11034200	3772	3849	ENSE00003703701	27	10960905	11062276					10960905	10960824	11079426	4070	4147	11034123	11034200
ENSG00000127616	ENSG00000127616.23	ENST00000924722	ENST00000924722.1	11034914	11035132	3850	4068	ENSE00003708931	28	10960905	11062276					10960905	10960824	11079426	4148	4366	11034914	11035132
ENSG00000127616	ENSG00000127616.23	ENST00000924722	ENST00000924722.1	11041298	11041560	4069	4331	ENSE00003707185	29	10960905	11062276					10960905	10960824	11079426	4367	4629	11041298	11041560
ENSG00000127616	ENSG00000127616.23	ENST00000924722	ENST00000924722.1	11058255	11058363	4332	4440	ENSE00003468652	30	10960905	11062276					10960905	10960824	11079426	4630	4738	11058255	11058363
ENSG00000127616	ENSG00000127616.23	ENST00000924722	ENST00000924722.1	11058788	11058889	4441	4542	ENSE00003687872	31	10960905	11062276					10960905	10960824	11079426	4739	4840	11058788	11058889
ENSG00000127616	ENSG00000127616.23	ENST00000924722	ENST00000924722.1	11059753	11059885	4543	4675	ENSE00003582123	32	10960905	11062276					10960905	10960824	11079426	4841	4973	11059753	11059885
ENSG00000127616	ENSG00000127616.23	ENST00000924722	ENST00000924722.1	11060045	11060187	4676	4818	ENSE00003694052	33	10960905	11062276					10960905	10960824	11079426	4974	5116	11060045	11060187
ENSG00000127616	ENSG00000127616.23	ENST00000924722	ENST00000924722.1	11061784	11062276	4819	4851	ENSE00003816767	34	10960905	11062276			11061817	11062276	10960905	10960824	11079426	5117	5149	11061784	11061816
ENSG00000127616	ENSG00000127616.23	ENST00000924722	ENST00000924722.1	10996497	10996544	1762	1809	ENSE00003824071	11	10960905	11062276					10960905	10960824	11079426	2060	2107	10996497	10996544
ENSG00000127616	ENSG00000127616.23	ENST00000924722	ENST00000924722.1	10960905	10961174			ENSE00004398434	1	10960905	11062276	10960905	10961174			10960905	10960824	11079426				
ENSG00000127616	ENSG00000127616.23	ENST00000924723	ENST00000924723.1	10985273	10985405	223	355	ENSE00003618181	3	10960951	11062274					10960951	10960824	11079426	478	610	10985273	10985405
ENSG00000127616	ENSG00000127616.23	ENST00000924723	ENST00000924723.1	10986189	10986593	356	760	ENSE00003525604	4	10960951	11062274					10960951	10960824	11079426	611	1015	10986189	10986593
ENSG00000127616	ENSG00000127616.23	ENST00000924723	ENST00000924723.1	10986905	10987003	761	859	ENSE00003604554	5	10960951	11062274					10960951	10960824	11079426	1016	1114	10986905	10987003
ENSG00000127616	ENSG00000127616.23	ENST00000924723	ENST00000924723.1	10987666	10987924	860	1118	ENSE00003531833	6	10960951	11062274					10960951	10960824	11079426	1115	1373	10987666	10987924
ENSG00000127616	ENSG00000127616.23	ENST00000924723	ENST00000924723.1	10989317	10989443	1119	1245	ENSE00003670957	7	10960951	11062274					10960951	10960824	11079426	1374	1500	10989317	10989443
ENSG00000127616	ENSG00000127616.23	ENST00000924723	ENST00000924723.1	10991150	10991323	1246	1419	ENSE00003607688	8	10960951	11062274					10960951	10960824	11079426	1501	1674	10991150	10991323
ENSG00000127616	ENSG00000127616.23	ENST00000924723	ENST00000924723.1	10994828	10995001	1420	1593	ENSE00003546739	9	10960951	11062274					10960951	10960824	11079426	1675	1848	10994828	10995001
ENSG00000127616	ENSG00000127616.23	ENST00000924723	ENST00000924723.1	10996213	10996380	1594	1761	ENSE00003527768	10	10960951	11062274					10960951	10960824	11079426	1849	2016	10996213	10996380
ENSG00000127616	ENSG00000127616.23	ENST00000924723	ENST00000924723.1	10996494	10996544	1762	1812	ENSE00003667937	11	10960951	11062274					10960951	10960824	11079426	2017	2067	10996494	10996544
ENSG00000127616	ENSG00000127616.23	ENST00000924723	ENST00000924723.1	11003029	11003159	1813	1943	ENSE00003667107	12	10960951	11062274					10960951	10960824	11079426	2068	2198	11003029	11003159
ENSG00000127616	ENSG00000127616.23	ENST00000924723	ENST00000924723.1	11003340	11003397	1944	2001	ENSE00003539754	13	10960951	11062274					10960951	10960824	11079426	2199	2256	11003340	11003397
ENSG00000127616	ENSG00000127616.23	ENST00000924723	ENST00000924723.1	11010381	11010531	2121	2271	ENSE00003530860	15	10960951	11062274					10960951	10960824	11079426	2376	2526	11010381	11010531
ENSG00000127616	ENSG00000127616.23	ENST00000924723	ENST00000924723.1	11012949	11013112	2272	2435	ENSE00003654082	16	10960951	11062274					10960951	10960824	11079426	2527	2690	11012949	11013112
ENSG00000127616	ENSG00000127616.23	ENST00000924723	ENST00000924723.1	11018957	11019023	2436	2502	ENSE00003474879	17	10960951	11062274					10960951	10960824	11079426	2691	2757	11018957	11019023
ENSG00000127616	ENSG00000127616.23	ENST00000924723	ENST00000924723.1	11019591	11019701	2503	2613	ENSE00003477043	18	10960951	11062274					10960951	10960824	11079426	2758	2868	11019591	11019701
ENSG00000127616	ENSG00000127616.23	ENST00000924723	ENST00000924723.1	11021725	11021967	2614	2856	ENSE00003540089	19	10960951	11062274					10960951	10960824	11079426	2869	3111	11021725	11021967
ENSG00000127616	ENSG00000127616.23	ENST00000924723	ENST00000924723.1	11023518	11023631	2857	2970	ENSE00003484961	20	10960951	11062274					10960951	10960824	11079426	3112	3225	11023518	11023631
ENSG00000127616	ENSG00000127616.23	ENST00000924723	ENST00000924723.1	11024331	11024438	2971	3078	ENSE00003553172	21	10960951	11062274					10960951	10960824	11079426	3226	3333	11024331	11024438
ENSG00000127616	ENSG00000127616.23	ENST00000924723	ENST00000924723.1	11025422	11025508	3079	3165	ENSE00003692983	22	10960951	11062274					10960951	10960824	11079426	3334	3420	11025422	11025508
ENSG00000127616	ENSG00000127616.23	ENST00000924723	ENST00000924723.1	11026300	11026346	3166	3212	ENSE00003604518	23	10960951	11062274					10960951	10960824	11079426	3421	3467	11026300	11026346
ENSG00000127616	ENSG00000127616.23	ENST00000924723	ENST00000924723.1	11027784	11027950	3213	3379	ENSE00003459233	24	10960951	11062274					10960951	10960824	11079426	3468	3634	11027784	11027950
ENSG00000127616	ENSG00000127616.23	ENST00000924723	ENST00000924723.1	11030730	11030893	3380	3543	ENSE00003676000	25	10960951	11062274					10960951	10960824	11079426	3635	3798	11030730	11030893
ENSG00000127616	ENSG00000127616.23	ENST00000924723	ENST00000924723.1	11033290	11033517	3544	3771	ENSE00003655405	26	10960951	11062274					10960951	10960824	11079426	3799	4026	11033290	11033517
ENSG00000127616	ENSG00000127616.23	ENST00000924723	ENST00000924723.1	11034123	11034200	3772	3849	ENSE00003703701	27	10960951	11062274					10960951	10960824	11079426	4027	4104	11034123	11034200
ENSG00000127616	ENSG00000127616.23	ENST00000924723	ENST00000924723.1	11034914	11035132	3850	4068	ENSE00003708931	28	10960951	11062274					10960951	10960824	11079426	4105	4323	11034914	11035132
ENSG00000127616	ENSG00000127616.23	ENST00000924723	ENST00000924723.1	11058788	11058889	4429	4530	ENSE00003687872	31	10960951	11062274					10960951	10960824	11079426	4684	4785	11058788	11058889
ENSG00000127616	ENSG00000127616.23	ENST00000924723	ENST00000924723.1	11059753	11059885	4531	4663	ENSE00003582123	32	10960951	11062274					10960951	10960824	11079426	4786	4918	11059753	11059885
ENSG00000127616	ENSG00000127616.23	ENST00000924723	ENST00000924723.1	11060045	11060187	4664	4806	ENSE00003694052	33	10960951	11062274					10960951	10960824	11079426	4919	5061	11060045	11060187
ENSG00000127616	ENSG00000127616.23	ENST00000924723	ENST00000924723.1	11041307	11041560	4069	4322	ENSE00003547338	29	10960951	11062274					10960951	10960824	11079426	4324	4577	11041307	11041560
ENSG00000127616	ENSG00000127616.23	ENST00000924723	ENST00000924723.1	10984121	10984373	1	222	ENSE00000874191	2	10960951	11062274	10984121	10984151			10960951	10960824	11079426	256	477	10984152	10984373
ENSG00000127616	ENSG00000127616.23	ENST00000924723	ENST00000924723.1	11058258	11058363	4323	4428	ENSE00001653058	30	10960951	11062274					10960951	10960824	11079426	4578	4683	11058258	11058363
ENSG00000127616	ENSG00000127616.23	ENST00000924723	ENST00000924723.1	11007905	11008023	2002	2120	ENSE00004398385	14	10960951	11062274					10960951	10960824	11079426	2257	2375	11007905	11008023
ENSG00000127616	ENSG00000127616.23	ENST00000924723	ENST00000924723.1	11061784	11062274	4807	4839	ENSE00004398440	34	10960951	11062274			11061817	11062274	10960951	10960824	11079426	5062	5094	11061784	11061816
ENSG00000127616	ENSG00000127616.23	ENST00000924723	ENST00000924723.1	10960951	10961174			ENSE00004398396	1	10960951	11062274	10960951	10961174			10960951	10960824	11079426				
ENSG00000127616	ENSG00000127616.23	ENST00000924724	ENST00000924724.1	10984124	10984373	1	222	ENSE00002858683	3	10960976	11062273	10984124	10984151			10960976	10960824	11079426	391	612	10984152	10984373
ENSG00000127616	ENSG00000127616.23	ENST00000924724	ENST00000924724.1	10985273	10985405	223	355	ENSE00003618181	4	10960976	11062273					10960976	10960824	11079426	613	745	10985273	10985405
ENSG00000127616	ENSG00000127616.23	ENST00000924724	ENST00000924724.1	10986189	10986593	356	760	ENSE00003525604	5	10960976	11062273					10960976	10960824	11079426	746	1150	10986189	10986593
ENSG00000127616	ENSG00000127616.23	ENST00000924724	ENST00000924724.1	10986905	10987003	761	859	ENSE00003604554	6	10960976	11062273					10960976	10960824	11079426	1151	1249	10986905	10987003
ENSG00000127616	ENSG00000127616.23	ENST00000924724	ENST00000924724.1	10987666	10987924	860	1118	ENSE00003531833	7	10960976	11062273					10960976	10960824	11079426	1250	1508	10987666	10987924
ENSG00000127616	ENSG00000127616.23	ENST00000924724	ENST00000924724.1	10989317	10989443	1119	1245	ENSE00003670957	8	10960976	11062273					10960976	10960824	11079426	1509	1635	10989317	10989443
ENSG00000127616	ENSG00000127616.23	ENST00000924724	ENST00000924724.1	10991150	10991323	1246	1419	ENSE00003607688	9	10960976	11062273					10960976	10960824	11079426	1636	1809	10991150	10991323
ENSG00000127616	ENSG00000127616.23	ENST00000924724	ENST00000924724.1	10994828	10995001	1420	1593	ENSE00003546739	10	10960976	11062273					10960976	10960824	11079426	1810	1983	10994828	10995001
ENSG00000127616	ENSG00000127616.23	ENST00000924724	ENST00000924724.1	10996213	10996380	1594	1761	ENSE00003527768	11	10960976	11062273					10960976	10960824	11079426	1984	2151	10996213	10996380
ENSG00000127616	ENSG00000127616.23	ENST00000924724	ENST00000924724.1	10996494	10996544	1762	1812	ENSE00003667937	12	10960976	11062273					10960976	10960824	11079426	2152	2202	10996494	10996544
ENSG00000127616	ENSG00000127616.23	ENST00000924724	ENST00000924724.1	11003029	11003159	1813	1943	ENSE00003667107	13	10960976	11062273					10960976	10960824	11079426	2203	2333	11003029	11003159
ENSG00000127616	ENSG00000127616.23	ENST00000924724	ENST00000924724.1	11003340	11003397	1944	2001	ENSE00003539754	14	10960976	11062273					10960976	10960824	11079426	2334	2391	11003340	11003397
ENSG00000127616	ENSG00000127616.23	ENST00000924724	ENST00000924724.1	11007902	11008023	2002	2123	ENSE00003581372	15	10960976	11062273					10960976	10960824	11079426	2392	2513	11007902	11008023
ENSG00000127616	ENSG00000127616.23	ENST00000924724	ENST00000924724.1	11010381	11010531	2124	2274	ENSE00003530860	16	10960976	11062273					10960976	10960824	11079426	2514	2664	11010381	11010531
ENSG00000127616	ENSG00000127616.23	ENST00000924724	ENST00000924724.1	11012949	11013112	2275	2438	ENSE00003654082	17	10960976	11062273					10960976	10960824	11079426	2665	2828	11012949	11013112
ENSG00000127616	ENSG00000127616.23	ENST00000924724	ENST00000924724.1	11018957	11019023	2439	2505	ENSE00003474879	18	10960976	11062273					10960976	10960824	11079426	2829	2895	11018957	11019023
ENSG00000127616	ENSG00000127616.23	ENST00000924724	ENST00000924724.1	11019591	11019701	2506	2616	ENSE00003477043	19	10960976	11062273					10960976	10960824	11079426	2896	3006	11019591	11019701
ENSG00000127616	ENSG00000127616.23	ENST00000924724	ENST00000924724.1	11021725	11021967	2617	2859	ENSE00003540089	20	10960976	11062273					10960976	10960824	11079426	3007	3249	11021725	11021967
ENSG00000127616	ENSG00000127616.23	ENST00000924724	ENST00000924724.1	11023518	11023631	2860	2973	ENSE00003484961	21	10960976	11062273					10960976	10960824	11079426	3250	3363	11023518	11023631
ENSG00000127616	ENSG00000127616.23	ENST00000924724	ENST00000924724.1	11024331	11024438	2974	3081	ENSE00003553172	22	10960976	11062273					10960976	10960824	11079426	3364	3471	11024331	11024438
ENSG00000127616	ENSG00000127616.23	ENST00000924724	ENST00000924724.1	11025422	11025508	3082	3168	ENSE00003692983	23	10960976	11062273					10960976	10960824	11079426	3472	3558	11025422	11025508
ENSG00000127616	ENSG00000127616.23	ENST00000924724	ENST00000924724.1	11026300	11026346	3169	3215	ENSE00003604518	24	10960976	11062273					10960976	10960824	11079426	3559	3605	11026300	11026346
ENSG00000127616	ENSG00000127616.23	ENST00000924724	ENST00000924724.1	11027784	11027950	3216	3382	ENSE00003459233	25	10960976	11062273					10960976	10960824	11079426	3606	3772	11027784	11027950
ENSG00000127616	ENSG00000127616.23	ENST00000924724	ENST00000924724.1	11030730	11030893	3383	3546	ENSE00003676000	26	10960976	11062273					10960976	10960824	11079426	3773	3936	11030730	11030893
ENSG00000127616	ENSG00000127616.23	ENST00000924724	ENST00000924724.1	11033290	11033517	3547	3774	ENSE00003655405	27	10960976	11062273					10960976	10960824	11079426	3937	4164	11033290	11033517
ENSG00000127616	ENSG00000127616.23	ENST00000924724	ENST00000924724.1	11034123	11034200	3775	3852	ENSE00003703701	28	10960976	11062273					10960976	10960824	11079426	4165	4242	11034123	11034200
ENSG00000127616	ENSG00000127616.23	ENST00000924724	ENST00000924724.1	11034914	11035132	3853	4071	ENSE00003708931	29	10960976	11062273					10960976	10960824	11079426	4243	4461	11034914	11035132
ENSG00000127616	ENSG00000127616.23	ENST00000924724	ENST00000924724.1	11058788	11058889	4432	4533	ENSE00003687872	32	10960976	11062273					10960976	10960824	11079426	4822	4923	11058788	11058889
ENSG00000127616	ENSG00000127616.23	ENST00000924724	ENST00000924724.1	11059753	11059885	4534	4666	ENSE00003582123	33	10960976	11062273					10960976	10960824	11079426	4924	5056	11059753	11059885
ENSG00000127616	ENSG00000127616.23	ENST00000924724	ENST00000924724.1	11060045	11060187	4667	4809	ENSE00003694052	34	10960976	11062273					10960976	10960824	11079426	5057	5199	11060045	11060187
ENSG00000127616	ENSG00000127616.23	ENST00000924724	ENST00000924724.1	11041307	11041560	4072	4325	ENSE00003547338	30	10960976	11062273					10960976	10960824	11079426	4462	4715	11041307	11041560
ENSG00000127616	ENSG00000127616.23	ENST00000924724	ENST00000924724.1	11061784	11062273	4810	4842	ENSE00004014465	35	10960976	11062273			11061817	11062273	10960976	10960824	11079426	5200	5232	11061784	11061816
ENSG00000127616	ENSG00000127616.23	ENST00000924724	ENST00000924724.1	11058258	11058363	4326	4431	ENSE00001653058	31	10960976	11062273					10960976	10960824	11079426	4716	4821	11058258	11058363
ENSG00000127616	ENSG00000127616.23	ENST00000924724	ENST00000924724.1	10977653	10977815			ENSE00002772903	2	10960976	11062273	10977653	10977815			10960976	10960824	11079426				
ENSG00000127616	ENSG00000127616.23	ENST00000924724	ENST00000924724.1	10960976	10961174			ENSE00004398431	1	10960976	11062273	10960976	10961174			10960976	10960824	11079426				
ENSG00000127616	ENSG00000127616.23	ENST00000924725	ENST00000924725.1	10984124	10984373	1	222	ENSE00002858683	2	10960984	11062274	10984124	10984151			10960984	10960824	11079426	220	441	10984152	10984373
ENSG00000127616	ENSG00000127616.23	ENST00000924725	ENST00000924725.1	10985273	10985405	223	355	ENSE00003618181	3	10960984	11062274					10960984	10960824	11079426	442	574	10985273	10985405
ENSG00000127616	ENSG00000127616.23	ENST00000924725	ENST00000924725.1	10986189	10986593	356	760	ENSE00003525604	4	10960984	11062274					10960984	10960824	11079426	575	979	10986189	10986593
ENSG00000127616	ENSG00000127616.23	ENST00000924725	ENST00000924725.1	10986905	10987003	761	859	ENSE00003604554	5	10960984	11062274					10960984	10960824	11079426	980	1078	10986905	10987003
ENSG00000127616	ENSG00000127616.23	ENST00000924725	ENST00000924725.1	10987666	10987924	860	1118	ENSE00003531833	6	10960984	11062274					10960984	10960824	11079426	1079	1337	10987666	10987924
ENSG00000127616	ENSG00000127616.23	ENST00000924725	ENST00000924725.1	10989317	10989443	1119	1245	ENSE00003670957	7	10960984	11062274					10960984	10960824	11079426	1338	1464	10989317	10989443
ENSG00000127616	ENSG00000127616.23	ENST00000924725	ENST00000924725.1	10991150	10991323	1246	1419	ENSE00003607688	8	10960984	11062274					10960984	10960824	11079426	1465	1638	10991150	10991323
ENSG00000127616	ENSG00000127616.23	ENST00000924725	ENST00000924725.1	10994828	10995001	1420	1593	ENSE00003546739	9	10960984	11062274					10960984	10960824	11079426	1639	1812	10994828	10995001
ENSG00000127616	ENSG00000127616.23	ENST00000924725	ENST00000924725.1	10996213	10996380	1594	1761	ENSE00003527768	10	10960984	11062274					10960984	10960824	11079426	1813	1980	10996213	10996380
ENSG00000127616	ENSG00000127616.23	ENST00000924725	ENST00000924725.1	10996494	10996544	1762	1812	ENSE00003667937	11	10960984	11062274					10960984	10960824	11079426	1981	2031	10996494	10996544
ENSG00000127616	ENSG00000127616.23	ENST00000924725	ENST00000924725.1	11003029	11003159	1813	1943	ENSE00003667107	12	10960984	11062274					10960984	10960824	11079426	2032	2162	11003029	11003159
ENSG00000127616	ENSG00000127616.23	ENST00000924725	ENST00000924725.1	11003340	11003397	1944	2001	ENSE00003539754	13	10960984	11062274					10960984	10960824	11079426	2163	2220	11003340	11003397
ENSG00000127616	ENSG00000127616.23	ENST00000924725	ENST00000924725.1	11010381	11010531	2121	2271	ENSE00003530860	15	10960984	11062274					10960984	10960824	11079426	2340	2490	11010381	11010531
ENSG00000127616	ENSG00000127616.23	ENST00000924725	ENST00000924725.1	11012949	11013112	2272	2435	ENSE00003654082	16	10960984	11062274					10960984	10960824	11079426	2491	2654	11012949	11013112
ENSG00000127616	ENSG00000127616.23	ENST00000924725	ENST00000924725.1	11018957	11019023	2436	2502	ENSE00003474879	17	10960984	11062274					10960984	10960824	11079426	2655	2721	11018957	11019023
ENSG00000127616	ENSG00000127616.23	ENST00000924725	ENST00000924725.1	11019591	11019701	2503	2613	ENSE00003477043	18	10960984	11062274					10960984	10960824	11079426	2722	2832	11019591	11019701
ENSG00000127616	ENSG00000127616.23	ENST00000924725	ENST00000924725.1	11021725	11021967	2614	2856	ENSE00003540089	19	10960984	11062274					10960984	10960824	11079426	2833	3075	11021725	11021967
ENSG00000127616	ENSG00000127616.23	ENST00000924725	ENST00000924725.1	11023518	11023631	2857	2970	ENSE00003484961	20	10960984	11062274					10960984	10960824	11079426	3076	3189	11023518	11023631
ENSG00000127616	ENSG00000127616.23	ENST00000924725	ENST00000924725.1	11024331	11024438	2971	3078	ENSE00003553172	21	10960984	11062274					10960984	10960824	11079426	3190	3297	11024331	11024438
ENSG00000127616	ENSG00000127616.23	ENST00000924725	ENST00000924725.1	11025422	11025508	3079	3165	ENSE00003692983	22	10960984	11062274					10960984	10960824	11079426	3298	3384	11025422	11025508
ENSG00000127616	ENSG00000127616.23	ENST00000924725	ENST00000924725.1	11026300	11026346	3166	3212	ENSE00003604518	23	10960984	11062274					10960984	10960824	11079426	3385	3431	11026300	11026346
ENSG00000127616	ENSG00000127616.23	ENST00000924725	ENST00000924725.1	11027784	11027950	3213	3379	ENSE00003459233	24	10960984	11062274					10960984	10960824	11079426	3432	3598	11027784	11027950
ENSG00000127616	ENSG00000127616.23	ENST00000924725	ENST00000924725.1	11030730	11030893	3380	3543	ENSE00003676000	25	10960984	11062274					10960984	10960824	11079426	3599	3762	11030730	11030893
ENSG00000127616	ENSG00000127616.23	ENST00000924725	ENST00000924725.1	11033290	11033517	3544	3771	ENSE00003655405	26	10960984	11062274					10960984	10960824	11079426	3763	3990	11033290	11033517
ENSG00000127616	ENSG00000127616.23	ENST00000924725	ENST00000924725.1	11034123	11034200	3871	3948	ENSE00003703701	28	10960984	11062274					10960984	10960824	11079426	4090	4167	11034123	11034200
ENSG00000127616	ENSG00000127616.23	ENST00000924725	ENST00000924725.1	11034914	11035132	3949	4167	ENSE00003708931	29	10960984	11062274					10960984	10960824	11079426	4168	4386	11034914	11035132
ENSG00000127616	ENSG00000127616.23	ENST00000924725	ENST00000924725.1	11058255	11058363	4422	4530	ENSE00003468652	31	10960984	11062274					10960984	10960824	11079426	4641	4749	11058255	11058363
ENSG00000127616	ENSG00000127616.23	ENST00000924725	ENST00000924725.1	11058788	11058889	4531	4632	ENSE00003687872	32	10960984	11062274					10960984	10960824	11079426	4750	4851	11058788	11058889
ENSG00000127616	ENSG00000127616.23	ENST00000924725	ENST00000924725.1	11059753	11059885	4633	4765	ENSE00003582123	33	10960984	11062274					10960984	10960824	11079426	4852	4984	11059753	11059885
ENSG00000127616	ENSG00000127616.23	ENST00000924725	ENST00000924725.1	11060045	11060187	4766	4908	ENSE00003694052	34	10960984	11062274					10960984	10960824	11079426	4985	5127	11060045	11060187
ENSG00000127616	ENSG00000127616.23	ENST00000924725	ENST00000924725.1	11041307	11041560	4168	4421	ENSE00003547338	30	10960984	11062274					10960984	10960824	11079426	4387	4640	11041307	11041560
ENSG00000127616	ENSG00000127616.23	ENST00000924725	ENST00000924725.1	11033767	11033865	3772	3870	ENSE00004014467	27	10960984	11062274					10960984	10960824	11079426	3991	4089	11033767	11033865
ENSG00000127616	ENSG00000127616.23	ENST00000924725	ENST00000924725.1	11007905	11008023	2002	2120	ENSE00004398385	14	10960984	11062274					10960984	10960824	11079426	2221	2339	11007905	11008023
ENSG00000127616	ENSG00000127616.23	ENST00000924725	ENST00000924725.1	11061784	11062274	4909	4941	ENSE00004398440	35	10960984	11062274			11061817	11062274	10960984	10960824	11079426	5128	5160	11061784	11061816
ENSG00000127616	ENSG00000127616.23	ENST00000924725	ENST00000924725.1	10960984	10961174			ENSE00004398404	1	10960984	11062274	10960984	10961174			10960984	10960824	11079426				
ENSG00000127616	ENSG00000127616.23	ENST00000924726	ENST00000924726.1	10985273	10985405	223	355	ENSE00003618181	3	10961000	11062277					10961000	10960824	11079426	429	561	10985273	10985405
ENSG00000127616	ENSG00000127616.23	ENST00000924726	ENST00000924726.1	10986189	10986593	356	760	ENSE00003525604	4	10961000	11062277					10961000	10960824	11079426	562	966	10986189	10986593
ENSG00000127616	ENSG00000127616.23	ENST00000924726	ENST00000924726.1	10986905	10987003	761	859	ENSE00003604554	5	10961000	11062277					10961000	10960824	11079426	967	1065	10986905	10987003
ENSG00000127616	ENSG00000127616.23	ENST00000924726	ENST00000924726.1	10987666	10987924	860	1118	ENSE00003531833	6	10961000	11062277					10961000	10960824	11079426	1066	1324	10987666	10987924
ENSG00000127616	ENSG00000127616.23	ENST00000924726	ENST00000924726.1	10989317	10989443	1119	1245	ENSE00003670957	7	10961000	11062277					10961000	10960824	11079426	1325	1451	10989317	10989443
ENSG00000127616	ENSG00000127616.23	ENST00000924726	ENST00000924726.1	10991150	10991323	1246	1419	ENSE00003607688	8	10961000	11062277					10961000	10960824	11079426	1452	1625	10991150	10991323
ENSG00000127616	ENSG00000127616.23	ENST00000924726	ENST00000924726.1	10994828	10995001	1420	1593	ENSE00003546739	9	10961000	11062277					10961000	10960824	11079426	1626	1799	10994828	10995001
ENSG00000127616	ENSG00000127616.23	ENST00000924726	ENST00000924726.1	10996213	10996380	1594	1761	ENSE00003527768	10	10961000	11062277					10961000	10960824	11079426	1800	1967	10996213	10996380
ENSG00000127616	ENSG00000127616.23	ENST00000924726	ENST00000924726.1	11003029	11003159	1810	1940	ENSE00003667107	12	10961000	11062277					10961000	10960824	11079426	2016	2146	11003029	11003159
ENSG00000127616	ENSG00000127616.23	ENST00000924726	ENST00000924726.1	11003340	11003397	1941	1998	ENSE00003539754	13	10961000	11062277					10961000	10960824	11079426	2147	2204	11003340	11003397
ENSG00000127616	ENSG00000127616.23	ENST00000924726	ENST00000924726.1	11007902	11008023	1999	2120	ENSE00003581372	14	10961000	11062277					10961000	10960824	11079426	2205	2326	11007902	11008023
ENSG00000127616	ENSG00000127616.23	ENST00000924726	ENST00000924726.1	11010381	11010531	2121	2271	ENSE00003530860	15	10961000	11062277					10961000	10960824	11079426	2327	2477	11010381	11010531
ENSG00000127616	ENSG00000127616.23	ENST00000924726	ENST00000924726.1	11012949	11013112	2272	2435	ENSE00003654082	16	10961000	11062277					10961000	10960824	11079426	2478	2641	11012949	11013112
ENSG00000127616	ENSG00000127616.23	ENST00000924726	ENST00000924726.1	11018957	11019023	2436	2502	ENSE00003474879	17	10961000	11062277					10961000	10960824	11079426	2642	2708	11018957	11019023
ENSG00000127616	ENSG00000127616.23	ENST00000924726	ENST00000924726.1	11019591	11019701	2503	2613	ENSE00003477043	18	10961000	11062277					10961000	10960824	11079426	2709	2819	11019591	11019701
ENSG00000127616	ENSG00000127616.23	ENST00000924726	ENST00000924726.1	11021725	11021967	2614	2856	ENSE00003540089	19	10961000	11062277					10961000	10960824	11079426	2820	3062	11021725	11021967
ENSG00000127616	ENSG00000127616.23	ENST00000924726	ENST00000924726.1	11023518	11023631	2857	2970	ENSE00003484961	20	10961000	11062277					10961000	10960824	11079426	3063	3176	11023518	11023631
ENSG00000127616	ENSG00000127616.23	ENST00000924726	ENST00000924726.1	11024331	11024438	2971	3078	ENSE00003553172	21	10961000	11062277					10961000	10960824	11079426	3177	3284	11024331	11024438
ENSG00000127616	ENSG00000127616.23	ENST00000924726	ENST00000924726.1	11025422	11025508	3079	3165	ENSE00003692983	22	10961000	11062277					10961000	10960824	11079426	3285	3371	11025422	11025508
ENSG00000127616	ENSG00000127616.23	ENST00000924726	ENST00000924726.1	11026300	11026346	3166	3212	ENSE00003604518	23	10961000	11062277					10961000	10960824	11079426	3372	3418	11026300	11026346
ENSG00000127616	ENSG00000127616.23	ENST00000924726	ENST00000924726.1	11027784	11027950	3213	3379	ENSE00003459233	24	10961000	11062277					10961000	10960824	11079426	3419	3585	11027784	11027950
ENSG00000127616	ENSG00000127616.23	ENST00000924726	ENST00000924726.1	11030730	11030893	3380	3543	ENSE00003676000	25	10961000	11062277					10961000	10960824	11079426	3586	3749	11030730	11030893
ENSG00000127616	ENSG00000127616.23	ENST00000924726	ENST00000924726.1	11033290	11033517	3544	3771	ENSE00003655405	26	10961000	11062277					10961000	10960824	11079426	3750	3977	11033290	11033517
ENSG00000127616	ENSG00000127616.23	ENST00000924726	ENST00000924726.1	11034123	11034200	3772	3849	ENSE00003703701	27	10961000	11062277					10961000	10960824	11079426	3978	4055	11034123	11034200
ENSG00000127616	ENSG00000127616.23	ENST00000924726	ENST00000924726.1	11034914	11035132	3850	4068	ENSE00003708931	28	10961000	11062277					10961000	10960824	11079426	4056	4274	11034914	11035132
ENSG00000127616	ENSG00000127616.23	ENST00000924726	ENST00000924726.1	11058788	11058889	4429	4530	ENSE00003687872	31	10961000	11062277					10961000	10960824	11079426	4635	4736	11058788	11058889
ENSG00000127616	ENSG00000127616.23	ENST00000924726	ENST00000924726.1	11059753	11059885	4531	4663	ENSE00003582123	32	10961000	11062277					10961000	10960824	11079426	4737	4869	11059753	11059885
ENSG00000127616	ENSG00000127616.23	ENST00000924726	ENST00000924726.1	11060045	11060187	4664	4806	ENSE00003694052	33	10961000	11062277					10961000	10960824	11079426	4870	5012	11060045	11060187
ENSG00000127616	ENSG00000127616.23	ENST00000924726	ENST00000924726.1	11041307	11041560	4069	4322	ENSE00003547338	29	10961000	11062277					10961000	10960824	11079426	4275	4528	11041307	11041560
ENSG00000127616	ENSG00000127616.23	ENST00000924726	ENST00000924726.1	10984121	10984373	1	222	ENSE00000874191	2	10961000	11062277	10984121	10984151			10961000	10960824	11079426	207	428	10984152	10984373
ENSG00000127616	ENSG00000127616.23	ENST00000924726	ENST00000924726.1	11058258	11058363	4323	4428	ENSE00001653058	30	10961000	11062277					10961000	10960824	11079426	4529	4634	11058258	11058363
ENSG00000127616	ENSG00000127616.23	ENST00000924726	ENST00000924726.1	10996497	10996544	1762	1809	ENSE00003824071	11	10961000	11062277					10961000	10960824	11079426	1968	2015	10996497	10996544
ENSG00000127616	ENSG00000127616.23	ENST00000924726	ENST00000924726.1	11061784	11062277	4807	4839	ENSE00004354305	34	10961000	11062277			11061817	11062277	10961000	10960824	11079426	5013	5045	11061784	11061816
ENSG00000127616	ENSG00000127616.23	ENST00000924726	ENST00000924726.1	10961000	10961174			ENSE00004398417	1	10961000	11062277	10961000	10961174			10961000	10960824	11079426				
ENSG00000127616	ENSG00000127616.23	ENST00000924727	ENST00000924727.1	10985273	10985405	223	355	ENSE00003618181	3	10961000	11062277					10961000	10960824	11079426	429	561	10985273	10985405
ENSG00000127616	ENSG00000127616.23	ENST00000924727	ENST00000924727.1	10986189	10986593	356	760	ENSE00003525604	4	10961000	11062277					10961000	10960824	11079426	562	966	10986189	10986593
ENSG00000127616	ENSG00000127616.23	ENST00000924727	ENST00000924727.1	10986905	10987003	761	859	ENSE00003604554	5	10961000	11062277					10961000	10960824	11079426	967	1065	10986905	10987003
ENSG00000127616	ENSG00000127616.23	ENST00000924727	ENST00000924727.1	10987666	10987924	860	1118	ENSE00003531833	6	10961000	11062277					10961000	10960824	11079426	1066	1324	10987666	10987924
ENSG00000127616	ENSG00000127616.23	ENST00000924727	ENST00000924727.1	10989317	10989443	1119	1245	ENSE00003670957	7	10961000	11062277					10961000	10960824	11079426	1325	1451	10989317	10989443
ENSG00000127616	ENSG00000127616.23	ENST00000924727	ENST00000924727.1	10991150	10991323	1246	1419	ENSE00003607688	8	10961000	11062277					10961000	10960824	11079426	1452	1625	10991150	10991323
ENSG00000127616	ENSG00000127616.23	ENST00000924727	ENST00000924727.1	10994828	10995001	1420	1593	ENSE00003546739	9	10961000	11062277					10961000	10960824	11079426	1626	1799	10994828	10995001
ENSG00000127616	ENSG00000127616.23	ENST00000924727	ENST00000924727.1	10996213	10996380	1594	1761	ENSE00003527768	10	10961000	11062277					10961000	10960824	11079426	1800	1967	10996213	10996380
ENSG00000127616	ENSG00000127616.23	ENST00000924727	ENST00000924727.1	10996494	10996544	1762	1812	ENSE00003667937	11	10961000	11062277					10961000	10960824	11079426	1968	2018	10996494	10996544
ENSG00000127616	ENSG00000127616.23	ENST00000924727	ENST00000924727.1	11003029	11003159	1813	1943	ENSE00003667107	12	10961000	11062277					10961000	10960824	11079426	2019	2149	11003029	11003159
ENSG00000127616	ENSG00000127616.23	ENST00000924727	ENST00000924727.1	11003340	11003397	1944	2001	ENSE00003539754	13	10961000	11062277					10961000	10960824	11079426	2150	2207	11003340	11003397
ENSG00000127616	ENSG00000127616.23	ENST00000924727	ENST00000924727.1	11007902	11008023	2002	2123	ENSE00003581372	14	10961000	11062277					10961000	10960824	11079426	2208	2329	11007902	11008023
ENSG00000127616	ENSG00000127616.23	ENST00000924727	ENST00000924727.1	11010381	11010531	2124	2274	ENSE00003530860	15	10961000	11062277					10961000	10960824	11079426	2330	2480	11010381	11010531
ENSG00000127616	ENSG00000127616.23	ENST00000924727	ENST00000924727.1	11012949	11013112	2275	2438	ENSE00003654082	16	10961000	11062277					10961000	10960824	11079426	2481	2644	11012949	11013112
ENSG00000127616	ENSG00000127616.23	ENST00000924727	ENST00000924727.1	11018957	11019023	2439	2505	ENSE00003474879	17	10961000	11062277					10961000	10960824	11079426	2645	2711	11018957	11019023
ENSG00000127616	ENSG00000127616.23	ENST00000924727	ENST00000924727.1	11019591	11019701	2506	2616	ENSE00003477043	18	10961000	11062277					10961000	10960824	11079426	2712	2822	11019591	11019701
ENSG00000127616	ENSG00000127616.23	ENST00000924727	ENST00000924727.1	11021725	11021967	2617	2859	ENSE00003540089	19	10961000	11062277					10961000	10960824	11079426	2823	3065	11021725	11021967
ENSG00000127616	ENSG00000127616.23	ENST00000924727	ENST00000924727.1	11023518	11023631	2860	2973	ENSE00003484961	20	10961000	11062277					10961000	10960824	11079426	3066	3179	11023518	11023631
ENSG00000127616	ENSG00000127616.23	ENST00000924727	ENST00000924727.1	11024331	11024438	2974	3081	ENSE00003553172	21	10961000	11062277					10961000	10960824	11079426	3180	3287	11024331	11024438
ENSG00000127616	ENSG00000127616.23	ENST00000924727	ENST00000924727.1	11025422	11025508	3082	3168	ENSE00003692983	22	10961000	11062277					10961000	10960824	11079426	3288	3374	11025422	11025508
ENSG00000127616	ENSG00000127616.23	ENST00000924727	ENST00000924727.1	11026300	11026346	3169	3215	ENSE00003604518	23	10961000	11062277					10961000	10960824	11079426	3375	3421	11026300	11026346
ENSG00000127616	ENSG00000127616.23	ENST00000924727	ENST00000924727.1	11027784	11027950	3216	3382	ENSE00003459233	24	10961000	11062277					10961000	10960824	11079426	3422	3588	11027784	11027950
ENSG00000127616	ENSG00000127616.23	ENST00000924727	ENST00000924727.1	11030730	11030893	3383	3546	ENSE00003676000	25	10961000	11062277					10961000	10960824	11079426	3589	3752	11030730	11030893
ENSG00000127616	ENSG00000127616.23	ENST00000924727	ENST00000924727.1	11033290	11033517	3547	3774	ENSE00003655405	26	10961000	11062277					10961000	10960824	11079426	3753	3980	11033290	11033517
ENSG00000127616	ENSG00000127616.23	ENST00000924727	ENST00000924727.1	11034123	11034200	3775	3852	ENSE00003703701	27	10961000	11062277					10961000	10960824	11079426	3981	4058	11034123	11034200
ENSG00000127616	ENSG00000127616.23	ENST00000924727	ENST00000924727.1	11034914	11035132	3853	4071	ENSE00003708931	28	10961000	11062277					10961000	10960824	11079426	4059	4277	11034914	11035132
ENSG00000127616	ENSG00000127616.23	ENST00000924727	ENST00000924727.1	11058255	11058363	4326	4434	ENSE00003468652	30	10961000	11062277					10961000	10960824	11079426	4532	4640	11058255	11058363
ENSG00000127616	ENSG00000127616.23	ENST00000924727	ENST00000924727.1	11059753	11059885	4435	4567	ENSE00003582123	31	10961000	11062277					10961000	10960824	11079426	4641	4773	11059753	11059885
ENSG00000127616	ENSG00000127616.23	ENST00000924727	ENST00000924727.1	11060045	11060187	4568	4710	ENSE00003694052	32	10961000	11062277					10961000	10960824	11079426	4774	4916	11060045	11060187
ENSG00000127616	ENSG00000127616.23	ENST00000924727	ENST00000924727.1	11041307	11041560	4072	4325	ENSE00003547338	29	10961000	11062277					10961000	10960824	11079426	4278	4531	11041307	11041560
ENSG00000127616	ENSG00000127616.23	ENST00000924727	ENST00000924727.1	10984121	10984373	1	222	ENSE00000874191	2	10961000	11062277	10984121	10984151			10961000	10960824	11079426	207	428	10984152	10984373
ENSG00000127616	ENSG00000127616.23	ENST00000924727	ENST00000924727.1	11061784	11062277	4711	4743	ENSE00004354305	33	10961000	11062277			11061817	11062277	10961000	10960824	11079426	4917	4949	11061784	11061816
ENSG00000127616	ENSG00000127616.23	ENST00000924727	ENST00000924727.1	10961000	10961174			ENSE00004398417	1	10961000	11062277	10961000	10961174			10961000	10960824	11079426				
ENSG00000127616	ENSG00000127616.23	ENST00000924728	ENST00000924728.1	10985273	10985405	223	355	ENSE00003618181	3	10961002	11062273					10961002	10960824	11079426	427	559	10985273	10985405
ENSG00000127616	ENSG00000127616.23	ENST00000924728	ENST00000924728.1	10986189	10986593	356	760	ENSE00003525604	4	10961002	11062273					10961002	10960824	11079426	560	964	10986189	10986593
ENSG00000127616	ENSG00000127616.23	ENST00000924728	ENST00000924728.1	10986905	10987003	761	859	ENSE00003604554	5	10961002	11062273					10961002	10960824	11079426	965	1063	10986905	10987003
ENSG00000127616	ENSG00000127616.23	ENST00000924728	ENST00000924728.1	10987666	10987924	860	1118	ENSE00003531833	6	10961002	11062273					10961002	10960824	11079426	1064	1322	10987666	10987924
ENSG00000127616	ENSG00000127616.23	ENST00000924728	ENST00000924728.1	10989317	10989443	1119	1245	ENSE00003670957	7	10961002	11062273					10961002	10960824	11079426	1323	1449	10989317	10989443
ENSG00000127616	ENSG00000127616.23	ENST00000924728	ENST00000924728.1	10991150	10991323	1246	1419	ENSE00003607688	8	10961002	11062273					10961002	10960824	11079426	1450	1623	10991150	10991323
ENSG00000127616	ENSG00000127616.23	ENST00000924728	ENST00000924728.1	10994828	10995001	1420	1593	ENSE00003546739	9	10961002	11062273					10961002	10960824	11079426	1624	1797	10994828	10995001
ENSG00000127616	ENSG00000127616.23	ENST00000924728	ENST00000924728.1	10996213	10996380	1594	1761	ENSE00003527768	10	10961002	11062273					10961002	10960824	11079426	1798	1965	10996213	10996380
ENSG00000127616	ENSG00000127616.23	ENST00000924728	ENST00000924728.1	10996494	10996544	1762	1812	ENSE00003667937	11	10961002	11062273					10961002	10960824	11079426	1966	2016	10996494	10996544
ENSG00000127616	ENSG00000127616.23	ENST00000924728	ENST00000924728.1	11003029	11003159	1813	1943	ENSE00003667107	12	10961002	11062273					10961002	10960824	11079426	2017	2147	11003029	11003159
ENSG00000127616	ENSG00000127616.23	ENST00000924728	ENST00000924728.1	11003340	11003397	1944	2001	ENSE00003539754	13	10961002	11062273					10961002	10960824	11079426	2148	2205	11003340	11003397
ENSG00000127616	ENSG00000127616.23	ENST00000924728	ENST00000924728.1	11007902	11008023	2002	2123	ENSE00003581372	14	10961002	11062273					10961002	10960824	11079426	2206	2327	11007902	11008023
ENSG00000127616	ENSG00000127616.23	ENST00000924728	ENST00000924728.1	11010381	11010531	2124	2274	ENSE00003530860	15	10961002	11062273					10961002	10960824	11079426	2328	2478	11010381	11010531
ENSG00000127616	ENSG00000127616.23	ENST00000924728	ENST00000924728.1	11012949	11013112	2275	2438	ENSE00003654082	16	10961002	11062273					10961002	10960824	11079426	2479	2642	11012949	11013112
ENSG00000127616	ENSG00000127616.23	ENST00000924728	ENST00000924728.1	11018957	11019023	2439	2505	ENSE00003474879	17	10961002	11062273					10961002	10960824	11079426	2643	2709	11018957	11019023
ENSG00000127616	ENSG00000127616.23	ENST00000924728	ENST00000924728.1	11019591	11019701	2506	2616	ENSE00003477043	18	10961002	11062273					10961002	10960824	11079426	2710	2820	11019591	11019701
ENSG00000127616	ENSG00000127616.23	ENST00000924728	ENST00000924728.1	11021725	11021967	2617	2859	ENSE00003540089	19	10961002	11062273					10961002	10960824	11079426	2821	3063	11021725	11021967
ENSG00000127616	ENSG00000127616.23	ENST00000924728	ENST00000924728.1	11023518	11023631	2860	2973	ENSE00003484961	20	10961002	11062273					10961002	10960824	11079426	3064	3177	11023518	11023631
ENSG00000127616	ENSG00000127616.23	ENST00000924728	ENST00000924728.1	11024331	11024438	2974	3081	ENSE00003553172	21	10961002	11062273					10961002	10960824	11079426	3178	3285	11024331	11024438
ENSG00000127616	ENSG00000127616.23	ENST00000924728	ENST00000924728.1	11025422	11025508	3082	3168	ENSE00003692983	22	10961002	11062273					10961002	10960824	11079426	3286	3372	11025422	11025508
ENSG00000127616	ENSG00000127616.23	ENST00000924728	ENST00000924728.1	11026300	11026346	3169	3215	ENSE00003604518	23	10961002	11062273					10961002	10960824	11079426	3373	3419	11026300	11026346
ENSG00000127616	ENSG00000127616.23	ENST00000924728	ENST00000924728.1	11027784	11027950	3216	3382	ENSE00003459233	24	10961002	11062273					10961002	10960824	11079426	3420	3586	11027784	11027950
ENSG00000127616	ENSG00000127616.23	ENST00000924728	ENST00000924728.1	11030730	11030893	3383	3546	ENSE00003676000	25	10961002	11062273					10961002	10960824	11079426	3587	3750	11030730	11030893
ENSG00000127616	ENSG00000127616.23	ENST00000924728	ENST00000924728.1	11033290	11033517	3547	3774	ENSE00003655405	26	10961002	11062273					10961002	10960824	11079426	3751	3978	11033290	11033517
ENSG00000127616	ENSG00000127616.23	ENST00000924728	ENST00000924728.1	11034123	11034200	3874	3951	ENSE00003703701	28	10961002	11062273					10961002	10960824	11079426	4078	4155	11034123	11034200
ENSG00000127616	ENSG00000127616.23	ENST00000924728	ENST00000924728.1	11034914	11035132	3952	4170	ENSE00003708931	29	10961002	11062273					10961002	10960824	11079426	4156	4374	11034914	11035132
ENSG00000127616	ENSG00000127616.23	ENST00000924728	ENST00000924728.1	11039458	11039553	4171	4266	ENSE00003707782	30	10961002	11062273					10961002	10960824	11079426	4375	4470	11039458	11039553
ENSG00000127616	ENSG00000127616.23	ENST00000924728	ENST00000924728.1	11058788	11058889	4627	4728	ENSE00003687872	33	10961002	11062273					10961002	10960824	11079426	4831	4932	11058788	11058889
ENSG00000127616	ENSG00000127616.23	ENST00000924728	ENST00000924728.1	11060045	11060187	4835	4977	ENSE00003694052	35	10961002	11062273					10961002	10960824	11079426	5039	5181	11060045	11060187
ENSG00000127616	ENSG00000127616.23	ENST00000924728	ENST00000924728.1	11041307	11041560	4267	4520	ENSE00003547338	31	10961002	11062273					10961002	10960824	11079426	4471	4724	11041307	11041560
ENSG00000127616	ENSG00000127616.23	ENST00000924728	ENST00000924728.1	10984121	10984373	1	222	ENSE00000874191	2	10961002	11062273	10984121	10984151			10961002	10960824	11079426	205	426	10984152	10984373
ENSG00000127616	ENSG00000127616.23	ENST00000924728	ENST00000924728.1	11033767	11033865	3775	3873	ENSE00004014467	27	10961002	11062273					10961002	10960824	11079426	3979	4077	11033767	11033865
ENSG00000127616	ENSG00000127616.23	ENST00000924728	ENST00000924728.1	11061784	11062273	4978	5010	ENSE00004014465	36	10961002	11062273			11061817	11062273	10961002	10960824	11079426	5182	5214	11061784	11061816
ENSG00000127616	ENSG00000127616.23	ENST00000924728	ENST00000924728.1	11058258	11058363	4521	4626	ENSE00001653058	32	10961002	11062273					10961002	10960824	11079426	4725	4830	11058258	11058363
ENSG00000127616	ENSG00000127616.23	ENST00000924728	ENST00000924728.1	10961002	10961174			ENSE00004398405	1	10961002	11062273	10961002	10961174			10961002	10960824	11079426				
ENSG00000127616	ENSG00000127616.23	ENST00000924728	ENST00000924728.1	11059780	11059885	4729	4834	ENSE00004398421	34	10961002	11062273					10961002	10960824	11079426	4933	5038	11059780	11059885
ENSG00000127616	ENSG00000127616.23	ENST00000924729	ENST00000924729.1	10984124	10984373	1	222	ENSE00002858683	2	10961009	11062277	10984124	10984151			10961009	10960824	11079426	195	416	10984152	10984373
ENSG00000127616	ENSG00000127616.23	ENST00000924729	ENST00000924729.1	10985273	10985405	223	355	ENSE00003618181	3	10961009	11062277					10961009	10960824	11079426	417	549	10985273	10985405
ENSG00000127616	ENSG00000127616.23	ENST00000924729	ENST00000924729.1	10986189	10986593	356	760	ENSE00003525604	4	10961009	11062277					10961009	10960824	11079426	550	954	10986189	10986593
ENSG00000127616	ENSG00000127616.23	ENST00000924729	ENST00000924729.1	10986905	10987003	761	859	ENSE00003604554	5	10961009	11062277					10961009	10960824	11079426	955	1053	10986905	10987003
ENSG00000127616	ENSG00000127616.23	ENST00000924729	ENST00000924729.1	10987666	10987924	860	1118	ENSE00003531833	6	10961009	11062277					10961009	10960824	11079426	1054	1312	10987666	10987924
ENSG00000127616	ENSG00000127616.23	ENST00000924729	ENST00000924729.1	10989317	10989443	1119	1245	ENSE00003670957	7	10961009	11062277					10961009	10960824	11079426	1313	1439	10989317	10989443
ENSG00000127616	ENSG00000127616.23	ENST00000924729	ENST00000924729.1	10991150	10991323	1246	1419	ENSE00003607688	8	10961009	11062277					10961009	10960824	11079426	1440	1613	10991150	10991323
ENSG00000127616	ENSG00000127616.23	ENST00000924729	ENST00000924729.1	10994828	10995001	1420	1593	ENSE00003546739	9	10961009	11062277					10961009	10960824	11079426	1614	1787	10994828	10995001
ENSG00000127616	ENSG00000127616.23	ENST00000924729	ENST00000924729.1	10996213	10996380	1594	1761	ENSE00003527768	10	10961009	11062277					10961009	10960824	11079426	1788	1955	10996213	10996380
ENSG00000127616	ENSG00000127616.23	ENST00000924729	ENST00000924729.1	10996494	10996544	1762	1812	ENSE00003667937	11	10961009	11062277					10961009	10960824	11079426	1956	2006	10996494	10996544
ENSG00000127616	ENSG00000127616.23	ENST00000924729	ENST00000924729.1	11003029	11003159	1813	1943	ENSE00003667107	12	10961009	11062277					10961009	10960824	11079426	2007	2137	11003029	11003159
ENSG00000127616	ENSG00000127616.23	ENST00000924729	ENST00000924729.1	11003340	11003397	1944	2001	ENSE00003539754	13	10961009	11062277					10961009	10960824	11079426	2138	2195	11003340	11003397
ENSG00000127616	ENSG00000127616.23	ENST00000924729	ENST00000924729.1	11007902	11008023	2002	2123	ENSE00003581372	14	10961009	11062277					10961009	10960824	11079426	2196	2317	11007902	11008023
ENSG00000127616	ENSG00000127616.23	ENST00000924729	ENST00000924729.1	11010381	11010531	2124	2274	ENSE00003530860	15	10961009	11062277					10961009	10960824	11079426	2318	2468	11010381	11010531
ENSG00000127616	ENSG00000127616.23	ENST00000924729	ENST00000924729.1	11012949	11013112	2275	2438	ENSE00003654082	16	10961009	11062277					10961009	10960824	11079426	2469	2632	11012949	11013112
ENSG00000127616	ENSG00000127616.23	ENST00000924729	ENST00000924729.1	11018957	11019023	2439	2505	ENSE00003474879	17	10961009	11062277					10961009	10960824	11079426	2633	2699	11018957	11019023
ENSG00000127616	ENSG00000127616.23	ENST00000924729	ENST00000924729.1	11019591	11019701	2506	2616	ENSE00003477043	18	10961009	11062277					10961009	10960824	11079426	2700	2810	11019591	11019701
ENSG00000127616	ENSG00000127616.23	ENST00000924729	ENST00000924729.1	11021725	11021967	2617	2859	ENSE00003540089	19	10961009	11062277					10961009	10960824	11079426	2811	3053	11021725	11021967
ENSG00000127616	ENSG00000127616.23	ENST00000924729	ENST00000924729.1	11023518	11023631	2860	2973	ENSE00003484961	20	10961009	11062277					10961009	10960824	11079426	3054	3167	11023518	11023631
ENSG00000127616	ENSG00000127616.23	ENST00000924729	ENST00000924729.1	11024331	11024438	2974	3081	ENSE00003553172	21	10961009	11062277					10961009	10960824	11079426	3168	3275	11024331	11024438
ENSG00000127616	ENSG00000127616.23	ENST00000924729	ENST00000924729.1	11025422	11025508	3082	3168	ENSE00003692983	22	10961009	11062277					10961009	10960824	11079426	3276	3362	11025422	11025508
ENSG00000127616	ENSG00000127616.23	ENST00000924729	ENST00000924729.1	11026300	11026346	3169	3215	ENSE00003604518	23	10961009	11062277					10961009	10960824	11079426	3363	3409	11026300	11026346
ENSG00000127616	ENSG00000127616.23	ENST00000924729	ENST00000924729.1	11027784	11027950	3216	3382	ENSE00003459233	24	10961009	11062277					10961009	10960824	11079426	3410	3576	11027784	11027950
ENSG00000127616	ENSG00000127616.23	ENST00000924729	ENST00000924729.1	11030730	11030893	3383	3546	ENSE00003676000	25	10961009	11062277					10961009	10960824	11079426	3577	3740	11030730	11030893
ENSG00000127616	ENSG00000127616.23	ENST00000924729	ENST00000924729.1	11033290	11033517	3547	3774	ENSE00003655405	26	10961009	11062277					10961009	10960824	11079426	3741	3968	11033290	11033517
ENSG00000127616	ENSG00000127616.23	ENST00000924729	ENST00000924729.1	11034123	11034200	3775	3852	ENSE00003703701	27	10961009	11062277					10961009	10960824	11079426	3969	4046	11034123	11034200
ENSG00000127616	ENSG00000127616.23	ENST00000924729	ENST00000924729.1	11034914	11035132	3853	4071	ENSE00003708931	28	10961009	11062277					10961009	10960824	11079426	4047	4265	11034914	11035132
ENSG00000127616	ENSG00000127616.23	ENST00000924729	ENST00000924729.1	11058255	11058363	4326	4434	ENSE00003468652	30	10961009	11062277					10961009	10960824	11079426	4520	4628	11058255	11058363
ENSG00000127616	ENSG00000127616.23	ENST00000924729	ENST00000924729.1	11058788	11058889	4435	4536	ENSE00003687872	31	10961009	11062277					10961009	10960824	11079426	4629	4730	11058788	11058889
ENSG00000127616	ENSG00000127616.23	ENST00000924729	ENST00000924729.1	11060045	11060187	4643	4785	ENSE00003694052	33	10961009	11062277					10961009	10960824	11079426	4837	4979	11060045	11060187
ENSG00000127616	ENSG00000127616.23	ENST00000924729	ENST00000924729.1	11041307	11041560	4072	4325	ENSE00003547338	29	10961009	11062277					10961009	10960824	11079426	4266	4519	11041307	11041560
ENSG00000127616	ENSG00000127616.23	ENST00000924729	ENST00000924729.1	11061784	11062277	4786	4818	ENSE00004354305	34	10961009	11062277			11061817	11062277	10961009	10960824	11079426	4980	5012	11061784	11061816
ENSG00000127616	ENSG00000127616.23	ENST00000924729	ENST00000924729.1	11059780	11059885	4537	4642	ENSE00004398421	32	10961009	11062277					10961009	10960824	11079426	4731	4836	11059780	11059885
ENSG00000127616	ENSG00000127616.23	ENST00000924729	ENST00000924729.1	10961009	10961174			ENSE00004398387	1	10961009	11062277	10961009	10961174			10961009	10960824	11079426				
ENSG00000127616	ENSG00000127616.23	ENST00000924730	ENST00000924730.1	10985273	10985405	223	355	ENSE00003618181	3	10961007	11062274					10961007	10960824	11079426	422	554	10985273	10985405
ENSG00000127616	ENSG00000127616.23	ENST00000924730	ENST00000924730.1	10986189	10986593	356	760	ENSE00003525604	4	10961007	11062274					10961007	10960824	11079426	555	959	10986189	10986593
ENSG00000127616	ENSG00000127616.23	ENST00000924730	ENST00000924730.1	10986905	10987003	761	859	ENSE00003604554	5	10961007	11062274					10961007	10960824	11079426	960	1058	10986905	10987003
ENSG00000127616	ENSG00000127616.23	ENST00000924730	ENST00000924730.1	10987666	10987924	860	1118	ENSE00003531833	6	10961007	11062274					10961007	10960824	11079426	1059	1317	10987666	10987924
ENSG00000127616	ENSG00000127616.23	ENST00000924730	ENST00000924730.1	10989317	10989443	1119	1245	ENSE00003670957	7	10961007	11062274					10961007	10960824	11079426	1318	1444	10989317	10989443
ENSG00000127616	ENSG00000127616.23	ENST00000924730	ENST00000924730.1	10994828	10995001	1450	1623	ENSE00003546739	9	10961007	11062274					10961007	10960824	11079426	1649	1822	10994828	10995001
ENSG00000127616	ENSG00000127616.23	ENST00000924730	ENST00000924730.1	10996213	10996380	1624	1791	ENSE00003527768	10	10961007	11062274					10961007	10960824	11079426	1823	1990	10996213	10996380
ENSG00000127616	ENSG00000127616.23	ENST00000924730	ENST00000924730.1	10996494	10996544	1792	1842	ENSE00003667937	11	10961007	11062274					10961007	10960824	11079426	1991	2041	10996494	10996544
ENSG00000127616	ENSG00000127616.23	ENST00000924730	ENST00000924730.1	11003029	11003159	1843	1973	ENSE00003667107	12	10961007	11062274					10961007	10960824	11079426	2042	2172	11003029	11003159
ENSG00000127616	ENSG00000127616.23	ENST00000924730	ENST00000924730.1	11003340	11003397	1974	2031	ENSE00003539754	13	10961007	11062274					10961007	10960824	11079426	2173	2230	11003340	11003397
ENSG00000127616	ENSG00000127616.23	ENST00000924730	ENST00000924730.1	11007902	11008023	2032	2153	ENSE00003581372	14	10961007	11062274					10961007	10960824	11079426	2231	2352	11007902	11008023
ENSG00000127616	ENSG00000127616.23	ENST00000924730	ENST00000924730.1	11010381	11010531	2154	2304	ENSE00003530860	15	10961007	11062274					10961007	10960824	11079426	2353	2503	11010381	11010531
ENSG00000127616	ENSG00000127616.23	ENST00000924730	ENST00000924730.1	11012949	11013112	2305	2468	ENSE00003654082	16	10961007	11062274					10961007	10960824	11079426	2504	2667	11012949	11013112
ENSG00000127616	ENSG00000127616.23	ENST00000924730	ENST00000924730.1	11018957	11019023	2469	2535	ENSE00003474879	17	10961007	11062274					10961007	10960824	11079426	2668	2734	11018957	11019023
ENSG00000127616	ENSG00000127616.23	ENST00000924730	ENST00000924730.1	11019591	11019701	2536	2646	ENSE00003477043	18	10961007	11062274					10961007	10960824	11079426	2735	2845	11019591	11019701
ENSG00000127616	ENSG00000127616.23	ENST00000924730	ENST00000924730.1	11021725	11021967	2647	2889	ENSE00003540089	19	10961007	11062274					10961007	10960824	11079426	2846	3088	11021725	11021967
ENSG00000127616	ENSG00000127616.23	ENST00000924730	ENST00000924730.1	11023518	11023631	2890	3003	ENSE00003484961	20	10961007	11062274					10961007	10960824	11079426	3089	3202	11023518	11023631
ENSG00000127616	ENSG00000127616.23	ENST00000924730	ENST00000924730.1	11024331	11024438	3004	3111	ENSE00003553172	21	10961007	11062274					10961007	10960824	11079426	3203	3310	11024331	11024438
ENSG00000127616	ENSG00000127616.23	ENST00000924730	ENST00000924730.1	11025422	11025508	3112	3198	ENSE00003692983	22	10961007	11062274					10961007	10960824	11079426	3311	3397	11025422	11025508
ENSG00000127616	ENSG00000127616.23	ENST00000924730	ENST00000924730.1	11026300	11026346	3199	3245	ENSE00003604518	23	10961007	11062274					10961007	10960824	11079426	3398	3444	11026300	11026346
ENSG00000127616	ENSG00000127616.23	ENST00000924730	ENST00000924730.1	11027784	11027950	3246	3412	ENSE00003459233	24	10961007	11062274					10961007	10960824	11079426	3445	3611	11027784	11027950
ENSG00000127616	ENSG00000127616.23	ENST00000924730	ENST00000924730.1	11030730	11030893	3413	3576	ENSE00003676000	25	10961007	11062274					10961007	10960824	11079426	3612	3775	11030730	11030893
ENSG00000127616	ENSG00000127616.23	ENST00000924730	ENST00000924730.1	11033290	11033517	3577	3804	ENSE00003655405	26	10961007	11062274					10961007	10960824	11079426	3776	4003	11033290	11033517
ENSG00000127616	ENSG00000127616.23	ENST00000924730	ENST00000924730.1	11034123	11034200	3805	3882	ENSE00003703701	27	10961007	11062274					10961007	10960824	11079426	4004	4081	11034123	11034200
ENSG00000127616	ENSG00000127616.23	ENST00000924730	ENST00000924730.1	11034914	11035132	3883	4101	ENSE00003708931	28	10961007	11062274					10961007	10960824	11079426	4082	4300	11034914	11035132
ENSG00000127616	ENSG00000127616.23	ENST00000924730	ENST00000924730.1	11058255	11058363	4356	4464	ENSE00003468652	30	10961007	11062274					10961007	10960824	11079426	4555	4663	11058255	11058363
ENSG00000127616	ENSG00000127616.23	ENST00000924730	ENST00000924730.1	11058788	11058889	4465	4566	ENSE00003687872	31	10961007	11062274					10961007	10960824	11079426	4664	4765	11058788	11058889
ENSG00000127616	ENSG00000127616.23	ENST00000924730	ENST00000924730.1	11059753	11059885	4567	4699	ENSE00003582123	32	10961007	11062274					10961007	10960824	11079426	4766	4898	11059753	11059885
ENSG00000127616	ENSG00000127616.23	ENST00000924730	ENST00000924730.1	11060045	11060187	4700	4842	ENSE00003694052	33	10961007	11062274					10961007	10960824	11079426	4899	5041	11060045	11060187
ENSG00000127616	ENSG00000127616.23	ENST00000924730	ENST00000924730.1	11041307	11041560	4102	4355	ENSE00003547338	29	10961007	11062274					10961007	10960824	11079426	4301	4554	11041307	11041560
ENSG00000127616	ENSG00000127616.23	ENST00000924730	ENST00000924730.1	10984121	10984373	1	222	ENSE00000874191	2	10961007	11062274	10984121	10984151			10961007	10960824	11079426	200	421	10984152	10984373
ENSG00000127616	ENSG00000127616.23	ENST00000924730	ENST00000924730.1	11061784	11062274	4843	4875	ENSE00004398440	34	10961007	11062274			11061817	11062274	10961007	10960824	11079426	5042	5074	11061784	11061816
ENSG00000127616	ENSG00000127616.23	ENST00000924730	ENST00000924730.1	10961007	10961174			ENSE00004398437	1	10961007	11062274	10961007	10961174			10961007	10960824	11079426				
ENSG00000127616	ENSG00000127616.23	ENST00000924730	ENST00000924730.1	10991120	10991323	1246	1449	ENSE00004398415	8	10961007	11062274					10961007	10960824	11079426	1445	1648	10991120	10991323
ENSG00000127616	ENSG00000127616.23	ENST00000924731	ENST00000924731.1	10985273	10985405	223	355	ENSE00003618181	3	10961007	11062273					10961007	10960824	11079426	422	554	10985273	10985405
ENSG00000127616	ENSG00000127616.23	ENST00000924731	ENST00000924731.1	10986189	10986593	356	760	ENSE00003525604	4	10961007	11062273					10961007	10960824	11079426	555	959	10986189	10986593
ENSG00000127616	ENSG00000127616.23	ENST00000924731	ENST00000924731.1	10986905	10987003	761	859	ENSE00003604554	5	10961007	11062273					10961007	10960824	11079426	960	1058	10986905	10987003
ENSG00000127616	ENSG00000127616.23	ENST00000924731	ENST00000924731.1	10987666	10987924	860	1118	ENSE00003531833	6	10961007	11062273					10961007	10960824	11079426	1059	1317	10987666	10987924
ENSG00000127616	ENSG00000127616.23	ENST00000924731	ENST00000924731.1	10989317	10989443	1119	1245	ENSE00003670957	7	10961007	11062273					10961007	10960824	11079426	1318	1444	10989317	10989443
ENSG00000127616	ENSG00000127616.23	ENST00000924731	ENST00000924731.1	10991150	10991323	1246	1419	ENSE00003607688	8	10961007	11062273					10961007	10960824	11079426	1445	1618	10991150	10991323
ENSG00000127616	ENSG00000127616.23	ENST00000924731	ENST00000924731.1	10994828	10995001	1420	1593	ENSE00003546739	9	10961007	11062273					10961007	10960824	11079426	1619	1792	10994828	10995001
ENSG00000127616	ENSG00000127616.23	ENST00000924731	ENST00000924731.1	10996213	10996380	1594	1761	ENSE00003527768	10	10961007	11062273					10961007	10960824	11079426	1793	1960	10996213	10996380
ENSG00000127616	ENSG00000127616.23	ENST00000924731	ENST00000924731.1	10996494	10996544	1762	1812	ENSE00003667937	11	10961007	11062273					10961007	10960824	11079426	1961	2011	10996494	10996544
ENSG00000127616	ENSG00000127616.23	ENST00000924731	ENST00000924731.1	11003029	11003159	1813	1943	ENSE00003667107	12	10961007	11062273					10961007	10960824	11079426	2012	2142	11003029	11003159
ENSG00000127616	ENSG00000127616.23	ENST00000924731	ENST00000924731.1	11003340	11003397	1944	2001	ENSE00003539754	13	10961007	11062273					10961007	10960824	11079426	2143	2200	11003340	11003397
ENSG00000127616	ENSG00000127616.23	ENST00000924731	ENST00000924731.1	11010381	11010531	2121	2271	ENSE00003530860	15	10961007	11062273					10961007	10960824	11079426	2320	2470	11010381	11010531
ENSG00000127616	ENSG00000127616.23	ENST00000924731	ENST00000924731.1	11012949	11013112	2272	2435	ENSE00003654082	16	10961007	11062273					10961007	10960824	11079426	2471	2634	11012949	11013112
ENSG00000127616	ENSG00000127616.23	ENST00000924731	ENST00000924731.1	11018957	11019023	2436	2502	ENSE00003474879	17	10961007	11062273					10961007	10960824	11079426	2635	2701	11018957	11019023
ENSG00000127616	ENSG00000127616.23	ENST00000924731	ENST00000924731.1	11019591	11019701	2503	2613	ENSE00003477043	18	10961007	11062273					10961007	10960824	11079426	2702	2812	11019591	11019701
ENSG00000127616	ENSG00000127616.23	ENST00000924731	ENST00000924731.1	11021725	11021967	2614	2856	ENSE00003540089	19	10961007	11062273					10961007	10960824	11079426	2813	3055	11021725	11021967
ENSG00000127616	ENSG00000127616.23	ENST00000924731	ENST00000924731.1	11023518	11023631	2857	2970	ENSE00003484961	20	10961007	11062273					10961007	10960824	11079426	3056	3169	11023518	11023631
ENSG00000127616	ENSG00000127616.23	ENST00000924731	ENST00000924731.1	11024331	11024438	2971	3078	ENSE00003553172	21	10961007	11062273					10961007	10960824	11079426	3170	3277	11024331	11024438
ENSG00000127616	ENSG00000127616.23	ENST00000924731	ENST00000924731.1	11025422	11025508	3079	3165	ENSE00003692983	22	10961007	11062273					10961007	10960824	11079426	3278	3364	11025422	11025508
ENSG00000127616	ENSG00000127616.23	ENST00000924731	ENST00000924731.1	11026300	11026346	3166	3212	ENSE00003604518	23	10961007	11062273					10961007	10960824	11079426	3365	3411	11026300	11026346
ENSG00000127616	ENSG00000127616.23	ENST00000924731	ENST00000924731.1	11027784	11027950	3213	3379	ENSE00003459233	24	10961007	11062273					10961007	10960824	11079426	3412	3578	11027784	11027950
ENSG00000127616	ENSG00000127616.23	ENST00000924731	ENST00000924731.1	11030730	11030893	3380	3543	ENSE00003676000	25	10961007	11062273					10961007	10960824	11079426	3579	3742	11030730	11030893
ENSG00000127616	ENSG00000127616.23	ENST00000924731	ENST00000924731.1	11033290	11033517	3544	3771	ENSE00003655405	26	10961007	11062273					10961007	10960824	11079426	3743	3970	11033290	11033517
ENSG00000127616	ENSG00000127616.23	ENST00000924731	ENST00000924731.1	11034123	11034200	3772	3849	ENSE00003703701	27	10961007	11062273					10961007	10960824	11079426	3971	4048	11034123	11034200
ENSG00000127616	ENSG00000127616.23	ENST00000924731	ENST00000924731.1	11034914	11035132	3850	4068	ENSE00003708931	28	10961007	11062273					10961007	10960824	11079426	4049	4267	11034914	11035132
ENSG00000127616	ENSG00000127616.23	ENST00000924731	ENST00000924731.1	11041298	11041560	4069	4331	ENSE00003707185	29	10961007	11062273					10961007	10960824	11079426	4268	4530	11041298	11041560
ENSG00000127616	ENSG00000127616.23	ENST00000924731	ENST00000924731.1	11058788	11058889	4438	4539	ENSE00003687872	31	10961007	11062273					10961007	10960824	11079426	4637	4738	11058788	11058889
ENSG00000127616	ENSG00000127616.23	ENST00000924731	ENST00000924731.1	11059753	11059885	4540	4672	ENSE00003582123	32	10961007	11062273					10961007	10960824	11079426	4739	4871	11059753	11059885
ENSG00000127616	ENSG00000127616.23	ENST00000924731	ENST00000924731.1	11060045	11060187	4673	4815	ENSE00003694052	33	10961007	11062273					10961007	10960824	11079426	4872	5014	11060045	11060187
ENSG00000127616	ENSG00000127616.23	ENST00000924731	ENST00000924731.1	10984121	10984373	1	222	ENSE00000874191	2	10961007	11062273	10984121	10984151			10961007	10960824	11079426	200	421	10984152	10984373
ENSG00000127616	ENSG00000127616.23	ENST00000924731	ENST00000924731.1	11061784	11062273	4816	4848	ENSE00004014465	34	10961007	11062273			11061817	11062273	10961007	10960824	11079426	5015	5047	11061784	11061816
ENSG00000127616	ENSG00000127616.23	ENST00000924731	ENST00000924731.1	11058258	11058363	4332	4437	ENSE00001653058	30	10961007	11062273					10961007	10960824	11079426	4531	4636	11058258	11058363
ENSG00000127616	ENSG00000127616.23	ENST00000924731	ENST00000924731.1	11007905	11008023	2002	2120	ENSE00004398385	14	10961007	11062273					10961007	10960824	11079426	2201	2319	11007905	11008023
ENSG00000127616	ENSG00000127616.23	ENST00000924731	ENST00000924731.1	10961007	10961174			ENSE00004398437	1	10961007	11062273	10961007	10961174			10961007	10960824	11079426				
ENSG00000127616	ENSG00000127616.23	ENST00000924732	ENST00000924732.1	10984124	10984373	1	222	ENSE00002858683	2	10961008	11062273	10984124	10984151			10961008	10960824	11079426	196	417	10984152	10984373
ENSG00000127616	ENSG00000127616.23	ENST00000924732	ENST00000924732.1	10985273	10985405	223	355	ENSE00003618181	3	10961008	11062273					10961008	10960824	11079426	418	550	10985273	10985405
ENSG00000127616	ENSG00000127616.23	ENST00000924732	ENST00000924732.1	10986189	10986593	356	760	ENSE00003525604	4	10961008	11062273					10961008	10960824	11079426	551	955	10986189	10986593
ENSG00000127616	ENSG00000127616.23	ENST00000924732	ENST00000924732.1	10986905	10987003	761	859	ENSE00003604554	5	10961008	11062273					10961008	10960824	11079426	956	1054	10986905	10987003
ENSG00000127616	ENSG00000127616.23	ENST00000924732	ENST00000924732.1	10987666	10987924	860	1118	ENSE00003531833	6	10961008	11062273					10961008	10960824	11079426	1055	1313	10987666	10987924
ENSG00000127616	ENSG00000127616.23	ENST00000924732	ENST00000924732.1	10989317	10989443	1119	1245	ENSE00003670957	7	10961008	11062273					10961008	10960824	11079426	1314	1440	10989317	10989443
ENSG00000127616	ENSG00000127616.23	ENST00000924732	ENST00000924732.1	10991150	10991323	1246	1419	ENSE00003607688	8	10961008	11062273					10961008	10960824	11079426	1441	1614	10991150	10991323
ENSG00000127616	ENSG00000127616.23	ENST00000924732	ENST00000924732.1	10994828	10995001	1420	1593	ENSE00003546739	9	10961008	11062273					10961008	10960824	11079426	1615	1788	10994828	10995001
ENSG00000127616	ENSG00000127616.23	ENST00000924732	ENST00000924732.1	10996213	10996380	1594	1761	ENSE00003527768	10	10961008	11062273					10961008	10960824	11079426	1789	1956	10996213	10996380
ENSG00000127616	ENSG00000127616.23	ENST00000924732	ENST00000924732.1	10996494	10996544	1762	1812	ENSE00003667937	11	10961008	11062273					10961008	10960824	11079426	1957	2007	10996494	10996544
ENSG00000127616	ENSG00000127616.23	ENST00000924732	ENST00000924732.1	11003029	11003159	1813	1943	ENSE00003667107	12	10961008	11062273					10961008	10960824	11079426	2008	2138	11003029	11003159
ENSG00000127616	ENSG00000127616.23	ENST00000924732	ENST00000924732.1	11003340	11003397	1944	2001	ENSE00003539754	13	10961008	11062273					10961008	10960824	11079426	2139	2196	11003340	11003397
ENSG00000127616	ENSG00000127616.23	ENST00000924732	ENST00000924732.1	11010381	11010531	2121	2271	ENSE00003530860	15	10961008	11062273					10961008	10960824	11079426	2316	2466	11010381	11010531
ENSG00000127616	ENSG00000127616.23	ENST00000924732	ENST00000924732.1	11012949	11013112	2272	2435	ENSE00003654082	16	10961008	11062273					10961008	10960824	11079426	2467	2630	11012949	11013112
ENSG00000127616	ENSG00000127616.23	ENST00000924732	ENST00000924732.1	11018957	11019023	2436	2502	ENSE00003474879	17	10961008	11062273					10961008	10960824	11079426	2631	2697	11018957	11019023
ENSG00000127616	ENSG00000127616.23	ENST00000924732	ENST00000924732.1	11019591	11019701	2503	2613	ENSE00003477043	18	10961008	11062273					10961008	10960824	11079426	2698	2808	11019591	11019701
ENSG00000127616	ENSG00000127616.23	ENST00000924732	ENST00000924732.1	11021725	11021967	2614	2856	ENSE00003540089	19	10961008	11062273					10961008	10960824	11079426	2809	3051	11021725	11021967
ENSG00000127616	ENSG00000127616.23	ENST00000924732	ENST00000924732.1	11023518	11023631	2857	2970	ENSE00003484961	20	10961008	11062273					10961008	10960824	11079426	3052	3165	11023518	11023631
ENSG00000127616	ENSG00000127616.23	ENST00000924732	ENST00000924732.1	11024331	11024438	2971	3078	ENSE00003553172	21	10961008	11062273					10961008	10960824	11079426	3166	3273	11024331	11024438
ENSG00000127616	ENSG00000127616.23	ENST00000924732	ENST00000924732.1	11025422	11025508	3079	3165	ENSE00003692983	22	10961008	11062273					10961008	10960824	11079426	3274	3360	11025422	11025508
ENSG00000127616	ENSG00000127616.23	ENST00000924732	ENST00000924732.1	11026300	11026346	3166	3212	ENSE00003604518	23	10961008	11062273					10961008	10960824	11079426	3361	3407	11026300	11026346
ENSG00000127616	ENSG00000127616.23	ENST00000924732	ENST00000924732.1	11027784	11027950	3213	3379	ENSE00003459233	24	10961008	11062273					10961008	10960824	11079426	3408	3574	11027784	11027950
ENSG00000127616	ENSG00000127616.23	ENST00000924732	ENST00000924732.1	11030730	11030893	3380	3543	ENSE00003676000	25	10961008	11062273					10961008	10960824	11079426	3575	3738	11030730	11030893
ENSG00000127616	ENSG00000127616.23	ENST00000924732	ENST00000924732.1	11033290	11033517	3544	3771	ENSE00003655405	26	10961008	11062273					10961008	10960824	11079426	3739	3966	11033290	11033517
ENSG00000127616	ENSG00000127616.23	ENST00000924732	ENST00000924732.1	11034123	11034200	3772	3849	ENSE00003703701	27	10961008	11062273					10961008	10960824	11079426	3967	4044	11034123	11034200
ENSG00000127616	ENSG00000127616.23	ENST00000924732	ENST00000924732.1	11034914	11035132	3850	4068	ENSE00003708931	28	10961008	11062273					10961008	10960824	11079426	4045	4263	11034914	11035132
ENSG00000127616	ENSG00000127616.23	ENST00000924732	ENST00000924732.1	11041298	11041560	4069	4331	ENSE00003707185	29	10961008	11062273					10961008	10960824	11079426	4264	4526	11041298	11041560
ENSG00000127616	ENSG00000127616.23	ENST00000924732	ENST00000924732.1	11058255	11058363	4332	4440	ENSE00003468652	30	10961008	11062273					10961008	10960824	11079426	4527	4635	11058255	11058363
ENSG00000127616	ENSG00000127616.23	ENST00000924732	ENST00000924732.1	11058788	11058889	4441	4542	ENSE00003687872	31	10961008	11062273					10961008	10960824	11079426	4636	4737	11058788	11058889
ENSG00000127616	ENSG00000127616.23	ENST00000924732	ENST00000924732.1	11059753	11059885	4543	4675	ENSE00003582123	32	10961008	11062273					10961008	10960824	11079426	4738	4870	11059753	11059885
ENSG00000127616	ENSG00000127616.23	ENST00000924732	ENST00000924732.1	11060045	11060187	4676	4818	ENSE00003694052	33	10961008	11062273					10961008	10960824	11079426	4871	5013	11060045	11060187
ENSG00000127616	ENSG00000127616.23	ENST00000924732	ENST00000924732.1	11061784	11062273	4819	4851	ENSE00004014465	34	10961008	11062273			11061817	11062273	10961008	10960824	11079426	5014	5046	11061784	11061816
ENSG00000127616	ENSG00000127616.23	ENST00000924732	ENST00000924732.1	11007905	11008023	2002	2120	ENSE00004398385	14	10961008	11062273					10961008	10960824	11079426	2197	2315	11007905	11008023
ENSG00000127616	ENSG00000127616.23	ENST00000924732	ENST00000924732.1	10961008	10961174			ENSE00004398414	1	10961008	11062273	10961008	10961174			10961008	10960824	11079426				
ENSG00000127616	ENSG00000127616.23	ENST00000924733	ENST00000924733.1	10985273	10985405	223	355	ENSE00003618181	3	10961012	11062273					10961012	10960824	11079426	417	549	10985273	10985405
ENSG00000127616	ENSG00000127616.23	ENST00000924733	ENST00000924733.1	10986189	10986593	356	760	ENSE00003525604	4	10961012	11062273					10961012	10960824	11079426	550	954	10986189	10986593
ENSG00000127616	ENSG00000127616.23	ENST00000924733	ENST00000924733.1	10986905	10987003	761	859	ENSE00003604554	5	10961012	11062273					10961012	10960824	11079426	955	1053	10986905	10987003
ENSG00000127616	ENSG00000127616.23	ENST00000924733	ENST00000924733.1	10987666	10987924	860	1118	ENSE00003531833	6	10961012	11062273					10961012	10960824	11079426	1054	1312	10987666	10987924
ENSG00000127616	ENSG00000127616.23	ENST00000924733	ENST00000924733.1	10989317	10989443	1119	1245	ENSE00003670957	7	10961012	11062273					10961012	10960824	11079426	1313	1439	10989317	10989443
ENSG00000127616	ENSG00000127616.23	ENST00000924733	ENST00000924733.1	10991150	10991323	1246	1419	ENSE00003607688	8	10961012	11062273					10961012	10960824	11079426	1440	1613	10991150	10991323
ENSG00000127616	ENSG00000127616.23	ENST00000924733	ENST00000924733.1	10994828	10995001	1420	1593	ENSE00003546739	9	10961012	11062273					10961012	10960824	11079426	1614	1787	10994828	10995001
ENSG00000127616	ENSG00000127616.23	ENST00000924733	ENST00000924733.1	10996213	10996380	1594	1761	ENSE00003527768	10	10961012	11062273					10961012	10960824	11079426	1788	1955	10996213	10996380
ENSG00000127616	ENSG00000127616.23	ENST00000924733	ENST00000924733.1	11003029	11003159	1810	1940	ENSE00003667107	12	10961012	11062273					10961012	10960824	11079426	2004	2134	11003029	11003159
ENSG00000127616	ENSG00000127616.23	ENST00000924733	ENST00000924733.1	11003340	11003397	1941	1998	ENSE00003539754	13	10961012	11062273					10961012	10960824	11079426	2135	2192	11003340	11003397
ENSG00000127616	ENSG00000127616.23	ENST00000924733	ENST00000924733.1	11007902	11008023	1999	2120	ENSE00003581372	14	10961012	11062273					10961012	10960824	11079426	2193	2314	11007902	11008023
ENSG00000127616	ENSG00000127616.23	ENST00000924733	ENST00000924733.1	11010381	11010531	2121	2271	ENSE00003530860	15	10961012	11062273					10961012	10960824	11079426	2315	2465	11010381	11010531
ENSG00000127616	ENSG00000127616.23	ENST00000924733	ENST00000924733.1	11012949	11013112	2272	2435	ENSE00003654082	16	10961012	11062273					10961012	10960824	11079426	2466	2629	11012949	11013112
ENSG00000127616	ENSG00000127616.23	ENST00000924733	ENST00000924733.1	11018957	11019023	2436	2502	ENSE00003474879	17	10961012	11062273					10961012	10960824	11079426	2630	2696	11018957	11019023
ENSG00000127616	ENSG00000127616.23	ENST00000924733	ENST00000924733.1	11019591	11019701	2503	2613	ENSE00003477043	18	10961012	11062273					10961012	10960824	11079426	2697	2807	11019591	11019701
ENSG00000127616	ENSG00000127616.23	ENST00000924733	ENST00000924733.1	11021725	11021967	2614	2856	ENSE00003540089	19	10961012	11062273					10961012	10960824	11079426	2808	3050	11021725	11021967
ENSG00000127616	ENSG00000127616.23	ENST00000924733	ENST00000924733.1	11023518	11023631	2857	2970	ENSE00003484961	20	10961012	11062273					10961012	10960824	11079426	3051	3164	11023518	11023631
ENSG00000127616	ENSG00000127616.23	ENST00000924733	ENST00000924733.1	11024331	11024438	2971	3078	ENSE00003553172	21	10961012	11062273					10961012	10960824	11079426	3165	3272	11024331	11024438
ENSG00000127616	ENSG00000127616.23	ENST00000924733	ENST00000924733.1	11025422	11025508	3079	3165	ENSE00003692983	22	10961012	11062273					10961012	10960824	11079426	3273	3359	11025422	11025508
ENSG00000127616	ENSG00000127616.23	ENST00000924733	ENST00000924733.1	11026300	11026346	3166	3212	ENSE00003604518	23	10961012	11062273					10961012	10960824	11079426	3360	3406	11026300	11026346
ENSG00000127616	ENSG00000127616.23	ENST00000924733	ENST00000924733.1	11027784	11027950	3213	3379	ENSE00003459233	24	10961012	11062273					10961012	10960824	11079426	3407	3573	11027784	11027950
ENSG00000127616	ENSG00000127616.23	ENST00000924733	ENST00000924733.1	11030730	11030893	3380	3543	ENSE00003676000	25	10961012	11062273					10961012	10960824	11079426	3574	3737	11030730	11030893
ENSG00000127616	ENSG00000127616.23	ENST00000924733	ENST00000924733.1	11033290	11033517	3544	3771	ENSE00003655405	26	10961012	11062273					10961012	10960824	11079426	3738	3965	11033290	11033517
ENSG00000127616	ENSG00000127616.23	ENST00000924733	ENST00000924733.1	11034123	11034200	3871	3948	ENSE00003703701	28	10961012	11062273					10961012	10960824	11079426	4065	4142	11034123	11034200
ENSG00000127616	ENSG00000127616.23	ENST00000924733	ENST00000924733.1	11034914	11035132	3949	4167	ENSE00003708931	29	10961012	11062273					10961012	10960824	11079426	4143	4361	11034914	11035132
ENSG00000127616	ENSG00000127616.23	ENST00000924733	ENST00000924733.1	11058788	11058889	4528	4629	ENSE00003687872	32	10961012	11062273					10961012	10960824	11079426	4722	4823	11058788	11058889
ENSG00000127616	ENSG00000127616.23	ENST00000924733	ENST00000924733.1	11059753	11059885	4630	4762	ENSE00003582123	33	10961012	11062273					10961012	10960824	11079426	4824	4956	11059753	11059885
ENSG00000127616	ENSG00000127616.23	ENST00000924733	ENST00000924733.1	11060045	11060187	4763	4905	ENSE00003694052	34	10961012	11062273					10961012	10960824	11079426	4957	5099	11060045	11060187
ENSG00000127616	ENSG00000127616.23	ENST00000924733	ENST00000924733.1	11041307	11041560	4168	4421	ENSE00003547338	30	10961012	11062273					10961012	10960824	11079426	4362	4615	11041307	11041560
ENSG00000127616	ENSG00000127616.23	ENST00000924733	ENST00000924733.1	10984121	10984373	1	222	ENSE00000874191	2	10961012	11062273	10984121	10984151			10961012	10960824	11079426	195	416	10984152	10984373
ENSG00000127616	ENSG00000127616.23	ENST00000924733	ENST00000924733.1	11033767	11033865	3772	3870	ENSE00004014467	27	10961012	11062273					10961012	10960824	11079426	3966	4064	11033767	11033865
ENSG00000127616	ENSG00000127616.23	ENST00000924733	ENST00000924733.1	11061784	11062273	4906	4938	ENSE00004014465	35	10961012	11062273			11061817	11062273	10961012	10960824	11079426	5100	5132	11061784	11061816
ENSG00000127616	ENSG00000127616.23	ENST00000924733	ENST00000924733.1	11058258	11058363	4422	4527	ENSE00001653058	31	10961012	11062273					10961012	10960824	11079426	4616	4721	11058258	11058363
ENSG00000127616	ENSG00000127616.23	ENST00000924733	ENST00000924733.1	10996497	10996544	1762	1809	ENSE00003824071	11	10961012	11062273					10961012	10960824	11079426	1956	2003	10996497	10996544
ENSG00000127616	ENSG00000127616.23	ENST00000924733	ENST00000924733.1	10961012	10961174			ENSE00004398393	1	10961012	11062273	10961012	10961174			10961012	10960824	11079426				
ENSG00000127616	ENSG00000127616.23	ENST00000924734	ENST00000924734.1	10985273	10985405	223	355	ENSE00003618181	4	10961021	11062270					10961021	10960824	11079426	664	796	10985273	10985405
ENSG00000127616	ENSG00000127616.23	ENST00000924734	ENST00000924734.1	10986189	10986593	356	760	ENSE00003525604	5	10961021	11062270					10961021	10960824	11079426	797	1201	10986189	10986593
ENSG00000127616	ENSG00000127616.23	ENST00000924734	ENST00000924734.1	10986905	10987003	761	859	ENSE00003604554	6	10961021	11062270					10961021	10960824	11079426	1202	1300	10986905	10987003
ENSG00000127616	ENSG00000127616.23	ENST00000924734	ENST00000924734.1	10987666	10987924	860	1118	ENSE00003531833	7	10961021	11062270					10961021	10960824	11079426	1301	1559	10987666	10987924
ENSG00000127616	ENSG00000127616.23	ENST00000924734	ENST00000924734.1	10989317	10989443	1119	1245	ENSE00003670957	8	10961021	11062270					10961021	10960824	11079426	1560	1686	10989317	10989443
ENSG00000127616	ENSG00000127616.23	ENST00000924734	ENST00000924734.1	10991150	10991323	1246	1419	ENSE00003607688	9	10961021	11062270					10961021	10960824	11079426	1687	1860	10991150	10991323
ENSG00000127616	ENSG00000127616.23	ENST00000924734	ENST00000924734.1	10994828	10995001	1420	1593	ENSE00003546739	10	10961021	11062270					10961021	10960824	11079426	1861	2034	10994828	10995001
ENSG00000127616	ENSG00000127616.23	ENST00000924734	ENST00000924734.1	10996213	10996380	1594	1761	ENSE00003527768	11	10961021	11062270					10961021	10960824	11079426	2035	2202	10996213	10996380
ENSG00000127616	ENSG00000127616.23	ENST00000924734	ENST00000924734.1	10996494	10996544	1762	1812	ENSE00003667937	12	10961021	11062270					10961021	10960824	11079426	2203	2253	10996494	10996544
ENSG00000127616	ENSG00000127616.23	ENST00000924734	ENST00000924734.1	11003029	11003159	1813	1943	ENSE00003667107	13	10961021	11062270					10961021	10960824	11079426	2254	2384	11003029	11003159
ENSG00000127616	ENSG00000127616.23	ENST00000924734	ENST00000924734.1	11003340	11003397	1944	2001	ENSE00003539754	14	10961021	11062270					10961021	10960824	11079426	2385	2442	11003340	11003397
ENSG00000127616	ENSG00000127616.23	ENST00000924734	ENST00000924734.1	11007902	11008023	2002	2123	ENSE00003581372	15	10961021	11062270					10961021	10960824	11079426	2443	2564	11007902	11008023
ENSG00000127616	ENSG00000127616.23	ENST00000924734	ENST00000924734.1	11010381	11010531	2124	2274	ENSE00003530860	16	10961021	11062270					10961021	10960824	11079426	2565	2715	11010381	11010531
ENSG00000127616	ENSG00000127616.23	ENST00000924734	ENST00000924734.1	11012949	11013112	2275	2438	ENSE00003654082	17	10961021	11062270					10961021	10960824	11079426	2716	2879	11012949	11013112
ENSG00000127616	ENSG00000127616.23	ENST00000924734	ENST00000924734.1	11018957	11019023	2439	2505	ENSE00003474879	18	10961021	11062270					10961021	10960824	11079426	2880	2946	11018957	11019023
ENSG00000127616	ENSG00000127616.23	ENST00000924734	ENST00000924734.1	11019591	11019701	2506	2616	ENSE00003477043	19	10961021	11062270					10961021	10960824	11079426	2947	3057	11019591	11019701
ENSG00000127616	ENSG00000127616.23	ENST00000924734	ENST00000924734.1	11021725	11021967	2617	2859	ENSE00003540089	20	10961021	11062270					10961021	10960824	11079426	3058	3300	11021725	11021967
ENSG00000127616	ENSG00000127616.23	ENST00000924734	ENST00000924734.1	11023518	11023631	2860	2973	ENSE00003484961	21	10961021	11062270					10961021	10960824	11079426	3301	3414	11023518	11023631
ENSG00000127616	ENSG00000127616.23	ENST00000924734	ENST00000924734.1	11024331	11024438	2974	3081	ENSE00003553172	22	10961021	11062270					10961021	10960824	11079426	3415	3522	11024331	11024438
ENSG00000127616	ENSG00000127616.23	ENST00000924734	ENST00000924734.1	11025422	11025508	3082	3168	ENSE00003692983	23	10961021	11062270					10961021	10960824	11079426	3523	3609	11025422	11025508
ENSG00000127616	ENSG00000127616.23	ENST00000924734	ENST00000924734.1	11026300	11026346	3169	3215	ENSE00003604518	24	10961021	11062270					10961021	10960824	11079426	3610	3656	11026300	11026346
ENSG00000127616	ENSG00000127616.23	ENST00000924734	ENST00000924734.1	11027784	11027950	3216	3382	ENSE00003459233	25	10961021	11062270					10961021	10960824	11079426	3657	3823	11027784	11027950
ENSG00000127616	ENSG00000127616.23	ENST00000924734	ENST00000924734.1	11030730	11030893	3383	3546	ENSE00003676000	26	10961021	11062270					10961021	10960824	11079426	3824	3987	11030730	11030893
ENSG00000127616	ENSG00000127616.23	ENST00000924734	ENST00000924734.1	11033290	11033517	3547	3774	ENSE00003655405	27	10961021	11062270					10961021	10960824	11079426	3988	4215	11033290	11033517
ENSG00000127616	ENSG00000127616.23	ENST00000924734	ENST00000924734.1	11034123	11034200	3775	3852	ENSE00003703701	28	10961021	11062270					10961021	10960824	11079426	4216	4293	11034123	11034200
ENSG00000127616	ENSG00000127616.23	ENST00000924734	ENST00000924734.1	11034914	11035132	3853	4071	ENSE00003708931	29	10961021	11062270					10961021	10960824	11079426	4294	4512	11034914	11035132
ENSG00000127616	ENSG00000127616.23	ENST00000924734	ENST00000924734.1	11041298	11041560	4072	4334	ENSE00003707185	30	10961021	11062270					10961021	10960824	11079426	4513	4775	11041298	11041560
ENSG00000127616	ENSG00000127616.23	ENST00000924734	ENST00000924734.1	11058255	11058363	4335	4443	ENSE00003468652	31	10961021	11062270					10961021	10960824	11079426	4776	4884	11058255	11058363
ENSG00000127616	ENSG00000127616.23	ENST00000924734	ENST00000924734.1	11058788	11058889	4444	4545	ENSE00003687872	32	10961021	11062270					10961021	10960824	11079426	4885	4986	11058788	11058889
ENSG00000127616	ENSG00000127616.23	ENST00000924734	ENST00000924734.1	11059753	11059885	4546	4678	ENSE00003582123	33	10961021	11062270					10961021	10960824	11079426	4987	5119	11059753	11059885
ENSG00000127616	ENSG00000127616.23	ENST00000924734	ENST00000924734.1	11060045	11060187	4679	4821	ENSE00003694052	34	10961021	11062270					10961021	10960824	11079426	5120	5262	11060045	11060187
ENSG00000127616	ENSG00000127616.23	ENST00000924734	ENST00000924734.1	10984121	10984373	1	222	ENSE00000874191	3	10961021	11062270	10984121	10984151			10961021	10960824	11079426	442	663	10984152	10984373
ENSG00000127616	ENSG00000127616.23	ENST00000924734	ENST00000924734.1	10961021	10961174			ENSE00004398432	1	10961021	11062270	10961021	10961174			10961021	10960824	11079426				
ENSG00000127616	ENSG00000127616.23	ENST00000924734	ENST00000924734.1	10983456	10983711			ENSE00004398399	2	10961021	11062270	10983456	10983711			10961021	10960824	11079426				
ENSG00000127616	ENSG00000127616.23	ENST00000924734	ENST00000924734.1	11061784	11062270	4822	4854	ENSE00004398410	35	10961021	11062270			11061817	11062270	10961021	10960824	11079426	5263	5295	11061784	11061816
ENSG00000127616	ENSG00000127616.23	ENST00000924735	ENST00000924735.1	10985273	10985405	223	355	ENSE00003618181	3	10961041	11062277					10961041	10960824	11079426	388	520	10985273	10985405
ENSG00000127616	ENSG00000127616.23	ENST00000924735	ENST00000924735.1	10986189	10986593	356	760	ENSE00003525604	4	10961041	11062277					10961041	10960824	11079426	521	925	10986189	10986593
ENSG00000127616	ENSG00000127616.23	ENST00000924735	ENST00000924735.1	10986905	10987003	761	859	ENSE00003604554	5	10961041	11062277					10961041	10960824	11079426	926	1024	10986905	10987003
ENSG00000127616	ENSG00000127616.23	ENST00000924735	ENST00000924735.1	10987666	10987924	860	1118	ENSE00003531833	6	10961041	11062277					10961041	10960824	11079426	1025	1283	10987666	10987924
ENSG00000127616	ENSG00000127616.23	ENST00000924735	ENST00000924735.1	10989317	10989443	1119	1245	ENSE00003670957	7	10961041	11062277					10961041	10960824	11079426	1284	1410	10989317	10989443
ENSG00000127616	ENSG00000127616.23	ENST00000924735	ENST00000924735.1	10991150	10991323	1246	1419	ENSE00003607688	8	10961041	11062277					10961041	10960824	11079426	1411	1584	10991150	10991323
ENSG00000127616	ENSG00000127616.23	ENST00000924735	ENST00000924735.1	10994828	10995001	1420	1593	ENSE00003546739	9	10961041	11062277					10961041	10960824	11079426	1585	1758	10994828	10995001
ENSG00000127616	ENSG00000127616.23	ENST00000924735	ENST00000924735.1	10996213	10996380	1594	1761	ENSE00003527768	10	10961041	11062277					10961041	10960824	11079426	1759	1926	10996213	10996380
ENSG00000127616	ENSG00000127616.23	ENST00000924735	ENST00000924735.1	10996494	10996544	1762	1812	ENSE00003667937	11	10961041	11062277					10961041	10960824	11079426	1927	1977	10996494	10996544
ENSG00000127616	ENSG00000127616.23	ENST00000924735	ENST00000924735.1	11003029	11003159	1813	1943	ENSE00003667107	12	10961041	11062277					10961041	10960824	11079426	1978	2108	11003029	11003159
ENSG00000127616	ENSG00000127616.23	ENST00000924735	ENST00000924735.1	11003340	11003397	1944	2001	ENSE00003539754	13	10961041	11062277					10961041	10960824	11079426	2109	2166	11003340	11003397
ENSG00000127616	ENSG00000127616.23	ENST00000924735	ENST00000924735.1	11007902	11008023	2002	2123	ENSE00003581372	14	10961041	11062277					10961041	10960824	11079426	2167	2288	11007902	11008023
ENSG00000127616	ENSG00000127616.23	ENST00000924735	ENST00000924735.1	11010381	11010531	2124	2274	ENSE00003530860	15	10961041	11062277					10961041	10960824	11079426	2289	2439	11010381	11010531
ENSG00000127616	ENSG00000127616.23	ENST00000924735	ENST00000924735.1	11012949	11013112	2275	2438	ENSE00003654082	16	10961041	11062277					10961041	10960824	11079426	2440	2603	11012949	11013112
ENSG00000127616	ENSG00000127616.23	ENST00000924735	ENST00000924735.1	11018957	11019023	2439	2505	ENSE00003474879	17	10961041	11062277					10961041	10960824	11079426	2604	2670	11018957	11019023
ENSG00000127616	ENSG00000127616.23	ENST00000924735	ENST00000924735.1	11019591	11019701	2506	2616	ENSE00003477043	18	10961041	11062277					10961041	10960824	11079426	2671	2781	11019591	11019701
ENSG00000127616	ENSG00000127616.23	ENST00000924735	ENST00000924735.1	11021725	11021967	2617	2859	ENSE00003540089	19	10961041	11062277					10961041	10960824	11079426	2782	3024	11021725	11021967
ENSG00000127616	ENSG00000127616.23	ENST00000924735	ENST00000924735.1	11023518	11023631	2860	2973	ENSE00003484961	20	10961041	11062277					10961041	10960824	11079426	3025	3138	11023518	11023631
ENSG00000127616	ENSG00000127616.23	ENST00000924735	ENST00000924735.1	11024331	11024438	2974	3081	ENSE00003553172	21	10961041	11062277					10961041	10960824	11079426	3139	3246	11024331	11024438
ENSG00000127616	ENSG00000127616.23	ENST00000924735	ENST00000924735.1	11025422	11025508	3082	3168	ENSE00003692983	22	10961041	11062277					10961041	10960824	11079426	3247	3333	11025422	11025508
ENSG00000127616	ENSG00000127616.23	ENST00000924735	ENST00000924735.1	11026300	11026346	3169	3215	ENSE00003604518	23	10961041	11062277					10961041	10960824	11079426	3334	3380	11026300	11026346
ENSG00000127616	ENSG00000127616.23	ENST00000924735	ENST00000924735.1	11027784	11027950	3216	3382	ENSE00003459233	24	10961041	11062277					10961041	10960824	11079426	3381	3547	11027784	11027950
ENSG00000127616	ENSG00000127616.23	ENST00000924735	ENST00000924735.1	11030730	11030893	3383	3546	ENSE00003676000	25	10961041	11062277					10961041	10960824	11079426	3548	3711	11030730	11030893
ENSG00000127616	ENSG00000127616.23	ENST00000924735	ENST00000924735.1	11033290	11033517	3547	3774	ENSE00003655405	26	10961041	11062277					10961041	10960824	11079426	3712	3939	11033290	11033517
ENSG00000127616	ENSG00000127616.23	ENST00000924735	ENST00000924735.1	11034123	11034200	3775	3852	ENSE00003703701	27	10961041	11062277					10961041	10960824	11079426	3940	4017	11034123	11034200
ENSG00000127616	ENSG00000127616.23	ENST00000924735	ENST00000924735.1	11034914	11035132	3853	4071	ENSE00003708931	28	10961041	11062277					10961041	10960824	11079426	4018	4236	11034914	11035132
ENSG00000127616	ENSG00000127616.23	ENST00000924735	ENST00000924735.1	11059753	11059885	4432	4564	ENSE00003582123	31	10961041	11062277					10961041	10960824	11079426	4597	4729	11059753	11059885
ENSG00000127616	ENSG00000127616.23	ENST00000924735	ENST00000924735.1	11060045	11060187	4565	4707	ENSE00003694052	32	10961041	11062277					10961041	10960824	11079426	4730	4872	11060045	11060187
ENSG00000127616	ENSG00000127616.23	ENST00000924735	ENST00000924735.1	11041307	11041560	4072	4325	ENSE00003547338	29	10961041	11062277					10961041	10960824	11079426	4237	4490	11041307	11041560
ENSG00000127616	ENSG00000127616.23	ENST00000924735	ENST00000924735.1	10984121	10984373	1	222	ENSE00000874191	2	10961041	11062277	10984121	10984151			10961041	10960824	11079426	166	387	10984152	10984373
ENSG00000127616	ENSG00000127616.23	ENST00000924735	ENST00000924735.1	11058258	11058363	4326	4431	ENSE00001653058	30	10961041	11062277					10961041	10960824	11079426	4491	4596	11058258	11058363
ENSG00000127616	ENSG00000127616.23	ENST00000924735	ENST00000924735.1	11061784	11062277	4708	4740	ENSE00004354305	33	10961041	11062277			11061817	11062277	10961041	10960824	11079426	4873	4905	11061784	11061816
ENSG00000127616	ENSG00000127616.23	ENST00000924735	ENST00000924735.1	10961041	10961174			ENSE00004398403	1	10961041	11062277	10961041	10961174			10961041	10960824	11079426				
ENSG00000127616	ENSG00000127616.23	ENST00000924736	ENST00000924736.1	10984124	10984373	1	222	ENSE00002858683	2	10961031	11062263	10984124	10984151			10961031	10960824	11079426	173	394	10984152	10984373
ENSG00000127616	ENSG00000127616.23	ENST00000924736	ENST00000924736.1	10985273	10985405	223	355	ENSE00003618181	3	10961031	11062263					10961031	10960824	11079426	395	527	10985273	10985405
ENSG00000127616	ENSG00000127616.23	ENST00000924736	ENST00000924736.1	10989317	10989443	738	864	ENSE00003670957	6	10961031	11062263					10961031	10960824	11079426	910	1036	10989317	10989443
ENSG00000127616	ENSG00000127616.23	ENST00000924736	ENST00000924736.1	10991150	10991323	865	1038	ENSE00003607688	7	10961031	11062263					10961031	10960824	11079426	1037	1210	10991150	10991323
ENSG00000127616	ENSG00000127616.23	ENST00000924736	ENST00000924736.1	10994828	10995001	1039	1212	ENSE00003546739	8	10961031	11062263					10961031	10960824	11079426	1211	1384	10994828	10995001
ENSG00000127616	ENSG00000127616.23	ENST00000924736	ENST00000924736.1	10996213	10996380	1213	1380	ENSE00003527768	9	10961031	11062263					10961031	10960824	11079426	1385	1552	10996213	10996380
ENSG00000127616	ENSG00000127616.23	ENST00000924736	ENST00000924736.1	10996494	10996544	1381	1431	ENSE00003667937	10	10961031	11062263					10961031	10960824	11079426	1553	1603	10996494	10996544
ENSG00000127616	ENSG00000127616.23	ENST00000924736	ENST00000924736.1	11003029	11003159	1432	1562	ENSE00003667107	11	10961031	11062263					10961031	10960824	11079426	1604	1734	11003029	11003159
ENSG00000127616	ENSG00000127616.23	ENST00000924736	ENST00000924736.1	11003340	11003397	1563	1620	ENSE00003539754	12	10961031	11062263					10961031	10960824	11079426	1735	1792	11003340	11003397
ENSG00000127616	ENSG00000127616.23	ENST00000924736	ENST00000924736.1	11007902	11008023	1621	1742	ENSE00003581372	13	10961031	11062263					10961031	10960824	11079426	1793	1914	11007902	11008023
ENSG00000127616	ENSG00000127616.23	ENST00000924736	ENST00000924736.1	11010381	11010531	1743	1893	ENSE00003530860	14	10961031	11062263					10961031	10960824	11079426	1915	2065	11010381	11010531
ENSG00000127616	ENSG00000127616.23	ENST00000924736	ENST00000924736.1	11012949	11013112	1894	2057	ENSE00003654082	15	10961031	11062263					10961031	10960824	11079426	2066	2229	11012949	11013112
ENSG00000127616	ENSG00000127616.23	ENST00000924736	ENST00000924736.1	11018957	11019023	2058	2124	ENSE00003474879	16	10961031	11062263					10961031	10960824	11079426	2230	2296	11018957	11019023
ENSG00000127616	ENSG00000127616.23	ENST00000924736	ENST00000924736.1	11019591	11019701	2125	2235	ENSE00003477043	17	10961031	11062263					10961031	10960824	11079426	2297	2407	11019591	11019701
ENSG00000127616	ENSG00000127616.23	ENST00000924736	ENST00000924736.1	11021725	11021967	2236	2478	ENSE00003540089	18	10961031	11062263					10961031	10960824	11079426	2408	2650	11021725	11021967
ENSG00000127616	ENSG00000127616.23	ENST00000924736	ENST00000924736.1	11023518	11023631	2479	2592	ENSE00003484961	19	10961031	11062263					10961031	10960824	11079426	2651	2764	11023518	11023631
ENSG00000127616	ENSG00000127616.23	ENST00000924736	ENST00000924736.1	11024331	11024438	2593	2700	ENSE00003553172	20	10961031	11062263					10961031	10960824	11079426	2765	2872	11024331	11024438
ENSG00000127616	ENSG00000127616.23	ENST00000924736	ENST00000924736.1	11025422	11025508	2701	2787	ENSE00003692983	21	10961031	11062263					10961031	10960824	11079426	2873	2959	11025422	11025508
ENSG00000127616	ENSG00000127616.23	ENST00000924736	ENST00000924736.1	11026300	11026346	2788	2834	ENSE00003604518	22	10961031	11062263					10961031	10960824	11079426	2960	3006	11026300	11026346
ENSG00000127616	ENSG00000127616.23	ENST00000924736	ENST00000924736.1	11027784	11027950	2835	3001	ENSE00003459233	23	10961031	11062263					10961031	10960824	11079426	3007	3173	11027784	11027950
ENSG00000127616	ENSG00000127616.23	ENST00000924736	ENST00000924736.1	11030730	11030893	3002	3165	ENSE00003676000	24	10961031	11062263					10961031	10960824	11079426	3174	3337	11030730	11030893
ENSG00000127616	ENSG00000127616.23	ENST00000924736	ENST00000924736.1	11033290	11033517	3166	3393	ENSE00003655405	25	10961031	11062263					10961031	10960824	11079426	3338	3565	11033290	11033517
ENSG00000127616	ENSG00000127616.23	ENST00000924736	ENST00000924736.1	11034123	11034200	3394	3471	ENSE00003703701	26	10961031	11062263					10961031	10960824	11079426	3566	3643	11034123	11034200
ENSG00000127616	ENSG00000127616.23	ENST00000924736	ENST00000924736.1	11034914	11035132	3472	3690	ENSE00003708931	27	10961031	11062263					10961031	10960824	11079426	3644	3862	11034914	11035132
ENSG00000127616	ENSG00000127616.23	ENST00000924736	ENST00000924736.1	11041298	11041560	3691	3953	ENSE00003707185	28	10961031	11062263					10961031	10960824	11079426	3863	4125	11041298	11041560
ENSG00000127616	ENSG00000127616.23	ENST00000924736	ENST00000924736.1	11058255	11058363	3954	4062	ENSE00003468652	29	10961031	11062263					10961031	10960824	11079426	4126	4234	11058255	11058363
ENSG00000127616	ENSG00000127616.23	ENST00000924736	ENST00000924736.1	11058788	11058889	4063	4164	ENSE00003687872	30	10961031	11062263					10961031	10960824	11079426	4235	4336	11058788	11058889
ENSG00000127616	ENSG00000127616.23	ENST00000924736	ENST00000924736.1	11059753	11059885	4165	4297	ENSE00003582123	31	10961031	11062263					10961031	10960824	11079426	4337	4469	11059753	11059885
ENSG00000127616	ENSG00000127616.23	ENST00000924736	ENST00000924736.1	11060045	11060187	4298	4440	ENSE00003694052	32	10961031	11062263					10961031	10960824	11079426	4470	4612	11060045	11060187
ENSG00000127616	ENSG00000127616.23	ENST00000924736	ENST00000924736.1	11061784	11062263	4441	4473	ENSE00003821269	33	10961031	11062263			11061817	11062263	10961031	10960824	11079426	4613	4645	11061784	11061816
ENSG00000127616	ENSG00000127616.23	ENST00000924736	ENST00000924736.1	10961031	10961174			ENSE00004398429	1	10961031	11062263	10961031	10961174			10961031	10960824	11079426				
ENSG00000127616	ENSG00000127616.23	ENST00000924736	ENST00000924736.1	10986189	10986421	356	588	ENSE00004398441	4	10961031	11062263					10961031	10960824	11079426	528	760	10986189	10986421
ENSG00000127616	ENSG00000127616.23	ENST00000924736	ENST00000924736.1	10987776	10987924	589	737	ENSE00004398439	5	10961031	11062263					10961031	10960824	11079426	761	909	10987776	10987924
ENSG00000127616	ENSG00000127616.23	ENST00000924737	ENST00000924737.1	10985273	10985405	223	355	ENSE00003618181	3	10961048	11062273					10961048	10960824	11079426	381	513	10985273	10985405
ENSG00000127616	ENSG00000127616.23	ENST00000924737	ENST00000924737.1	10986189	10986593	356	760	ENSE00003525604	4	10961048	11062273					10961048	10960824	11079426	514	918	10986189	10986593
ENSG00000127616	ENSG00000127616.23	ENST00000924737	ENST00000924737.1	10986905	10987003	761	859	ENSE00003604554	5	10961048	11062273					10961048	10960824	11079426	919	1017	10986905	10987003
ENSG00000127616	ENSG00000127616.23	ENST00000924737	ENST00000924737.1	10987666	10987924	860	1118	ENSE00003531833	6	10961048	11062273					10961048	10960824	11079426	1018	1276	10987666	10987924
ENSG00000127616	ENSG00000127616.23	ENST00000924737	ENST00000924737.1	10989317	10989443	1119	1245	ENSE00003670957	7	10961048	11062273					10961048	10960824	11079426	1277	1403	10989317	10989443
ENSG00000127616	ENSG00000127616.23	ENST00000924737	ENST00000924737.1	10991150	10991323	1246	1419	ENSE00003607688	8	10961048	11062273					10961048	10960824	11079426	1404	1577	10991150	10991323
ENSG00000127616	ENSG00000127616.23	ENST00000924737	ENST00000924737.1	10994828	10995001	1420	1593	ENSE00003546739	9	10961048	11062273					10961048	10960824	11079426	1578	1751	10994828	10995001
ENSG00000127616	ENSG00000127616.23	ENST00000924737	ENST00000924737.1	10996213	10996380	1594	1761	ENSE00003527768	10	10961048	11062273					10961048	10960824	11079426	1752	1919	10996213	10996380
ENSG00000127616	ENSG00000127616.23	ENST00000924737	ENST00000924737.1	10996494	10996544	1762	1812	ENSE00003667937	11	10961048	11062273					10961048	10960824	11079426	1920	1970	10996494	10996544
ENSG00000127616	ENSG00000127616.23	ENST00000924737	ENST00000924737.1	11003029	11003159	1813	1943	ENSE00003667107	12	10961048	11062273					10961048	10960824	11079426	1971	2101	11003029	11003159
ENSG00000127616	ENSG00000127616.23	ENST00000924737	ENST00000924737.1	11003340	11003397	1944	2001	ENSE00003539754	13	10961048	11062273					10961048	10960824	11079426	2102	2159	11003340	11003397
ENSG00000127616	ENSG00000127616.23	ENST00000924737	ENST00000924737.1	11007902	11008023	2002	2123	ENSE00003581372	14	10961048	11062273					10961048	10960824	11079426	2160	2281	11007902	11008023
ENSG00000127616	ENSG00000127616.23	ENST00000924737	ENST00000924737.1	11010381	11010531	2124	2274	ENSE00003530860	15	10961048	11062273					10961048	10960824	11079426	2282	2432	11010381	11010531
ENSG00000127616	ENSG00000127616.23	ENST00000924737	ENST00000924737.1	11012949	11013112	2275	2438	ENSE00003654082	16	10961048	11062273					10961048	10960824	11079426	2433	2596	11012949	11013112
ENSG00000127616	ENSG00000127616.23	ENST00000924737	ENST00000924737.1	11018957	11019023	2439	2505	ENSE00003474879	17	10961048	11062273					10961048	10960824	11079426	2597	2663	11018957	11019023
ENSG00000127616	ENSG00000127616.23	ENST00000924737	ENST00000924737.1	11019591	11019701	2506	2616	ENSE00003477043	18	10961048	11062273					10961048	10960824	11079426	2664	2774	11019591	11019701
ENSG00000127616	ENSG00000127616.23	ENST00000924737	ENST00000924737.1	11021725	11021967	2617	2859	ENSE00003540089	19	10961048	11062273					10961048	10960824	11079426	2775	3017	11021725	11021967
ENSG00000127616	ENSG00000127616.23	ENST00000924737	ENST00000924737.1	11023518	11023631	2860	2973	ENSE00003484961	20	10961048	11062273					10961048	10960824	11079426	3018	3131	11023518	11023631
ENSG00000127616	ENSG00000127616.23	ENST00000924737	ENST00000924737.1	11024331	11024438	2974	3081	ENSE00003553172	21	10961048	11062273					10961048	10960824	11079426	3132	3239	11024331	11024438
ENSG00000127616	ENSG00000127616.23	ENST00000924737	ENST00000924737.1	11025422	11025508	3082	3168	ENSE00003692983	22	10961048	11062273					10961048	10960824	11079426	3240	3326	11025422	11025508
ENSG00000127616	ENSG00000127616.23	ENST00000924737	ENST00000924737.1	11026300	11026346	3169	3215	ENSE00003604518	23	10961048	11062273					10961048	10960824	11079426	3327	3373	11026300	11026346
ENSG00000127616	ENSG00000127616.23	ENST00000924737	ENST00000924737.1	11027784	11027950	3216	3382	ENSE00003459233	24	10961048	11062273					10961048	10960824	11079426	3374	3540	11027784	11027950
ENSG00000127616	ENSG00000127616.23	ENST00000924737	ENST00000924737.1	11030730	11030893	3383	3546	ENSE00003676000	25	10961048	11062273					10961048	10960824	11079426	3541	3704	11030730	11030893
ENSG00000127616	ENSG00000127616.23	ENST00000924737	ENST00000924737.1	11033290	11033517	3547	3774	ENSE00003655405	26	10961048	11062273					10961048	10960824	11079426	3705	3932	11033290	11033517
ENSG00000127616	ENSG00000127616.23	ENST00000924737	ENST00000924737.1	11034914	11035132	3850	4068	ENSE00003708931	28	10961048	11062273					10961048	10960824	11079426	4008	4226	11034914	11035132
ENSG00000127616	ENSG00000127616.23	ENST00000924737	ENST00000924737.1	11058255	11058363	4323	4431	ENSE00003468652	30	10961048	11062273					10961048	10960824	11079426	4481	4589	11058255	11058363
ENSG00000127616	ENSG00000127616.23	ENST00000924737	ENST00000924737.1	11058788	11058889	4432	4533	ENSE00003687872	31	10961048	11062273					10961048	10960824	11079426	4590	4691	11058788	11058889
ENSG00000127616	ENSG00000127616.23	ENST00000924737	ENST00000924737.1	11059753	11059885	4534	4666	ENSE00003582123	32	10961048	11062273					10961048	10960824	11079426	4692	4824	11059753	11059885
ENSG00000127616	ENSG00000127616.23	ENST00000924737	ENST00000924737.1	11060045	11060187	4667	4809	ENSE00003694052	33	10961048	11062273					10961048	10960824	11079426	4825	4967	11060045	11060187
ENSG00000127616	ENSG00000127616.23	ENST00000924737	ENST00000924737.1	11041307	11041560	4069	4322	ENSE00003547338	29	10961048	11062273					10961048	10960824	11079426	4227	4480	11041307	11041560
ENSG00000127616	ENSG00000127616.23	ENST00000924737	ENST00000924737.1	10984121	10984373	1	222	ENSE00000874191	2	10961048	11062273	10984121	10984151			10961048	10960824	11079426	159	380	10984152	10984373
ENSG00000127616	ENSG00000127616.23	ENST00000924737	ENST00000924737.1	11061784	11062273	4810	4842	ENSE00004014465	34	10961048	11062273			11061817	11062273	10961048	10960824	11079426	4968	5000	11061784	11061816
ENSG00000127616	ENSG00000127616.23	ENST00000924737	ENST00000924737.1	10961048	10961174			ENSE00004398395	1	10961048	11062273	10961048	10961174			10961048	10960824	11079426				
ENSG00000127616	ENSG00000127616.23	ENST00000924737	ENST00000924737.1	11034126	11034200	3775	3849	ENSE00004398392	27	10961048	11062273					10961048	10960824	11079426	3933	4007	11034126	11034200
ENSG00000127616	ENSG00000127616.23	ENST00000924738	ENST00000924738.1	10985273	10985405	223	355	ENSE00003618181	3	10961061	11062273					10961061	10960824	11079426	368	500	10985273	10985405
ENSG00000127616	ENSG00000127616.23	ENST00000924738	ENST00000924738.1	10986189	10986593	356	760	ENSE00003525604	4	10961061	11062273					10961061	10960824	11079426	501	905	10986189	10986593
ENSG00000127616	ENSG00000127616.23	ENST00000924738	ENST00000924738.1	10986905	10987003	761	859	ENSE00003604554	5	10961061	11062273					10961061	10960824	11079426	906	1004	10986905	10987003
ENSG00000127616	ENSG00000127616.23	ENST00000924738	ENST00000924738.1	10987666	10987924	860	1118	ENSE00003531833	6	10961061	11062273					10961061	10960824	11079426	1005	1263	10987666	10987924
ENSG00000127616	ENSG00000127616.23	ENST00000924738	ENST00000924738.1	10989317	10989443	1119	1245	ENSE00003670957	7	10961061	11062273					10961061	10960824	11079426	1264	1390	10989317	10989443
ENSG00000127616	ENSG00000127616.23	ENST00000924738	ENST00000924738.1	10991150	10991323	1246	1419	ENSE00003607688	8	10961061	11062273					10961061	10960824	11079426	1391	1564	10991150	10991323
ENSG00000127616	ENSG00000127616.23	ENST00000924738	ENST00000924738.1	10994828	10995001	1420	1593	ENSE00003546739	9	10961061	11062273					10961061	10960824	11079426	1565	1738	10994828	10995001
ENSG00000127616	ENSG00000127616.23	ENST00000924738	ENST00000924738.1	10996213	10996380	1594	1761	ENSE00003527768	10	10961061	11062273					10961061	10960824	11079426	1739	1906	10996213	10996380
ENSG00000127616	ENSG00000127616.23	ENST00000924738	ENST00000924738.1	10996494	10996544	1762	1812	ENSE00003667937	11	10961061	11062273					10961061	10960824	11079426	1907	1957	10996494	10996544
ENSG00000127616	ENSG00000127616.23	ENST00000924738	ENST00000924738.1	11003029	11003159	1813	1943	ENSE00003667107	12	10961061	11062273					10961061	10960824	11079426	1958	2088	11003029	11003159
ENSG00000127616	ENSG00000127616.23	ENST00000924738	ENST00000924738.1	11003340	11003397	1944	2001	ENSE00003539754	13	10961061	11062273					10961061	10960824	11079426	2089	2146	11003340	11003397
ENSG00000127616	ENSG00000127616.23	ENST00000924738	ENST00000924738.1	11007902	11008023	2002	2123	ENSE00003581372	14	10961061	11062273					10961061	10960824	11079426	2147	2268	11007902	11008023
ENSG00000127616	ENSG00000127616.23	ENST00000924738	ENST00000924738.1	11010381	11010531	2124	2274	ENSE00003530860	15	10961061	11062273					10961061	10960824	11079426	2269	2419	11010381	11010531
ENSG00000127616	ENSG00000127616.23	ENST00000924738	ENST00000924738.1	11012949	11013112	2275	2438	ENSE00003654082	16	10961061	11062273					10961061	10960824	11079426	2420	2583	11012949	11013112
ENSG00000127616	ENSG00000127616.23	ENST00000924738	ENST00000924738.1	11018957	11019023	2439	2505	ENSE00003474879	17	10961061	11062273					10961061	10960824	11079426	2584	2650	11018957	11019023
ENSG00000127616	ENSG00000127616.23	ENST00000924738	ENST00000924738.1	11019591	11019701	2506	2616	ENSE00003477043	18	10961061	11062273					10961061	10960824	11079426	2651	2761	11019591	11019701
ENSG00000127616	ENSG00000127616.23	ENST00000924738	ENST00000924738.1	11021725	11021967	2617	2859	ENSE00003540089	19	10961061	11062273					10961061	10960824	11079426	2762	3004	11021725	11021967
ENSG00000127616	ENSG00000127616.23	ENST00000924738	ENST00000924738.1	11023518	11023631	2860	2973	ENSE00003484961	20	10961061	11062273					10961061	10960824	11079426	3005	3118	11023518	11023631
ENSG00000127616	ENSG00000127616.23	ENST00000924738	ENST00000924738.1	11024331	11024438	2974	3081	ENSE00003553172	21	10961061	11062273					10961061	10960824	11079426	3119	3226	11024331	11024438
ENSG00000127616	ENSG00000127616.23	ENST00000924738	ENST00000924738.1	11025422	11025508	3082	3168	ENSE00003692983	22	10961061	11062273					10961061	10960824	11079426	3227	3313	11025422	11025508
ENSG00000127616	ENSG00000127616.23	ENST00000924738	ENST00000924738.1	11026300	11026346	3169	3215	ENSE00003604518	23	10961061	11062273					10961061	10960824	11079426	3314	3360	11026300	11026346
ENSG00000127616	ENSG00000127616.23	ENST00000924738	ENST00000924738.1	11027784	11027950	3216	3382	ENSE00003459233	24	10961061	11062273					10961061	10960824	11079426	3361	3527	11027784	11027950
ENSG00000127616	ENSG00000127616.23	ENST00000924738	ENST00000924738.1	11030730	11030893	3383	3546	ENSE00003676000	25	10961061	11062273					10961061	10960824	11079426	3528	3691	11030730	11030893
ENSG00000127616	ENSG00000127616.23	ENST00000924738	ENST00000924738.1	11033290	11033517	3547	3774	ENSE00003655405	26	10961061	11062273					10961061	10960824	11079426	3692	3919	11033290	11033517
ENSG00000127616	ENSG00000127616.23	ENST00000924738	ENST00000924738.1	11034123	11034200	3775	3852	ENSE00003703701	27	10961061	11062273					10961061	10960824	11079426	3920	3997	11034123	11034200
ENSG00000127616	ENSG00000127616.23	ENST00000924738	ENST00000924738.1	11034914	11035132	3853	4071	ENSE00003708931	28	10961061	11062273					10961061	10960824	11079426	3998	4216	11034914	11035132
ENSG00000127616	ENSG00000127616.23	ENST00000924738	ENST00000924738.1	11039458	11039553	4072	4167	ENSE00003707782	29	10961061	11062273					10961061	10960824	11079426	4217	4312	11039458	11039553
ENSG00000127616	ENSG00000127616.23	ENST00000924738	ENST00000924738.1	11041298	11041560	4168	4430	ENSE00003707185	30	10961061	11062273					10961061	10960824	11079426	4313	4575	11041298	11041560
ENSG00000127616	ENSG00000127616.23	ENST00000924738	ENST00000924738.1	11058788	11058889	4537	4638	ENSE00003687872	32	10961061	11062273					10961061	10960824	11079426	4682	4783	11058788	11058889
ENSG00000127616	ENSG00000127616.23	ENST00000924738	ENST00000924738.1	11059753	11059885	4639	4771	ENSE00003582123	33	10961061	11062273					10961061	10960824	11079426	4784	4916	11059753	11059885
ENSG00000127616	ENSG00000127616.23	ENST00000924738	ENST00000924738.1	11060045	11060187	4772	4914	ENSE00003694052	34	10961061	11062273					10961061	10960824	11079426	4917	5059	11060045	11060187
ENSG00000127616	ENSG00000127616.23	ENST00000924738	ENST00000924738.1	10984121	10984373	1	222	ENSE00000874191	2	10961061	11062273	10984121	10984151			10961061	10960824	11079426	146	367	10984152	10984373
ENSG00000127616	ENSG00000127616.23	ENST00000924738	ENST00000924738.1	11061784	11062273	4915	4947	ENSE00004014465	35	10961061	11062273			11061817	11062273	10961061	10960824	11079426	5060	5092	11061784	11061816
ENSG00000127616	ENSG00000127616.23	ENST00000924738	ENST00000924738.1	11058258	11058363	4431	4536	ENSE00001653058	31	10961061	11062273					10961061	10960824	11079426	4576	4681	11058258	11058363
ENSG00000127616	ENSG00000127616.23	ENST00000924738	ENST00000924738.1	10961061	10961174			ENSE00004398438	1	10961061	11062273	10961061	10961174			10961061	10960824	11079426				
ENSG00000127616	ENSG00000127616.23	ENST00000924739	ENST00000924739.1	10984124	10984373	1	222	ENSE00002858683	3	10960882	11062067	10984124	10984151			10960882	10960824	11079426	485	706	10984152	10984373
ENSG00000127616	ENSG00000127616.23	ENST00000924739	ENST00000924739.1	10985273	10985405	223	355	ENSE00003618181	4	10960882	11062067					10960882	10960824	11079426	707	839	10985273	10985405
ENSG00000127616	ENSG00000127616.23	ENST00000924739	ENST00000924739.1	10986189	10986593	356	760	ENSE00003525604	5	10960882	11062067					10960882	10960824	11079426	840	1244	10986189	10986593
ENSG00000127616	ENSG00000127616.23	ENST00000924739	ENST00000924739.1	10986905	10987003	761	859	ENSE00003604554	6	10960882	11062067					10960882	10960824	11079426	1245	1343	10986905	10987003
ENSG00000127616	ENSG00000127616.23	ENST00000924739	ENST00000924739.1	10987666	10987924	860	1118	ENSE00003531833	7	10960882	11062067					10960882	10960824	11079426	1344	1602	10987666	10987924
ENSG00000127616	ENSG00000127616.23	ENST00000924739	ENST00000924739.1	10989317	10989443	1119	1245	ENSE00003670957	8	10960882	11062067					10960882	10960824	11079426	1603	1729	10989317	10989443
ENSG00000127616	ENSG00000127616.23	ENST00000924739	ENST00000924739.1	10991150	10991323	1246	1419	ENSE00003607688	9	10960882	11062067					10960882	10960824	11079426	1730	1903	10991150	10991323
ENSG00000127616	ENSG00000127616.23	ENST00000924739	ENST00000924739.1	10994828	10995001	1420	1593	ENSE00003546739	10	10960882	11062067					10960882	10960824	11079426	1904	2077	10994828	10995001
ENSG00000127616	ENSG00000127616.23	ENST00000924739	ENST00000924739.1	10996213	10996380	1594	1761	ENSE00003527768	11	10960882	11062067					10960882	10960824	11079426	2078	2245	10996213	10996380
ENSG00000127616	ENSG00000127616.23	ENST00000924739	ENST00000924739.1	10996494	10996544	1762	1812	ENSE00003667937	12	10960882	11062067					10960882	10960824	11079426	2246	2296	10996494	10996544
ENSG00000127616	ENSG00000127616.23	ENST00000924739	ENST00000924739.1	11003029	11003159	1813	1943	ENSE00003667107	13	10960882	11062067					10960882	10960824	11079426	2297	2427	11003029	11003159
ENSG00000127616	ENSG00000127616.23	ENST00000924739	ENST00000924739.1	11003340	11003397	1944	2001	ENSE00003539754	14	10960882	11062067					10960882	10960824	11079426	2428	2485	11003340	11003397
ENSG00000127616	ENSG00000127616.23	ENST00000924739	ENST00000924739.1	11007902	11008023	2002	2123	ENSE00003581372	15	10960882	11062067					10960882	10960824	11079426	2486	2607	11007902	11008023
ENSG00000127616	ENSG00000127616.23	ENST00000924739	ENST00000924739.1	11010381	11010531	2124	2274	ENSE00003530860	16	10960882	11062067					10960882	10960824	11079426	2608	2758	11010381	11010531
ENSG00000127616	ENSG00000127616.23	ENST00000924739	ENST00000924739.1	11012949	11013112	2275	2438	ENSE00003654082	17	10960882	11062067					10960882	10960824	11079426	2759	2922	11012949	11013112
ENSG00000127616	ENSG00000127616.23	ENST00000924739	ENST00000924739.1	11018957	11019023	2439	2505	ENSE00003474879	18	10960882	11062067					10960882	10960824	11079426	2923	2989	11018957	11019023
ENSG00000127616	ENSG00000127616.23	ENST00000924739	ENST00000924739.1	11019591	11019701	2506	2616	ENSE00003477043	19	10960882	11062067					10960882	10960824	11079426	2990	3100	11019591	11019701
ENSG00000127616	ENSG00000127616.23	ENST00000924739	ENST00000924739.1	11021725	11021967	2617	2859	ENSE00003540089	20	10960882	11062067					10960882	10960824	11079426	3101	3343	11021725	11021967
ENSG00000127616	ENSG00000127616.23	ENST00000924739	ENST00000924739.1	11023518	11023631	2860	2973	ENSE00003484961	21	10960882	11062067					10960882	10960824	11079426	3344	3457	11023518	11023631
ENSG00000127616	ENSG00000127616.23	ENST00000924739	ENST00000924739.1	11024331	11024438	2974	3081	ENSE00003553172	22	10960882	11062067					10960882	10960824	11079426	3458	3565	11024331	11024438
ENSG00000127616	ENSG00000127616.23	ENST00000924739	ENST00000924739.1	11025422	11025508	3082	3168	ENSE00003692983	23	10960882	11062067					10960882	10960824	11079426	3566	3652	11025422	11025508
ENSG00000127616	ENSG00000127616.23	ENST00000924739	ENST00000924739.1	11026300	11026346	3169	3215	ENSE00003604518	24	10960882	11062067					10960882	10960824	11079426	3653	3699	11026300	11026346
ENSG00000127616	ENSG00000127616.23	ENST00000924739	ENST00000924739.1	11027784	11027950	3216	3382	ENSE00003459233	25	10960882	11062067					10960882	10960824	11079426	3700	3866	11027784	11027950
ENSG00000127616	ENSG00000127616.23	ENST00000924739	ENST00000924739.1	11030730	11030893	3383	3546	ENSE00003676000	26	10960882	11062067					10960882	10960824	11079426	3867	4030	11030730	11030893
ENSG00000127616	ENSG00000127616.23	ENST00000924739	ENST00000924739.1	11033290	11033517	3547	3774	ENSE00003655405	27	10960882	11062067					10960882	10960824	11079426	4031	4258	11033290	11033517
ENSG00000127616	ENSG00000127616.23	ENST00000924739	ENST00000924739.1	11034123	11034200	3775	3852	ENSE00003703701	28	10960882	11062067					10960882	10960824	11079426	4259	4336	11034123	11034200
ENSG00000127616	ENSG00000127616.23	ENST00000924739	ENST00000924739.1	11034914	11035132	3853	4071	ENSE00003708931	29	10960882	11062067					10960882	10960824	11079426	4337	4555	11034914	11035132
ENSG00000127616	ENSG00000127616.23	ENST00000924739	ENST00000924739.1	11058255	11058363	4326	4434	ENSE00003468652	31	10960882	11062067					10960882	10960824	11079426	4810	4918	11058255	11058363
ENSG00000127616	ENSG00000127616.23	ENST00000924739	ENST00000924739.1	11058788	11058889	4435	4536	ENSE00003687872	32	10960882	11062067					10960882	10960824	11079426	4919	5020	11058788	11058889
ENSG00000127616	ENSG00000127616.23	ENST00000924739	ENST00000924739.1	11059753	11059885	4537	4669	ENSE00003582123	33	10960882	11062067					10960882	10960824	11079426	5021	5153	11059753	11059885
ENSG00000127616	ENSG00000127616.23	ENST00000924739	ENST00000924739.1	11060045	11060187	4670	4812	ENSE00003694052	34	10960882	11062067					10960882	10960824	11079426	5154	5296	11060045	11060187
ENSG00000127616	ENSG00000127616.23	ENST00000924739	ENST00000924739.1	11041307	11041560	4072	4325	ENSE00003547338	30	10960882	11062067					10960882	10960824	11079426	4556	4809	11041307	11041560
ENSG00000127616	ENSG00000127616.23	ENST00000924739	ENST00000924739.1	10977653	10977815			ENSE00002772903	2	10960882	11062067	10977653	10977815			10960882	10960824	11079426				
ENSG00000127616	ENSG00000127616.23	ENST00000924739	ENST00000924739.1	10960882	10961174			ENSE00004398425	1	10960882	11062067	10960882	10961174			10960882	10960824	11079426				
ENSG00000127616	ENSG00000127616.23	ENST00000924739	ENST00000924739.1	11061784	11062067	4813	4845	ENSE00004398402	35	10960882	11062067			11061817	11062067	10960882	10960824	11079426	5297	5329	11061784	11061816
ENSG00000127616	ENSG00000127616.23	ENST00000924740	ENST00000924740.1	10985273	10985405	223	355	ENSE00003618181	4	10960961	11062057					10960961	10960824	11079426	631	763	10985273	10985405
ENSG00000127616	ENSG00000127616.23	ENST00000924740	ENST00000924740.1	10986189	10986593	356	760	ENSE00003525604	5	10960961	11062057					10960961	10960824	11079426	764	1168	10986189	10986593
ENSG00000127616	ENSG00000127616.23	ENST00000924740	ENST00000924740.1	10986905	10987003	761	859	ENSE00003604554	6	10960961	11062057					10960961	10960824	11079426	1169	1267	10986905	10987003
ENSG00000127616	ENSG00000127616.23	ENST00000924740	ENST00000924740.1	10987666	10987924	860	1118	ENSE00003531833	7	10960961	11062057					10960961	10960824	11079426	1268	1526	10987666	10987924
ENSG00000127616	ENSG00000127616.23	ENST00000924740	ENST00000924740.1	10989317	10989443	1119	1245	ENSE00003670957	8	10960961	11062057					10960961	10960824	11079426	1527	1653	10989317	10989443
ENSG00000127616	ENSG00000127616.23	ENST00000924740	ENST00000924740.1	10991150	10991323	1246	1419	ENSE00003607688	9	10960961	11062057					10960961	10960824	11079426	1654	1827	10991150	10991323
ENSG00000127616	ENSG00000127616.23	ENST00000924740	ENST00000924740.1	10994828	10995001	1420	1593	ENSE00003546739	10	10960961	11062057					10960961	10960824	11079426	1828	2001	10994828	10995001
ENSG00000127616	ENSG00000127616.23	ENST00000924740	ENST00000924740.1	10996213	10996380	1594	1761	ENSE00003527768	11	10960961	11062057					10960961	10960824	11079426	2002	2169	10996213	10996380
ENSG00000127616	ENSG00000127616.23	ENST00000924740	ENST00000924740.1	10996494	10996544	1762	1812	ENSE00003667937	12	10960961	11062057					10960961	10960824	11079426	2170	2220	10996494	10996544
ENSG00000127616	ENSG00000127616.23	ENST00000924740	ENST00000924740.1	11003029	11003159	1813	1943	ENSE00003667107	13	10960961	11062057					10960961	10960824	11079426	2221	2351	11003029	11003159
ENSG00000127616	ENSG00000127616.23	ENST00000924740	ENST00000924740.1	11003340	11003397	1944	2001	ENSE00003539754	14	10960961	11062057					10960961	10960824	11079426	2352	2409	11003340	11003397
ENSG00000127616	ENSG00000127616.23	ENST00000924740	ENST00000924740.1	11007902	11008023	2002	2123	ENSE00003581372	15	10960961	11062057					10960961	10960824	11079426	2410	2531	11007902	11008023
ENSG00000127616	ENSG00000127616.23	ENST00000924740	ENST00000924740.1	11010381	11010531	2124	2274	ENSE00003530860	16	10960961	11062057					10960961	10960824	11079426	2532	2682	11010381	11010531
ENSG00000127616	ENSG00000127616.23	ENST00000924740	ENST00000924740.1	11012949	11013112	2275	2438	ENSE00003654082	17	10960961	11062057					10960961	10960824	11079426	2683	2846	11012949	11013112
ENSG00000127616	ENSG00000127616.23	ENST00000924740	ENST00000924740.1	11018957	11019023	2439	2505	ENSE00003474879	18	10960961	11062057					10960961	10960824	11079426	2847	2913	11018957	11019023
ENSG00000127616	ENSG00000127616.23	ENST00000924740	ENST00000924740.1	11019591	11019701	2506	2616	ENSE00003477043	19	10960961	11062057					10960961	10960824	11079426	2914	3024	11019591	11019701
ENSG00000127616	ENSG00000127616.23	ENST00000924740	ENST00000924740.1	11021725	11021967	2617	2859	ENSE00003540089	20	10960961	11062057					10960961	10960824	11079426	3025	3267	11021725	11021967
ENSG00000127616	ENSG00000127616.23	ENST00000924740	ENST00000924740.1	11023518	11023631	2860	2973	ENSE00003484961	21	10960961	11062057					10960961	10960824	11079426	3268	3381	11023518	11023631
ENSG00000127616	ENSG00000127616.23	ENST00000924740	ENST00000924740.1	11024331	11024438	2974	3081	ENSE00003553172	22	10960961	11062057					10960961	10960824	11079426	3382	3489	11024331	11024438
ENSG00000127616	ENSG00000127616.23	ENST00000924740	ENST00000924740.1	11025422	11025508	3082	3168	ENSE00003692983	23	10960961	11062057					10960961	10960824	11079426	3490	3576	11025422	11025508
ENSG00000127616	ENSG00000127616.23	ENST00000924740	ENST00000924740.1	11026300	11026346	3169	3215	ENSE00003604518	24	10960961	11062057					10960961	10960824	11079426	3577	3623	11026300	11026346
ENSG00000127616	ENSG00000127616.23	ENST00000924740	ENST00000924740.1	11027784	11027950	3216	3382	ENSE00003459233	25	10960961	11062057					10960961	10960824	11079426	3624	3790	11027784	11027950
ENSG00000127616	ENSG00000127616.23	ENST00000924740	ENST00000924740.1	11030730	11030893	3383	3546	ENSE00003676000	26	10960961	11062057					10960961	10960824	11079426	3791	3954	11030730	11030893
ENSG00000127616	ENSG00000127616.23	ENST00000924740	ENST00000924740.1	11033290	11033517	3547	3774	ENSE00003655405	27	10960961	11062057					10960961	10960824	11079426	3955	4182	11033290	11033517
ENSG00000127616	ENSG00000127616.23	ENST00000924740	ENST00000924740.1	11034123	11034200	3775	3852	ENSE00003703701	28	10960961	11062057					10960961	10960824	11079426	4183	4260	11034123	11034200
ENSG00000127616	ENSG00000127616.23	ENST00000924740	ENST00000924740.1	11034914	11035132	3853	4071	ENSE00003708931	29	10960961	11062057					10960961	10960824	11079426	4261	4479	11034914	11035132
ENSG00000127616	ENSG00000127616.23	ENST00000924740	ENST00000924740.1	11058788	11058889	4432	4533	ENSE00003687872	32	10960961	11062057					10960961	10960824	11079426	4840	4941	11058788	11058889
ENSG00000127616	ENSG00000127616.23	ENST00000924740	ENST00000924740.1	11059753	11059885	4534	4666	ENSE00003582123	33	10960961	11062057					10960961	10960824	11079426	4942	5074	11059753	11059885
ENSG00000127616	ENSG00000127616.23	ENST00000924740	ENST00000924740.1	11060045	11060187	4667	4809	ENSE00003694052	34	10960961	11062057					10960961	10960824	11079426	5075	5217	11060045	11060187
ENSG00000127616	ENSG00000127616.23	ENST00000924740	ENST00000924740.1	11041307	11041560	4072	4325	ENSE00003547338	30	10960961	11062057					10960961	10960824	11079426	4480	4733	11041307	11041560
ENSG00000127616	ENSG00000127616.23	ENST00000924740	ENST00000924740.1	10984121	10984373	1	222	ENSE00000874191	3	10960961	11062057	10984121	10984151			10960961	10960824	11079426	409	630	10984152	10984373
ENSG00000127616	ENSG00000127616.23	ENST00000924740	ENST00000924740.1	11058258	11058363	4326	4431	ENSE00001653058	31	10960961	11062057					10960961	10960824	11079426	4734	4839	11058258	11058363
ENSG00000127616	ENSG00000127616.23	ENST00000924740	ENST00000924740.1	10977653	10977815			ENSE00002772903	2	10960961	11062057	10977653	10977815			10960961	10960824	11079426				
ENSG00000127616	ENSG00000127616.23	ENST00000924740	ENST00000924740.1	10960961	10961174			ENSE00004398386	1	10960961	11062057	10960961	10961174			10960961	10960824	11079426				
ENSG00000127616	ENSG00000127616.23	ENST00000924740	ENST00000924740.1	11061784	11062057	4810	4842	ENSE00004398384	35	10960961	11062057			11061817	11062057	10960961	10960824	11079426	5218	5250	11061784	11061816
ENSG00000127616	ENSG00000127616.23	ENST00000924741	ENST00000924741.1	10985273	10985405	223	355	ENSE00003618181	3	10960983	11062059					10960983	10960824	11079426	446	578	10985273	10985405
ENSG00000127616	ENSG00000127616.23	ENST00000924741	ENST00000924741.1	10986189	10986593	356	760	ENSE00003525604	4	10960983	11062059					10960983	10960824	11079426	579	983	10986189	10986593
ENSG00000127616	ENSG00000127616.23	ENST00000924741	ENST00000924741.1	10986905	10987003	761	859	ENSE00003604554	5	10960983	11062059					10960983	10960824	11079426	984	1082	10986905	10987003
ENSG00000127616	ENSG00000127616.23	ENST00000924741	ENST00000924741.1	10987666	10987924	860	1118	ENSE00003531833	6	10960983	11062059					10960983	10960824	11079426	1083	1341	10987666	10987924
ENSG00000127616	ENSG00000127616.23	ENST00000924741	ENST00000924741.1	10989317	10989443	1119	1245	ENSE00003670957	7	10960983	11062059					10960983	10960824	11079426	1342	1468	10989317	10989443
ENSG00000127616	ENSG00000127616.23	ENST00000924741	ENST00000924741.1	10991150	10991323	1246	1419	ENSE00003607688	8	10960983	11062059					10960983	10960824	11079426	1469	1642	10991150	10991323
ENSG00000127616	ENSG00000127616.23	ENST00000924741	ENST00000924741.1	10994828	10995001	1420	1593	ENSE00003546739	9	10960983	11062059					10960983	10960824	11079426	1643	1816	10994828	10995001
ENSG00000127616	ENSG00000127616.23	ENST00000924741	ENST00000924741.1	10996213	10996380	1594	1761	ENSE00003527768	10	10960983	11062059					10960983	10960824	11079426	1817	1984	10996213	10996380
ENSG00000127616	ENSG00000127616.23	ENST00000924741	ENST00000924741.1	10996494	10996544	1762	1812	ENSE00003667937	11	10960983	11062059					10960983	10960824	11079426	1985	2035	10996494	10996544
ENSG00000127616	ENSG00000127616.23	ENST00000924741	ENST00000924741.1	11003029	11003159	1813	1943	ENSE00003667107	12	10960983	11062059					10960983	10960824	11079426	2036	2166	11003029	11003159
ENSG00000127616	ENSG00000127616.23	ENST00000924741	ENST00000924741.1	11003340	11003397	1944	2001	ENSE00003539754	13	10960983	11062059					10960983	10960824	11079426	2167	2224	11003340	11003397
ENSG00000127616	ENSG00000127616.23	ENST00000924741	ENST00000924741.1	11010381	11010531	2121	2271	ENSE00003530860	15	10960983	11062059					10960983	10960824	11079426	2344	2494	11010381	11010531
ENSG00000127616	ENSG00000127616.23	ENST00000924741	ENST00000924741.1	11012949	11013112	2272	2435	ENSE00003654082	16	10960983	11062059					10960983	10960824	11079426	2495	2658	11012949	11013112
ENSG00000127616	ENSG00000127616.23	ENST00000924741	ENST00000924741.1	11018957	11019023	2436	2502	ENSE00003474879	17	10960983	11062059					10960983	10960824	11079426	2659	2725	11018957	11019023
ENSG00000127616	ENSG00000127616.23	ENST00000924741	ENST00000924741.1	11019591	11019701	2503	2613	ENSE00003477043	18	10960983	11062059					10960983	10960824	11079426	2726	2836	11019591	11019701
ENSG00000127616	ENSG00000127616.23	ENST00000924741	ENST00000924741.1	11021725	11021967	2614	2856	ENSE00003540089	19	10960983	11062059					10960983	10960824	11079426	2837	3079	11021725	11021967
ENSG00000127616	ENSG00000127616.23	ENST00000924741	ENST00000924741.1	11023518	11023631	2857	2970	ENSE00003484961	20	10960983	11062059					10960983	10960824	11079426	3080	3193	11023518	11023631
ENSG00000127616	ENSG00000127616.23	ENST00000924741	ENST00000924741.1	11024331	11024438	2971	3078	ENSE00003553172	21	10960983	11062059					10960983	10960824	11079426	3194	3301	11024331	11024438
ENSG00000127616	ENSG00000127616.23	ENST00000924741	ENST00000924741.1	11025422	11025508	3079	3165	ENSE00003692983	22	10960983	11062059					10960983	10960824	11079426	3302	3388	11025422	11025508
ENSG00000127616	ENSG00000127616.23	ENST00000924741	ENST00000924741.1	11026300	11026346	3166	3212	ENSE00003604518	23	10960983	11062059					10960983	10960824	11079426	3389	3435	11026300	11026346
ENSG00000127616	ENSG00000127616.23	ENST00000924741	ENST00000924741.1	11027784	11027950	3213	3379	ENSE00003459233	24	10960983	11062059					10960983	10960824	11079426	3436	3602	11027784	11027950
ENSG00000127616	ENSG00000127616.23	ENST00000924741	ENST00000924741.1	11030730	11030893	3380	3543	ENSE00003676000	25	10960983	11062059					10960983	10960824	11079426	3603	3766	11030730	11030893
ENSG00000127616	ENSG00000127616.23	ENST00000924741	ENST00000924741.1	11033290	11033517	3544	3771	ENSE00003655405	26	10960983	11062059					10960983	10960824	11079426	3767	3994	11033290	11033517
ENSG00000127616	ENSG00000127616.23	ENST00000924741	ENST00000924741.1	11034123	11034200	3871	3948	ENSE00003703701	28	10960983	11062059					10960983	10960824	11079426	4094	4171	11034123	11034200
ENSG00000127616	ENSG00000127616.23	ENST00000924741	ENST00000924741.1	11034914	11035132	3949	4167	ENSE00003708931	29	10960983	11062059					10960983	10960824	11079426	4172	4390	11034914	11035132
ENSG00000127616	ENSG00000127616.23	ENST00000924741	ENST00000924741.1	11058255	11058363	4422	4530	ENSE00003468652	31	10960983	11062059					10960983	10960824	11079426	4645	4753	11058255	11058363
ENSG00000127616	ENSG00000127616.23	ENST00000924741	ENST00000924741.1	11058788	11058889	4531	4632	ENSE00003687872	32	10960983	11062059					10960983	10960824	11079426	4754	4855	11058788	11058889
ENSG00000127616	ENSG00000127616.23	ENST00000924741	ENST00000924741.1	11059753	11059885	4633	4765	ENSE00003582123	33	10960983	11062059					10960983	10960824	11079426	4856	4988	11059753	11059885
ENSG00000127616	ENSG00000127616.23	ENST00000924741	ENST00000924741.1	11060045	11060187	4766	4908	ENSE00003694052	34	10960983	11062059					10960983	10960824	11079426	4989	5131	11060045	11060187
ENSG00000127616	ENSG00000127616.23	ENST00000924741	ENST00000924741.1	11041307	11041560	4168	4421	ENSE00003547338	30	10960983	11062059					10960983	10960824	11079426	4391	4644	11041307	11041560
ENSG00000127616	ENSG00000127616.23	ENST00000924741	ENST00000924741.1	10984121	10984373	1	222	ENSE00000874191	2	10960983	11062059	10984121	10984151			10960983	10960824	11079426	224	445	10984152	10984373
ENSG00000127616	ENSG00000127616.23	ENST00000924741	ENST00000924741.1	11033767	11033865	3772	3870	ENSE00004014467	27	10960983	11062059					10960983	10960824	11079426	3995	4093	11033767	11033865
ENSG00000127616	ENSG00000127616.23	ENST00000924741	ENST00000924741.1	11007905	11008023	2002	2120	ENSE00004398385	14	10960983	11062059					10960983	10960824	11079426	2225	2343	11007905	11008023
ENSG00000127616	ENSG00000127616.23	ENST00000924741	ENST00000924741.1	10960983	10961174			ENSE00004398398	1	10960983	11062059	10960983	10961174			10960983	10960824	11079426				
ENSG00000127616	ENSG00000127616.23	ENST00000924741	ENST00000924741.1	11061784	11062059	4909	4941	ENSE00004398412	35	10960983	11062059			11061817	11062059	10960983	10960824	11079426	5132	5164	11061784	11061816
ENSG00000127616	ENSG00000127616.23	ENST00000924742	ENST00000924742.1	10985273	10985405	223	355	ENSE00003618181	3	10961001	11062064					10961001	10960824	11079426	428	560	10985273	10985405
ENSG00000127616	ENSG00000127616.23	ENST00000924742	ENST00000924742.1	10986189	10986593	356	760	ENSE00003525604	4	10961001	11062064					10961001	10960824	11079426	561	965	10986189	10986593
ENSG00000127616	ENSG00000127616.23	ENST00000924742	ENST00000924742.1	10986905	10987003	761	859	ENSE00003604554	5	10961001	11062064					10961001	10960824	11079426	966	1064	10986905	10987003
ENSG00000127616	ENSG00000127616.23	ENST00000924742	ENST00000924742.1	10987666	10987924	860	1118	ENSE00003531833	6	10961001	11062064					10961001	10960824	11079426	1065	1323	10987666	10987924
ENSG00000127616	ENSG00000127616.23	ENST00000924742	ENST00000924742.1	10989317	10989443	1119	1245	ENSE00003670957	7	10961001	11062064					10961001	10960824	11079426	1324	1450	10989317	10989443
ENSG00000127616	ENSG00000127616.23	ENST00000924742	ENST00000924742.1	10991150	10991323	1246	1419	ENSE00003607688	8	10961001	11062064					10961001	10960824	11079426	1451	1624	10991150	10991323
ENSG00000127616	ENSG00000127616.23	ENST00000924742	ENST00000924742.1	10994828	10995001	1420	1593	ENSE00003546739	9	10961001	11062064					10961001	10960824	11079426	1625	1798	10994828	10995001
ENSG00000127616	ENSG00000127616.23	ENST00000924742	ENST00000924742.1	10996213	10996380	1594	1761	ENSE00003527768	10	10961001	11062064					10961001	10960824	11079426	1799	1966	10996213	10996380
ENSG00000127616	ENSG00000127616.23	ENST00000924742	ENST00000924742.1	10996494	10996544	1762	1812	ENSE00003667937	11	10961001	11062064					10961001	10960824	11079426	1967	2017	10996494	10996544
ENSG00000127616	ENSG00000127616.23	ENST00000924742	ENST00000924742.1	11003029	11003159	1813	1943	ENSE00003667107	12	10961001	11062064					10961001	10960824	11079426	2018	2148	11003029	11003159
ENSG00000127616	ENSG00000127616.23	ENST00000924742	ENST00000924742.1	11003340	11003397	1944	2001	ENSE00003539754	13	10961001	11062064					10961001	10960824	11079426	2149	2206	11003340	11003397
ENSG00000127616	ENSG00000127616.23	ENST00000924742	ENST00000924742.1	11010381	11010531	2121	2271	ENSE00003530860	15	10961001	11062064					10961001	10960824	11079426	2326	2476	11010381	11010531
ENSG00000127616	ENSG00000127616.23	ENST00000924742	ENST00000924742.1	11012949	11013112	2272	2435	ENSE00003654082	16	10961001	11062064					10961001	10960824	11079426	2477	2640	11012949	11013112
ENSG00000127616	ENSG00000127616.23	ENST00000924742	ENST00000924742.1	11018957	11019023	2436	2502	ENSE00003474879	17	10961001	11062064					10961001	10960824	11079426	2641	2707	11018957	11019023
ENSG00000127616	ENSG00000127616.23	ENST00000924742	ENST00000924742.1	11019591	11019701	2503	2613	ENSE00003477043	18	10961001	11062064					10961001	10960824	11079426	2708	2818	11019591	11019701
ENSG00000127616	ENSG00000127616.23	ENST00000924742	ENST00000924742.1	11021725	11021967	2614	2856	ENSE00003540089	19	10961001	11062064					10961001	10960824	11079426	2819	3061	11021725	11021967
ENSG00000127616	ENSG00000127616.23	ENST00000924742	ENST00000924742.1	11023518	11023631	2857	2970	ENSE00003484961	20	10961001	11062064					10961001	10960824	11079426	3062	3175	11023518	11023631
ENSG00000127616	ENSG00000127616.23	ENST00000924742	ENST00000924742.1	11024331	11024438	2971	3078	ENSE00003553172	21	10961001	11062064					10961001	10960824	11079426	3176	3283	11024331	11024438
ENSG00000127616	ENSG00000127616.23	ENST00000924742	ENST00000924742.1	11025422	11025508	3079	3165	ENSE00003692983	22	10961001	11062064					10961001	10960824	11079426	3284	3370	11025422	11025508
ENSG00000127616	ENSG00000127616.23	ENST00000924742	ENST00000924742.1	11026300	11026346	3166	3212	ENSE00003604518	23	10961001	11062064					10961001	10960824	11079426	3371	3417	11026300	11026346
ENSG00000127616	ENSG00000127616.23	ENST00000924742	ENST00000924742.1	11027784	11027950	3213	3379	ENSE00003459233	24	10961001	11062064					10961001	10960824	11079426	3418	3584	11027784	11027950
ENSG00000127616	ENSG00000127616.23	ENST00000924742	ENST00000924742.1	11030730	11030893	3380	3543	ENSE00003676000	25	10961001	11062064					10961001	10960824	11079426	3585	3748	11030730	11030893
ENSG00000127616	ENSG00000127616.23	ENST00000924742	ENST00000924742.1	11033290	11033517	3544	3771	ENSE00003655405	26	10961001	11062064					10961001	10960824	11079426	3749	3976	11033290	11033517
ENSG00000127616	ENSG00000127616.23	ENST00000924742	ENST00000924742.1	11034123	11034200	3871	3948	ENSE00003703701	28	10961001	11062064					10961001	10960824	11079426	4076	4153	11034123	11034200
ENSG00000127616	ENSG00000127616.23	ENST00000924742	ENST00000924742.1	11034914	11035132	3949	4167	ENSE00003708931	29	10961001	11062064					10961001	10960824	11079426	4154	4372	11034914	11035132
ENSG00000127616	ENSG00000127616.23	ENST00000924742	ENST00000924742.1	11041298	11041560	4168	4430	ENSE00003707185	30	10961001	11062064					10961001	10960824	11079426	4373	4635	11041298	11041560
ENSG00000127616	ENSG00000127616.23	ENST00000924742	ENST00000924742.1	11058255	11058363	4431	4539	ENSE00003468652	31	10961001	11062064					10961001	10960824	11079426	4636	4744	11058255	11058363
ENSG00000127616	ENSG00000127616.23	ENST00000924742	ENST00000924742.1	11058788	11058889	4540	4641	ENSE00003687872	32	10961001	11062064					10961001	10960824	11079426	4745	4846	11058788	11058889
ENSG00000127616	ENSG00000127616.23	ENST00000924742	ENST00000924742.1	11059753	11059885	4642	4774	ENSE00003582123	33	10961001	11062064					10961001	10960824	11079426	4847	4979	11059753	11059885
ENSG00000127616	ENSG00000127616.23	ENST00000924742	ENST00000924742.1	11060045	11060187	4775	4917	ENSE00003694052	34	10961001	11062064					10961001	10960824	11079426	4980	5122	11060045	11060187
ENSG00000127616	ENSG00000127616.23	ENST00000924742	ENST00000924742.1	10984121	10984373	1	222	ENSE00000874191	2	10961001	11062064	10984121	10984151			10961001	10960824	11079426	206	427	10984152	10984373
ENSG00000127616	ENSG00000127616.23	ENST00000924742	ENST00000924742.1	11033767	11033865	3772	3870	ENSE00004014467	27	10961001	11062064					10961001	10960824	11079426	3977	4075	11033767	11033865
ENSG00000127616	ENSG00000127616.23	ENST00000924742	ENST00000924742.1	10961001	10961174			ENSE00002230732	1	10961001	11062064	10961001	10961174			10961001	10960824	11079426				
ENSG00000127616	ENSG00000127616.23	ENST00000924742	ENST00000924742.1	11007905	11008023	2002	2120	ENSE00004398385	14	10961001	11062064					10961001	10960824	11079426	2207	2325	11007905	11008023
ENSG00000127616	ENSG00000127616.23	ENST00000924742	ENST00000924742.1	11061784	11062064	4918	4950	ENSE00004398408	35	10961001	11062064			11061817	11062064	10961001	10960824	11079426	5123	5155	11061784	11061816
ENSG00000127616	ENSG00000127616.23	ENST00000924743	ENST00000924743.1	10985273	10985405	223	355	ENSE00003618181	4	10961002	11062057					10961002	10960824	11079426	503	635	10985273	10985405
ENSG00000127616	ENSG00000127616.23	ENST00000924743	ENST00000924743.1	10986189	10986593	356	760	ENSE00003525604	5	10961002	11062057					10961002	10960824	11079426	636	1040	10986189	10986593
ENSG00000127616	ENSG00000127616.23	ENST00000924743	ENST00000924743.1	10986905	10987003	761	859	ENSE00003604554	6	10961002	11062057					10961002	10960824	11079426	1041	1139	10986905	10987003
ENSG00000127616	ENSG00000127616.23	ENST00000924743	ENST00000924743.1	10987666	10987924	860	1118	ENSE00003531833	7	10961002	11062057					10961002	10960824	11079426	1140	1398	10987666	10987924
ENSG00000127616	ENSG00000127616.23	ENST00000924743	ENST00000924743.1	10989317	10989443	1119	1245	ENSE00003670957	8	10961002	11062057					10961002	10960824	11079426	1399	1525	10989317	10989443
ENSG00000127616	ENSG00000127616.23	ENST00000924743	ENST00000924743.1	10991150	10991323	1246	1419	ENSE00003607688	9	10961002	11062057					10961002	10960824	11079426	1526	1699	10991150	10991323
ENSG00000127616	ENSG00000127616.23	ENST00000924743	ENST00000924743.1	10994828	10995001	1420	1593	ENSE00003546739	10	10961002	11062057					10961002	10960824	11079426	1700	1873	10994828	10995001
ENSG00000127616	ENSG00000127616.23	ENST00000924743	ENST00000924743.1	10996213	10996380	1594	1761	ENSE00003527768	11	10961002	11062057					10961002	10960824	11079426	1874	2041	10996213	10996380
ENSG00000127616	ENSG00000127616.23	ENST00000924743	ENST00000924743.1	10996494	10996544	1762	1812	ENSE00003667937	12	10961002	11062057					10961002	10960824	11079426	2042	2092	10996494	10996544
ENSG00000127616	ENSG00000127616.23	ENST00000924743	ENST00000924743.1	11003029	11003159	1813	1943	ENSE00003667107	13	10961002	11062057					10961002	10960824	11079426	2093	2223	11003029	11003159
ENSG00000127616	ENSG00000127616.23	ENST00000924743	ENST00000924743.1	11003340	11003397	1944	2001	ENSE00003539754	14	10961002	11062057					10961002	10960824	11079426	2224	2281	11003340	11003397
ENSG00000127616	ENSG00000127616.23	ENST00000924743	ENST00000924743.1	11007902	11008023	2002	2123	ENSE00003581372	15	10961002	11062057					10961002	10960824	11079426	2282	2403	11007902	11008023
ENSG00000127616	ENSG00000127616.23	ENST00000924743	ENST00000924743.1	11010381	11010531	2124	2274	ENSE00003530860	16	10961002	11062057					10961002	10960824	11079426	2404	2554	11010381	11010531
ENSG00000127616	ENSG00000127616.23	ENST00000924743	ENST00000924743.1	11012949	11013112	2275	2438	ENSE00003654082	17	10961002	11062057					10961002	10960824	11079426	2555	2718	11012949	11013112
ENSG00000127616	ENSG00000127616.23	ENST00000924743	ENST00000924743.1	11018957	11019023	2439	2505	ENSE00003474879	18	10961002	11062057					10961002	10960824	11079426	2719	2785	11018957	11019023
ENSG00000127616	ENSG00000127616.23	ENST00000924743	ENST00000924743.1	11019591	11019701	2506	2616	ENSE00003477043	19	10961002	11062057					10961002	10960824	11079426	2786	2896	11019591	11019701
ENSG00000127616	ENSG00000127616.23	ENST00000924743	ENST00000924743.1	11021725	11021967	2617	2859	ENSE00003540089	20	10961002	11062057					10961002	10960824	11079426	2897	3139	11021725	11021967
ENSG00000127616	ENSG00000127616.23	ENST00000924743	ENST00000924743.1	11023518	11023631	2860	2973	ENSE00003484961	21	10961002	11062057					10961002	10960824	11079426	3140	3253	11023518	11023631
ENSG00000127616	ENSG00000127616.23	ENST00000924743	ENST00000924743.1	11024331	11024438	2974	3081	ENSE00003553172	22	10961002	11062057					10961002	10960824	11079426	3254	3361	11024331	11024438
ENSG00000127616	ENSG00000127616.23	ENST00000924743	ENST00000924743.1	11025422	11025508	3082	3168	ENSE00003692983	23	10961002	11062057					10961002	10960824	11079426	3362	3448	11025422	11025508
ENSG00000127616	ENSG00000127616.23	ENST00000924743	ENST00000924743.1	11026300	11026346	3169	3215	ENSE00003604518	24	10961002	11062057					10961002	10960824	11079426	3449	3495	11026300	11026346
ENSG00000127616	ENSG00000127616.23	ENST00000924743	ENST00000924743.1	11027784	11027950	3216	3382	ENSE00003459233	25	10961002	11062057					10961002	10960824	11079426	3496	3662	11027784	11027950
ENSG00000127616	ENSG00000127616.23	ENST00000924743	ENST00000924743.1	11030730	11030893	3383	3546	ENSE00003676000	26	10961002	11062057					10961002	10960824	11079426	3663	3826	11030730	11030893
ENSG00000127616	ENSG00000127616.23	ENST00000924743	ENST00000924743.1	11033290	11033517	3547	3774	ENSE00003655405	27	10961002	11062057					10961002	10960824	11079426	3827	4054	11033290	11033517
ENSG00000127616	ENSG00000127616.23	ENST00000924743	ENST00000924743.1	11034123	11034200	3775	3852	ENSE00003703701	28	10961002	11062057					10961002	10960824	11079426	4055	4132	11034123	11034200
ENSG00000127616	ENSG00000127616.23	ENST00000924743	ENST00000924743.1	11034914	11035132	3853	4071	ENSE00003708931	29	10961002	11062057					10961002	10960824	11079426	4133	4351	11034914	11035132
ENSG00000127616	ENSG00000127616.23	ENST00000924743	ENST00000924743.1	11039458	11039553	4072	4167	ENSE00003707782	30	10961002	11062057					10961002	10960824	11079426	4352	4447	11039458	11039553
ENSG00000127616	ENSG00000127616.23	ENST00000924743	ENST00000924743.1	11058255	11058363	4422	4530	ENSE00003468652	32	10961002	11062057					10961002	10960824	11079426	4702	4810	11058255	11058363
ENSG00000127616	ENSG00000127616.23	ENST00000924743	ENST00000924743.1	11058788	11058889	4531	4632	ENSE00003687872	33	10961002	11062057					10961002	10960824	11079426	4811	4912	11058788	11058889
ENSG00000127616	ENSG00000127616.23	ENST00000924743	ENST00000924743.1	11059753	11059885	4633	4765	ENSE00003582123	34	10961002	11062057					10961002	10960824	11079426	4913	5045	11059753	11059885
ENSG00000127616	ENSG00000127616.23	ENST00000924743	ENST00000924743.1	11060045	11060187	4766	4908	ENSE00003694052	35	10961002	11062057					10961002	10960824	11079426	5046	5188	11060045	11060187
ENSG00000127616	ENSG00000127616.23	ENST00000924743	ENST00000924743.1	11041307	11041560	4168	4421	ENSE00003547338	31	10961002	11062057					10961002	10960824	11079426	4448	4701	11041307	11041560
ENSG00000127616	ENSG00000127616.23	ENST00000924743	ENST00000924743.1	10984121	10984373	1	222	ENSE00000874191	3	10961002	11062057	10984121	10984151			10961002	10960824	11079426	281	502	10984152	10984373
ENSG00000127616	ENSG00000127616.23	ENST00000924743	ENST00000924743.1	10980777	10980852			ENSE00001670830	2	10961002	11062057	10980777	10980852			10961002	10960824	11079426				
ENSG00000127616	ENSG00000127616.23	ENST00000924743	ENST00000924743.1	10961002	10961174			ENSE00004398405	1	10961002	11062057	10961002	10961174			10961002	10960824	11079426				
ENSG00000127616	ENSG00000127616.23	ENST00000924743	ENST00000924743.1	11061784	11062057	4909	4941	ENSE00004398384	36	10961002	11062057			11061817	11062057	10961002	10960824	11079426	5189	5221	11061784	11061816
ENSG00000127616	ENSG00000127616.23	ENST00000924744	ENST00000924744.1	10984124	10984373	1	222	ENSE00002858683	2	10961022	11062069	10984124	10984151			10961022	10960824	11079426	182	403	10984152	10984373
ENSG00000127616	ENSG00000127616.23	ENST00000924744	ENST00000924744.1	10985273	10985405	223	355	ENSE00003618181	3	10961022	11062069					10961022	10960824	11079426	404	536	10985273	10985405
ENSG00000127616	ENSG00000127616.23	ENST00000924744	ENST00000924744.1	10986189	10986593	356	760	ENSE00003525604	4	10961022	11062069					10961022	10960824	11079426	537	941	10986189	10986593
ENSG00000127616	ENSG00000127616.23	ENST00000924744	ENST00000924744.1	10986905	10987003	761	859	ENSE00003604554	5	10961022	11062069					10961022	10960824	11079426	942	1040	10986905	10987003
ENSG00000127616	ENSG00000127616.23	ENST00000924744	ENST00000924744.1	10987666	10987924	860	1118	ENSE00003531833	6	10961022	11062069					10961022	10960824	11079426	1041	1299	10987666	10987924
ENSG00000127616	ENSG00000127616.23	ENST00000924744	ENST00000924744.1	10989317	10989443	1119	1245	ENSE00003670957	7	10961022	11062069					10961022	10960824	11079426	1300	1426	10989317	10989443
ENSG00000127616	ENSG00000127616.23	ENST00000924744	ENST00000924744.1	10991150	10991323	1246	1419	ENSE00003607688	8	10961022	11062069					10961022	10960824	11079426	1427	1600	10991150	10991323
ENSG00000127616	ENSG00000127616.23	ENST00000924744	ENST00000924744.1	10994828	10995001	1420	1593	ENSE00003546739	9	10961022	11062069					10961022	10960824	11079426	1601	1774	10994828	10995001
ENSG00000127616	ENSG00000127616.23	ENST00000924744	ENST00000924744.1	10996213	10996380	1594	1761	ENSE00003527768	10	10961022	11062069					10961022	10960824	11079426	1775	1942	10996213	10996380
ENSG00000127616	ENSG00000127616.23	ENST00000924744	ENST00000924744.1	10996494	10996544	1762	1812	ENSE00003667937	11	10961022	11062069					10961022	10960824	11079426	1943	1993	10996494	10996544
ENSG00000127616	ENSG00000127616.23	ENST00000924744	ENST00000924744.1	11003029	11003159	1813	1943	ENSE00003667107	12	10961022	11062069					10961022	10960824	11079426	1994	2124	11003029	11003159
ENSG00000127616	ENSG00000127616.23	ENST00000924744	ENST00000924744.1	11003340	11003397	1944	2001	ENSE00003539754	13	10961022	11062069					10961022	10960824	11079426	2125	2182	11003340	11003397
ENSG00000127616	ENSG00000127616.23	ENST00000924744	ENST00000924744.1	11010381	11010531	2118	2268	ENSE00003530860	15	10961022	11062069					10961022	10960824	11079426	2299	2449	11010381	11010531
ENSG00000127616	ENSG00000127616.23	ENST00000924744	ENST00000924744.1	11012949	11013112	2269	2432	ENSE00003654082	16	10961022	11062069					10961022	10960824	11079426	2450	2613	11012949	11013112
ENSG00000127616	ENSG00000127616.23	ENST00000924744	ENST00000924744.1	11018957	11019023	2433	2499	ENSE00003474879	17	10961022	11062069					10961022	10960824	11079426	2614	2680	11018957	11019023
ENSG00000127616	ENSG00000127616.23	ENST00000924744	ENST00000924744.1	11019591	11019701	2500	2610	ENSE00003477043	18	10961022	11062069					10961022	10960824	11079426	2681	2791	11019591	11019701
ENSG00000127616	ENSG00000127616.23	ENST00000924744	ENST00000924744.1	11021725	11021967	2611	2853	ENSE00003540089	19	10961022	11062069					10961022	10960824	11079426	2792	3034	11021725	11021967
ENSG00000127616	ENSG00000127616.23	ENST00000924744	ENST00000924744.1	11023518	11023631	2854	2967	ENSE00003484961	20	10961022	11062069					10961022	10960824	11079426	3035	3148	11023518	11023631
ENSG00000127616	ENSG00000127616.23	ENST00000924744	ENST00000924744.1	11024331	11024438	2968	3075	ENSE00003553172	21	10961022	11062069					10961022	10960824	11079426	3149	3256	11024331	11024438
ENSG00000127616	ENSG00000127616.23	ENST00000924744	ENST00000924744.1	11025422	11025508	3076	3162	ENSE00003692983	22	10961022	11062069					10961022	10960824	11079426	3257	3343	11025422	11025508
ENSG00000127616	ENSG00000127616.23	ENST00000924744	ENST00000924744.1	11026300	11026346	3163	3209	ENSE00003604518	23	10961022	11062069					10961022	10960824	11079426	3344	3390	11026300	11026346
ENSG00000127616	ENSG00000127616.23	ENST00000924744	ENST00000924744.1	11027784	11027950	3210	3376	ENSE00003459233	24	10961022	11062069					10961022	10960824	11079426	3391	3557	11027784	11027950
ENSG00000127616	ENSG00000127616.23	ENST00000924744	ENST00000924744.1	11030730	11030893	3377	3540	ENSE00003676000	25	10961022	11062069					10961022	10960824	11079426	3558	3721	11030730	11030893
ENSG00000127616	ENSG00000127616.23	ENST00000924744	ENST00000924744.1	11033290	11033517	3541	3768	ENSE00003655405	26	10961022	11062069					10961022	10960824	11079426	3722	3949	11033290	11033517
ENSG00000127616	ENSG00000127616.23	ENST00000924744	ENST00000924744.1	11034123	11034200	3769	3846	ENSE00003703701	27	10961022	11062069					10961022	10960824	11079426	3950	4027	11034123	11034200
ENSG00000127616	ENSG00000127616.23	ENST00000924744	ENST00000924744.1	11034914	11035132	3847	4065	ENSE00003708931	28	10961022	11062069					10961022	10960824	11079426	4028	4246	11034914	11035132
ENSG00000127616	ENSG00000127616.23	ENST00000924744	ENST00000924744.1	11058788	11058889	4426	4527	ENSE00003687872	31	10961022	11062069					10961022	10960824	11079426	4607	4708	11058788	11058889
ENSG00000127616	ENSG00000127616.23	ENST00000924744	ENST00000924744.1	11059753	11059885	4528	4660	ENSE00003582123	32	10961022	11062069					10961022	10960824	11079426	4709	4841	11059753	11059885
ENSG00000127616	ENSG00000127616.23	ENST00000924744	ENST00000924744.1	11060045	11060187	4661	4803	ENSE00003694052	33	10961022	11062069					10961022	10960824	11079426	4842	4984	11060045	11060187
ENSG00000127616	ENSG00000127616.23	ENST00000924744	ENST00000924744.1	11041307	11041560	4066	4319	ENSE00003547338	29	10961022	11062069					10961022	10960824	11079426	4247	4500	11041307	11041560
ENSG00000127616	ENSG00000127616.23	ENST00000924744	ENST00000924744.1	11058258	11058363	4320	4425	ENSE00001653058	30	10961022	11062069					10961022	10960824	11079426	4501	4606	11058258	11058363
ENSG00000127616	ENSG00000127616.23	ENST00000924744	ENST00000924744.1	10961022	10961174			ENSE00004398436	1	10961022	11062069	10961022	10961174			10961022	10960824	11079426				
ENSG00000127616	ENSG00000127616.23	ENST00000924744	ENST00000924744.1	11007908	11008023	2002	2117	ENSE00004398391	14	10961022	11062069					10961022	10960824	11079426	2183	2298	11007908	11008023
ENSG00000127616	ENSG00000127616.23	ENST00000924744	ENST00000924744.1	11061784	11062069	4804	4836	ENSE00004398406	34	10961022	11062069			11061817	11062069	10961022	10960824	11079426	4985	5017	11061784	11061816
ENSG00000127616	ENSG00000127616.23	ENST00000924745	ENST00000924745.1	10985273	10985405	223	355	ENSE00003618181	3	10961033	11062070					10961033	10960824	11079426	396	528	10985273	10985405
ENSG00000127616	ENSG00000127616.23	ENST00000924745	ENST00000924745.1	10986189	10986593	356	760	ENSE00003525604	4	10961033	11062070					10961033	10960824	11079426	529	933	10986189	10986593
ENSG00000127616	ENSG00000127616.23	ENST00000924745	ENST00000924745.1	10986905	10987003	761	859	ENSE00003604554	5	10961033	11062070					10961033	10960824	11079426	934	1032	10986905	10987003
ENSG00000127616	ENSG00000127616.23	ENST00000924745	ENST00000924745.1	10987666	10987924	860	1118	ENSE00003531833	6	10961033	11062070					10961033	10960824	11079426	1033	1291	10987666	10987924
ENSG00000127616	ENSG00000127616.23	ENST00000924745	ENST00000924745.1	10989317	10989443	1119	1245	ENSE00003670957	7	10961033	11062070					10961033	10960824	11079426	1292	1418	10989317	10989443
ENSG00000127616	ENSG00000127616.23	ENST00000924745	ENST00000924745.1	10991150	10991323	1246	1419	ENSE00003607688	8	10961033	11062070					10961033	10960824	11079426	1419	1592	10991150	10991323
ENSG00000127616	ENSG00000127616.23	ENST00000924745	ENST00000924745.1	10994828	10995001	1420	1593	ENSE00003546739	9	10961033	11062070					10961033	10960824	11079426	1593	1766	10994828	10995001
ENSG00000127616	ENSG00000127616.23	ENST00000924745	ENST00000924745.1	10996213	10996380	1594	1761	ENSE00003527768	10	10961033	11062070					10961033	10960824	11079426	1767	1934	10996213	10996380
ENSG00000127616	ENSG00000127616.23	ENST00000924745	ENST00000924745.1	10996494	10996544	1762	1812	ENSE00003667937	11	10961033	11062070					10961033	10960824	11079426	1935	1985	10996494	10996544
ENSG00000127616	ENSG00000127616.23	ENST00000924745	ENST00000924745.1	11003029	11003159	1813	1943	ENSE00003667107	12	10961033	11062070					10961033	10960824	11079426	1986	2116	11003029	11003159
ENSG00000127616	ENSG00000127616.23	ENST00000924745	ENST00000924745.1	11003340	11003397	1944	2001	ENSE00003539754	13	10961033	11062070					10961033	10960824	11079426	2117	2174	11003340	11003397
ENSG00000127616	ENSG00000127616.23	ENST00000924745	ENST00000924745.1	11007902	11008023	2002	2123	ENSE00003581372	14	10961033	11062070					10961033	10960824	11079426	2175	2296	11007902	11008023
ENSG00000127616	ENSG00000127616.23	ENST00000924745	ENST00000924745.1	11010381	11010531	2124	2274	ENSE00003530860	15	10961033	11062070					10961033	10960824	11079426	2297	2447	11010381	11010531
ENSG00000127616	ENSG00000127616.23	ENST00000924745	ENST00000924745.1	11012949	11013112	2275	2438	ENSE00003654082	16	10961033	11062070					10961033	10960824	11079426	2448	2611	11012949	11013112
ENSG00000127616	ENSG00000127616.23	ENST00000924745	ENST00000924745.1	11018957	11019023	2439	2505	ENSE00003474879	17	10961033	11062070					10961033	10960824	11079426	2612	2678	11018957	11019023
ENSG00000127616	ENSG00000127616.23	ENST00000924745	ENST00000924745.1	11019591	11019701	2506	2616	ENSE00003477043	18	10961033	11062070					10961033	10960824	11079426	2679	2789	11019591	11019701
ENSG00000127616	ENSG00000127616.23	ENST00000924745	ENST00000924745.1	11021725	11021967	2617	2859	ENSE00003540089	19	10961033	11062070					10961033	10960824	11079426	2790	3032	11021725	11021967
ENSG00000127616	ENSG00000127616.23	ENST00000924745	ENST00000924745.1	11023518	11023631	2860	2973	ENSE00003484961	20	10961033	11062070					10961033	10960824	11079426	3033	3146	11023518	11023631
ENSG00000127616	ENSG00000127616.23	ENST00000924745	ENST00000924745.1	11024331	11024438	2974	3081	ENSE00003553172	21	10961033	11062070					10961033	10960824	11079426	3147	3254	11024331	11024438
ENSG00000127616	ENSG00000127616.23	ENST00000924745	ENST00000924745.1	11025422	11025508	3082	3168	ENSE00003692983	22	10961033	11062070					10961033	10960824	11079426	3255	3341	11025422	11025508
ENSG00000127616	ENSG00000127616.23	ENST00000924745	ENST00000924745.1	11026300	11026346	3169	3215	ENSE00003604518	23	10961033	11062070					10961033	10960824	11079426	3342	3388	11026300	11026346
ENSG00000127616	ENSG00000127616.23	ENST00000924745	ENST00000924745.1	11027784	11027950	3216	3382	ENSE00003459233	24	10961033	11062070					10961033	10960824	11079426	3389	3555	11027784	11027950
ENSG00000127616	ENSG00000127616.23	ENST00000924745	ENST00000924745.1	11030730	11030893	3383	3546	ENSE00003676000	25	10961033	11062070					10961033	10960824	11079426	3556	3719	11030730	11030893
ENSG00000127616	ENSG00000127616.23	ENST00000924745	ENST00000924745.1	11033290	11033517	3547	3774	ENSE00003655405	26	10961033	11062070					10961033	10960824	11079426	3720	3947	11033290	11033517
ENSG00000127616	ENSG00000127616.23	ENST00000924745	ENST00000924745.1	11034123	11034200	3775	3852	ENSE00003703701	27	10961033	11062070					10961033	10960824	11079426	3948	4025	11034123	11034200
ENSG00000127616	ENSG00000127616.23	ENST00000924745	ENST00000924745.1	11034914	11035132	3853	4071	ENSE00003708931	28	10961033	11062070					10961033	10960824	11079426	4026	4244	11034914	11035132
ENSG00000127616	ENSG00000127616.23	ENST00000924745	ENST00000924745.1	11058255	11058363	4326	4434	ENSE00003468652	30	10961033	11062070					10961033	10960824	11079426	4499	4607	11058255	11058363
ENSG00000127616	ENSG00000127616.23	ENST00000924745	ENST00000924745.1	11058788	11058889	4435	4536	ENSE00003687872	31	10961033	11062070					10961033	10960824	11079426	4608	4709	11058788	11058889
ENSG00000127616	ENSG00000127616.23	ENST00000924745	ENST00000924745.1	11060045	11060187	4643	4785	ENSE00003694052	33	10961033	11062070					10961033	10960824	11079426	4816	4958	11060045	11060187
ENSG00000127616	ENSG00000127616.23	ENST00000924745	ENST00000924745.1	11041307	11041560	4072	4325	ENSE00003547338	29	10961033	11062070					10961033	10960824	11079426	4245	4498	11041307	11041560
ENSG00000127616	ENSG00000127616.23	ENST00000924745	ENST00000924745.1	10984121	10984373	1	222	ENSE00000874191	2	10961033	11062070	10984121	10984151			10961033	10960824	11079426	174	395	10984152	10984373
ENSG00000127616	ENSG00000127616.23	ENST00000924745	ENST00000924745.1	11059780	11059885	4537	4642	ENSE00004398421	32	10961033	11062070					10961033	10960824	11079426	4710	4815	11059780	11059885
ENSG00000127616	ENSG00000127616.23	ENST00000924745	ENST00000924745.1	10961033	10961174			ENSE00004398407	1	10961033	11062070	10961033	10961174			10961033	10960824	11079426				
ENSG00000127616	ENSG00000127616.23	ENST00000924745	ENST00000924745.1	11061784	11062070	4786	4818	ENSE00004398397	34	10961033	11062070			11061817	11062070	10961033	10960824	11079426	4959	4991	11061784	11061816
ENSG00000127616	ENSG00000127616.23	ENST00000924746	ENST00000924746.1	10985273	10985405	223	355	ENSE00003618181	3	10961277	11062274					10961277	10960824	11079426	707	839	10985273	10985405
ENSG00000127616	ENSG00000127616.23	ENST00000924746	ENST00000924746.1	10986189	10986593	356	760	ENSE00003525604	4	10961277	11062274					10961277	10960824	11079426	840	1244	10986189	10986593
ENSG00000127616	ENSG00000127616.23	ENST00000924746	ENST00000924746.1	10986905	10987003	761	859	ENSE00003604554	5	10961277	11062274					10961277	10960824	11079426	1245	1343	10986905	10987003
ENSG00000127616	ENSG00000127616.23	ENST00000924746	ENST00000924746.1	10987666	10987924	860	1118	ENSE00003531833	6	10961277	11062274					10961277	10960824	11079426	1344	1602	10987666	10987924
ENSG00000127616	ENSG00000127616.23	ENST00000924746	ENST00000924746.1	10989317	10989443	1119	1245	ENSE00003670957	7	10961277	11062274					10961277	10960824	11079426	1603	1729	10989317	10989443
ENSG00000127616	ENSG00000127616.23	ENST00000924746	ENST00000924746.1	10991150	10991323	1246	1419	ENSE00003607688	8	10961277	11062274					10961277	10960824	11079426	1730	1903	10991150	10991323
ENSG00000127616	ENSG00000127616.23	ENST00000924746	ENST00000924746.1	10994828	10995001	1420	1593	ENSE00003546739	9	10961277	11062274					10961277	10960824	11079426	1904	2077	10994828	10995001
ENSG00000127616	ENSG00000127616.23	ENST00000924746	ENST00000924746.1	10996213	10996380	1594	1761	ENSE00003527768	10	10961277	11062274					10961277	10960824	11079426	2078	2245	10996213	10996380
ENSG00000127616	ENSG00000127616.23	ENST00000924746	ENST00000924746.1	10996494	10996544	1762	1812	ENSE00003667937	11	10961277	11062274					10961277	10960824	11079426	2246	2296	10996494	10996544
ENSG00000127616	ENSG00000127616.23	ENST00000924746	ENST00000924746.1	11003029	11003159	1813	1943	ENSE00003667107	12	10961277	11062274					10961277	10960824	11079426	2297	2427	11003029	11003159
ENSG00000127616	ENSG00000127616.23	ENST00000924746	ENST00000924746.1	11003340	11003397	1944	2001	ENSE00003539754	13	10961277	11062274					10961277	10960824	11079426	2428	2485	11003340	11003397
ENSG00000127616	ENSG00000127616.23	ENST00000924746	ENST00000924746.1	11007902	11008023	2002	2123	ENSE00003581372	14	10961277	11062274					10961277	10960824	11079426	2486	2607	11007902	11008023
ENSG00000127616	ENSG00000127616.23	ENST00000924746	ENST00000924746.1	11010381	11010531	2124	2274	ENSE00003530860	15	10961277	11062274					10961277	10960824	11079426	2608	2758	11010381	11010531
ENSG00000127616	ENSG00000127616.23	ENST00000924746	ENST00000924746.1	11012949	11013112	2275	2438	ENSE00003654082	16	10961277	11062274					10961277	10960824	11079426	2759	2922	11012949	11013112
ENSG00000127616	ENSG00000127616.23	ENST00000924746	ENST00000924746.1	11018957	11019023	2439	2505	ENSE00003474879	17	10961277	11062274					10961277	10960824	11079426	2923	2989	11018957	11019023
ENSG00000127616	ENSG00000127616.23	ENST00000924746	ENST00000924746.1	11019591	11019701	2506	2616	ENSE00003477043	18	10961277	11062274					10961277	10960824	11079426	2990	3100	11019591	11019701
ENSG00000127616	ENSG00000127616.23	ENST00000924746	ENST00000924746.1	11021725	11021967	2617	2859	ENSE00003540089	19	10961277	11062274					10961277	10960824	11079426	3101	3343	11021725	11021967
ENSG00000127616	ENSG00000127616.23	ENST00000924746	ENST00000924746.1	11023518	11023631	2860	2973	ENSE00003484961	20	10961277	11062274					10961277	10960824	11079426	3344	3457	11023518	11023631
ENSG00000127616	ENSG00000127616.23	ENST00000924746	ENST00000924746.1	11024331	11024438	2974	3081	ENSE00003553172	21	10961277	11062274					10961277	10960824	11079426	3458	3565	11024331	11024438
ENSG00000127616	ENSG00000127616.23	ENST00000924746	ENST00000924746.1	11025422	11025508	3082	3168	ENSE00003692983	22	10961277	11062274					10961277	10960824	11079426	3566	3652	11025422	11025508
ENSG00000127616	ENSG00000127616.23	ENST00000924746	ENST00000924746.1	11026300	11026346	3169	3215	ENSE00003604518	23	10961277	11062274					10961277	10960824	11079426	3653	3699	11026300	11026346
ENSG00000127616	ENSG00000127616.23	ENST00000924746	ENST00000924746.1	11027784	11027950	3216	3382	ENSE00003459233	24	10961277	11062274					10961277	10960824	11079426	3700	3866	11027784	11027950
ENSG00000127616	ENSG00000127616.23	ENST00000924746	ENST00000924746.1	11030730	11030893	3383	3546	ENSE00003676000	25	10961277	11062274					10961277	10960824	11079426	3867	4030	11030730	11030893
ENSG00000127616	ENSG00000127616.23	ENST00000924746	ENST00000924746.1	11033290	11033517	3547	3774	ENSE00003655405	26	10961277	11062274					10961277	10960824	11079426	4031	4258	11033290	11033517
ENSG00000127616	ENSG00000127616.23	ENST00000924746	ENST00000924746.1	11034123	11034200	3775	3852	ENSE00003703701	27	10961277	11062274					10961277	10960824	11079426	4259	4336	11034123	11034200
ENSG00000127616	ENSG00000127616.23	ENST00000924746	ENST00000924746.1	11034914	11035132	3853	4071	ENSE00003708931	28	10961277	11062274					10961277	10960824	11079426	4337	4555	11034914	11035132
ENSG00000127616	ENSG00000127616.23	ENST00000924746	ENST00000924746.1	11058255	11058363	4326	4434	ENSE00003468652	30	10961277	11062274					10961277	10960824	11079426	4810	4918	11058255	11058363
ENSG00000127616	ENSG00000127616.23	ENST00000924746	ENST00000924746.1	11058788	11058889	4435	4536	ENSE00003687872	31	10961277	11062274					10961277	10960824	11079426	4919	5020	11058788	11058889
ENSG00000127616	ENSG00000127616.23	ENST00000924746	ENST00000924746.1	11059753	11059885	4537	4669	ENSE00003582123	32	10961277	11062274					10961277	10960824	11079426	5021	5153	11059753	11059885
ENSG00000127616	ENSG00000127616.23	ENST00000924746	ENST00000924746.1	11060045	11060187	4670	4812	ENSE00003694052	33	10961277	11062274					10961277	10960824	11079426	5154	5296	11060045	11060187
ENSG00000127616	ENSG00000127616.23	ENST00000924746	ENST00000924746.1	11041307	11041560	4072	4325	ENSE00003547338	29	10961277	11062274					10961277	10960824	11079426	4556	4809	11041307	11041560
ENSG00000127616	ENSG00000127616.23	ENST00000924746	ENST00000924746.1	10984121	10984373	1	222	ENSE00000874191	2	10961277	11062274	10984121	10984151			10961277	10960824	11079426	485	706	10984152	10984373
ENSG00000127616	ENSG00000127616.23	ENST00000924746	ENST00000924746.1	11061784	11062274	4813	4845	ENSE00004398440	34	10961277	11062274			11061817	11062274	10961277	10960824	11079426	5297	5329	11061784	11061816
ENSG00000127616	ENSG00000127616.23	ENST00000924746	ENST00000924746.1	10961277	10961729			ENSE00004398426	1	10961277	11062274	10961277	10961729			10961277	10960824	11079426				
ENSG00000127616	ENSG00000127616.23	ENST00000924747	ENST00000924747.1	10985273	10985405	223	355	ENSE00003618181	3	10961060	11062056					10961060	10960824	11079426	369	501	10985273	10985405
ENSG00000127616	ENSG00000127616.23	ENST00000924747	ENST00000924747.1	10986189	10986593	356	760	ENSE00003525604	4	10961060	11062056					10961060	10960824	11079426	502	906	10986189	10986593
ENSG00000127616	ENSG00000127616.23	ENST00000924747	ENST00000924747.1	10986905	10987003	761	859	ENSE00003604554	5	10961060	11062056					10961060	10960824	11079426	907	1005	10986905	10987003
ENSG00000127616	ENSG00000127616.23	ENST00000924747	ENST00000924747.1	10987666	10987924	860	1118	ENSE00003531833	6	10961060	11062056					10961060	10960824	11079426	1006	1264	10987666	10987924
ENSG00000127616	ENSG00000127616.23	ENST00000924747	ENST00000924747.1	10989317	10989443	1119	1245	ENSE00003670957	7	10961060	11062056					10961060	10960824	11079426	1265	1391	10989317	10989443
ENSG00000127616	ENSG00000127616.23	ENST00000924747	ENST00000924747.1	10991150	10991323	1246	1419	ENSE00003607688	8	10961060	11062056					10961060	10960824	11079426	1392	1565	10991150	10991323
ENSG00000127616	ENSG00000127616.23	ENST00000924747	ENST00000924747.1	10994828	10995001	1420	1593	ENSE00003546739	9	10961060	11062056					10961060	10960824	11079426	1566	1739	10994828	10995001
ENSG00000127616	ENSG00000127616.23	ENST00000924747	ENST00000924747.1	10996213	10996380	1594	1761	ENSE00003527768	10	10961060	11062056					10961060	10960824	11079426	1740	1907	10996213	10996380
ENSG00000127616	ENSG00000127616.23	ENST00000924747	ENST00000924747.1	10996494	10996544	1762	1812	ENSE00003667937	11	10961060	11062056					10961060	10960824	11079426	1908	1958	10996494	10996544
ENSG00000127616	ENSG00000127616.23	ENST00000924747	ENST00000924747.1	11003029	11003159	1813	1943	ENSE00003667107	12	10961060	11062056					10961060	10960824	11079426	1959	2089	11003029	11003159
ENSG00000127616	ENSG00000127616.23	ENST00000924747	ENST00000924747.1	11003340	11003397	1944	2001	ENSE00003539754	13	10961060	11062056					10961060	10960824	11079426	2090	2147	11003340	11003397
ENSG00000127616	ENSG00000127616.23	ENST00000924747	ENST00000924747.1	11007902	11008023	2002	2123	ENSE00003581372	14	10961060	11062056					10961060	10960824	11079426	2148	2269	11007902	11008023
ENSG00000127616	ENSG00000127616.23	ENST00000924747	ENST00000924747.1	11010381	11010531	2124	2274	ENSE00003530860	15	10961060	11062056					10961060	10960824	11079426	2270	2420	11010381	11010531
ENSG00000127616	ENSG00000127616.23	ENST00000924747	ENST00000924747.1	11012949	11013112	2275	2438	ENSE00003654082	16	10961060	11062056					10961060	10960824	11079426	2421	2584	11012949	11013112
ENSG00000127616	ENSG00000127616.23	ENST00000924747	ENST00000924747.1	11018957	11019023	2439	2505	ENSE00003474879	17	10961060	11062056					10961060	10960824	11079426	2585	2651	11018957	11019023
ENSG00000127616	ENSG00000127616.23	ENST00000924747	ENST00000924747.1	11019591	11019701	2506	2616	ENSE00003477043	18	10961060	11062056					10961060	10960824	11079426	2652	2762	11019591	11019701
ENSG00000127616	ENSG00000127616.23	ENST00000924747	ENST00000924747.1	11021725	11021967	2617	2859	ENSE00003540089	19	10961060	11062056					10961060	10960824	11079426	2763	3005	11021725	11021967
ENSG00000127616	ENSG00000127616.23	ENST00000924747	ENST00000924747.1	11023518	11023631	2860	2973	ENSE00003484961	20	10961060	11062056					10961060	10960824	11079426	3006	3119	11023518	11023631
ENSG00000127616	ENSG00000127616.23	ENST00000924747	ENST00000924747.1	11024331	11024438	2974	3081	ENSE00003553172	21	10961060	11062056					10961060	10960824	11079426	3120	3227	11024331	11024438
ENSG00000127616	ENSG00000127616.23	ENST00000924747	ENST00000924747.1	11025422	11025508	3082	3168	ENSE00003692983	22	10961060	11062056					10961060	10960824	11079426	3228	3314	11025422	11025508
ENSG00000127616	ENSG00000127616.23	ENST00000924747	ENST00000924747.1	11026300	11026346	3169	3215	ENSE00003604518	23	10961060	11062056					10961060	10960824	11079426	3315	3361	11026300	11026346
ENSG00000127616	ENSG00000127616.23	ENST00000924747	ENST00000924747.1	11027784	11027950	3216	3382	ENSE00003459233	24	10961060	11062056					10961060	10960824	11079426	3362	3528	11027784	11027950
ENSG00000127616	ENSG00000127616.23	ENST00000924747	ENST00000924747.1	11030730	11030893	3383	3546	ENSE00003676000	25	10961060	11062056					10961060	10960824	11079426	3529	3692	11030730	11030893
ENSG00000127616	ENSG00000127616.23	ENST00000924747	ENST00000924747.1	11033290	11033517	3547	3774	ENSE00003655405	26	10961060	11062056					10961060	10960824	11079426	3693	3920	11033290	11033517
ENSG00000127616	ENSG00000127616.23	ENST00000924747	ENST00000924747.1	11034123	11034200	3775	3852	ENSE00003703701	27	10961060	11062056					10961060	10960824	11079426	3921	3998	11034123	11034200
ENSG00000127616	ENSG00000127616.23	ENST00000924747	ENST00000924747.1	11034914	11035132	3853	4071	ENSE00003708931	28	10961060	11062056					10961060	10960824	11079426	3999	4217	11034914	11035132
ENSG00000127616	ENSG00000127616.23	ENST00000924747	ENST00000924747.1	11041298	11041560	4072	4334	ENSE00003707185	29	10961060	11062056					10961060	10960824	11079426	4218	4480	11041298	11041560
ENSG00000127616	ENSG00000127616.23	ENST00000924747	ENST00000924747.1	11059753	11059885	4441	4573	ENSE00003582123	31	10961060	11062056					10961060	10960824	11079426	4587	4719	11059753	11059885
ENSG00000127616	ENSG00000127616.23	ENST00000924747	ENST00000924747.1	11060045	11060187	4574	4716	ENSE00003694052	32	10961060	11062056					10961060	10960824	11079426	4720	4862	11060045	11060187
ENSG00000127616	ENSG00000127616.23	ENST00000924747	ENST00000924747.1	10984121	10984373	1	222	ENSE00000874191	2	10961060	11062056	10984121	10984151			10961060	10960824	11079426	147	368	10984152	10984373
ENSG00000127616	ENSG00000127616.23	ENST00000924747	ENST00000924747.1	11058258	11058363	4335	4440	ENSE00001653058	30	10961060	11062056					10961060	10960824	11079426	4481	4586	11058258	11058363
ENSG00000127616	ENSG00000127616.23	ENST00000924747	ENST00000924747.1	10961060	10961174			ENSE00004398413	1	10961060	11062056	10961060	10961174			10961060	10960824	11079426				
ENSG00000127616	ENSG00000127616.23	ENST00000924747	ENST00000924747.1	11061784	11062056	4717	4749	ENSE00004398420	33	10961060	11062056			11061817	11062056	10961060	10960824	11079426	4863	4895	11061784	11061816
ENSG00000127616	ENSG00000127616.23	ENST00000924748	ENST00000924748.1	10985273	10985405	223	355	ENSE00003618181	3	10961077	11062072					10961077	10960824	11079426	352	484	10985273	10985405
ENSG00000127616	ENSG00000127616.23	ENST00000924748	ENST00000924748.1	10986189	10986593	356	760	ENSE00003525604	4	10961077	11062072					10961077	10960824	11079426	485	889	10986189	10986593
ENSG00000127616	ENSG00000127616.23	ENST00000924748	ENST00000924748.1	10986905	10987003	761	859	ENSE00003604554	5	10961077	11062072					10961077	10960824	11079426	890	988	10986905	10987003
ENSG00000127616	ENSG00000127616.23	ENST00000924748	ENST00000924748.1	10987666	10987924	860	1118	ENSE00003531833	6	10961077	11062072					10961077	10960824	11079426	989	1247	10987666	10987924
ENSG00000127616	ENSG00000127616.23	ENST00000924748	ENST00000924748.1	10989317	10989443	1119	1245	ENSE00003670957	7	10961077	11062072					10961077	10960824	11079426	1248	1374	10989317	10989443
ENSG00000127616	ENSG00000127616.23	ENST00000924748	ENST00000924748.1	10991150	10991323	1246	1419	ENSE00003607688	8	10961077	11062072					10961077	10960824	11079426	1375	1548	10991150	10991323
ENSG00000127616	ENSG00000127616.23	ENST00000924748	ENST00000924748.1	10994828	10995001	1420	1593	ENSE00003546739	9	10961077	11062072					10961077	10960824	11079426	1549	1722	10994828	10995001
ENSG00000127616	ENSG00000127616.23	ENST00000924748	ENST00000924748.1	10996213	10996380	1594	1761	ENSE00003527768	10	10961077	11062072					10961077	10960824	11079426	1723	1890	10996213	10996380
ENSG00000127616	ENSG00000127616.23	ENST00000924748	ENST00000924748.1	11003029	11003159	1810	1940	ENSE00003667107	12	10961077	11062072					10961077	10960824	11079426	1939	2069	11003029	11003159
ENSG00000127616	ENSG00000127616.23	ENST00000924748	ENST00000924748.1	11003340	11003397	1941	1998	ENSE00003539754	13	10961077	11062072					10961077	10960824	11079426	2070	2127	11003340	11003397
ENSG00000127616	ENSG00000127616.23	ENST00000924748	ENST00000924748.1	11007902	11008023	1999	2120	ENSE00003581372	14	10961077	11062072					10961077	10960824	11079426	2128	2249	11007902	11008023
ENSG00000127616	ENSG00000127616.23	ENST00000924748	ENST00000924748.1	11010381	11010531	2121	2271	ENSE00003530860	15	10961077	11062072					10961077	10960824	11079426	2250	2400	11010381	11010531
ENSG00000127616	ENSG00000127616.23	ENST00000924748	ENST00000924748.1	11012949	11013112	2272	2435	ENSE00003654082	16	10961077	11062072					10961077	10960824	11079426	2401	2564	11012949	11013112
ENSG00000127616	ENSG00000127616.23	ENST00000924748	ENST00000924748.1	11018957	11019023	2436	2502	ENSE00003474879	17	10961077	11062072					10961077	10960824	11079426	2565	2631	11018957	11019023
ENSG00000127616	ENSG00000127616.23	ENST00000924748	ENST00000924748.1	11019591	11019701	2503	2613	ENSE00003477043	18	10961077	11062072					10961077	10960824	11079426	2632	2742	11019591	11019701
ENSG00000127616	ENSG00000127616.23	ENST00000924748	ENST00000924748.1	11021725	11021967	2614	2856	ENSE00003540089	19	10961077	11062072					10961077	10960824	11079426	2743	2985	11021725	11021967
ENSG00000127616	ENSG00000127616.23	ENST00000924748	ENST00000924748.1	11023518	11023631	2857	2970	ENSE00003484961	20	10961077	11062072					10961077	10960824	11079426	2986	3099	11023518	11023631
ENSG00000127616	ENSG00000127616.23	ENST00000924748	ENST00000924748.1	11024331	11024438	2971	3078	ENSE00003553172	21	10961077	11062072					10961077	10960824	11079426	3100	3207	11024331	11024438
ENSG00000127616	ENSG00000127616.23	ENST00000924748	ENST00000924748.1	11025422	11025508	3079	3165	ENSE00003692983	22	10961077	11062072					10961077	10960824	11079426	3208	3294	11025422	11025508
ENSG00000127616	ENSG00000127616.23	ENST00000924748	ENST00000924748.1	11026300	11026346	3166	3212	ENSE00003604518	23	10961077	11062072					10961077	10960824	11079426	3295	3341	11026300	11026346
ENSG00000127616	ENSG00000127616.23	ENST00000924748	ENST00000924748.1	11027784	11027950	3213	3379	ENSE00003459233	24	10961077	11062072					10961077	10960824	11079426	3342	3508	11027784	11027950
ENSG00000127616	ENSG00000127616.23	ENST00000924748	ENST00000924748.1	11030730	11030893	3380	3543	ENSE00003676000	25	10961077	11062072					10961077	10960824	11079426	3509	3672	11030730	11030893
ENSG00000127616	ENSG00000127616.23	ENST00000924748	ENST00000924748.1	11033290	11033517	3544	3771	ENSE00003655405	26	10961077	11062072					10961077	10960824	11079426	3673	3900	11033290	11033517
ENSG00000127616	ENSG00000127616.23	ENST00000924748	ENST00000924748.1	11034123	11034200	3772	3849	ENSE00003703701	27	10961077	11062072					10961077	10960824	11079426	3901	3978	11034123	11034200
ENSG00000127616	ENSG00000127616.23	ENST00000924748	ENST00000924748.1	11034914	11035132	3850	4068	ENSE00003708931	28	10961077	11062072					10961077	10960824	11079426	3979	4197	11034914	11035132
ENSG00000127616	ENSG00000127616.23	ENST00000924748	ENST00000924748.1	11039458	11039553	4069	4164	ENSE00003707782	29	10961077	11062072					10961077	10960824	11079426	4198	4293	11039458	11039553
ENSG00000127616	ENSG00000127616.23	ENST00000924748	ENST00000924748.1	11058788	11058889	4525	4626	ENSE00003687872	32	10961077	11062072					10961077	10960824	11079426	4654	4755	11058788	11058889
ENSG00000127616	ENSG00000127616.23	ENST00000924748	ENST00000924748.1	11059753	11059885	4627	4759	ENSE00003582123	33	10961077	11062072					10961077	10960824	11079426	4756	4888	11059753	11059885
ENSG00000127616	ENSG00000127616.23	ENST00000924748	ENST00000924748.1	11060045	11060187	4760	4902	ENSE00003694052	34	10961077	11062072					10961077	10960824	11079426	4889	5031	11060045	11060187
ENSG00000127616	ENSG00000127616.23	ENST00000924748	ENST00000924748.1	11041307	11041560	4165	4418	ENSE00003547338	30	10961077	11062072					10961077	10960824	11079426	4294	4547	11041307	11041560
ENSG00000127616	ENSG00000127616.23	ENST00000924748	ENST00000924748.1	10984121	10984373	1	222	ENSE00000874191	2	10961077	11062072	10984121	10984151			10961077	10960824	11079426	130	351	10984152	10984373
ENSG00000127616	ENSG00000127616.23	ENST00000924748	ENST00000924748.1	11058258	11058363	4419	4524	ENSE00001653058	31	10961077	11062072					10961077	10960824	11079426	4548	4653	11058258	11058363
ENSG00000127616	ENSG00000127616.23	ENST00000924748	ENST00000924748.1	10996497	10996544	1762	1809	ENSE00003824071	11	10961077	11062072					10961077	10960824	11079426	1891	1938	10996497	10996544
ENSG00000127616	ENSG00000127616.23	ENST00000924748	ENST00000924748.1	10961077	10961174			ENSE00004398435	1	10961077	11062072	10961077	10961174			10961077	10960824	11079426				
ENSG00000127616	ENSG00000127616.23	ENST00000924748	ENST00000924748.1	11061784	11062072	4903	4935	ENSE00004398433	35	10961077	11062072			11061817	11062072	10961077	10960824	11079426	5032	5064	11061784	11061816
ENSG00000127616	ENSG00000127616.23	ENST00000924749	ENST00000924749.1	10984124	10984373	1	222	ENSE00002858683	2	10961300	11062279	10984124	10984151			10961300	10960824	11079426	459	680	10984152	10984373
ENSG00000127616	ENSG00000127616.23	ENST00000924749	ENST00000924749.1	10985273	10985405	223	355	ENSE00003618181	3	10961300	11062279					10961300	10960824	11079426	681	813	10985273	10985405
ENSG00000127616	ENSG00000127616.23	ENST00000924749	ENST00000924749.1	10986189	10986593	356	760	ENSE00003525604	4	10961300	11062279					10961300	10960824	11079426	814	1218	10986189	10986593
ENSG00000127616	ENSG00000127616.23	ENST00000924749	ENST00000924749.1	10986905	10987003	761	859	ENSE00003604554	5	10961300	11062279					10961300	10960824	11079426	1219	1317	10986905	10987003
ENSG00000127616	ENSG00000127616.23	ENST00000924749	ENST00000924749.1	10987666	10987924	860	1118	ENSE00003531833	6	10961300	11062279					10961300	10960824	11079426	1318	1576	10987666	10987924
ENSG00000127616	ENSG00000127616.23	ENST00000924749	ENST00000924749.1	10989317	10989443	1119	1245	ENSE00003670957	7	10961300	11062279					10961300	10960824	11079426	1577	1703	10989317	10989443
ENSG00000127616	ENSG00000127616.23	ENST00000924749	ENST00000924749.1	10991150	10991323	1246	1419	ENSE00003607688	8	10961300	11062279					10961300	10960824	11079426	1704	1877	10991150	10991323
ENSG00000127616	ENSG00000127616.23	ENST00000924749	ENST00000924749.1	10994828	10995001	1420	1593	ENSE00003546739	9	10961300	11062279					10961300	10960824	11079426	1878	2051	10994828	10995001
ENSG00000127616	ENSG00000127616.23	ENST00000924749	ENST00000924749.1	10996213	10996380	1594	1761	ENSE00003527768	10	10961300	11062279					10961300	10960824	11079426	2052	2219	10996213	10996380
ENSG00000127616	ENSG00000127616.23	ENST00000924749	ENST00000924749.1	10996494	10996544	1762	1812	ENSE00003667937	11	10961300	11062279					10961300	10960824	11079426	2220	2270	10996494	10996544
ENSG00000127616	ENSG00000127616.23	ENST00000924749	ENST00000924749.1	11003029	11003159	1813	1943	ENSE00003667107	12	10961300	11062279					10961300	10960824	11079426	2271	2401	11003029	11003159
ENSG00000127616	ENSG00000127616.23	ENST00000924749	ENST00000924749.1	11003340	11003397	1944	2001	ENSE00003539754	13	10961300	11062279					10961300	10960824	11079426	2402	2459	11003340	11003397
ENSG00000127616	ENSG00000127616.23	ENST00000924749	ENST00000924749.1	11007902	11008023	2002	2123	ENSE00003581372	14	10961300	11062279					10961300	10960824	11079426	2460	2581	11007902	11008023
ENSG00000127616	ENSG00000127616.23	ENST00000924749	ENST00000924749.1	11010381	11010531	2124	2274	ENSE00003530860	15	10961300	11062279					10961300	10960824	11079426	2582	2732	11010381	11010531
ENSG00000127616	ENSG00000127616.23	ENST00000924749	ENST00000924749.1	11012949	11013112	2275	2438	ENSE00003654082	16	10961300	11062279					10961300	10960824	11079426	2733	2896	11012949	11013112
ENSG00000127616	ENSG00000127616.23	ENST00000924749	ENST00000924749.1	11018957	11019023	2439	2505	ENSE00003474879	17	10961300	11062279					10961300	10960824	11079426	2897	2963	11018957	11019023
ENSG00000127616	ENSG00000127616.23	ENST00000924749	ENST00000924749.1	11019591	11019701	2506	2616	ENSE00003477043	18	10961300	11062279					10961300	10960824	11079426	2964	3074	11019591	11019701
ENSG00000127616	ENSG00000127616.23	ENST00000924749	ENST00000924749.1	11021725	11021967	2617	2859	ENSE00003540089	19	10961300	11062279					10961300	10960824	11079426	3075	3317	11021725	11021967
ENSG00000127616	ENSG00000127616.23	ENST00000924749	ENST00000924749.1	11023518	11023631	2860	2973	ENSE00003484961	20	10961300	11062279					10961300	10960824	11079426	3318	3431	11023518	11023631
ENSG00000127616	ENSG00000127616.23	ENST00000924749	ENST00000924749.1	11024331	11024438	2974	3081	ENSE00003553172	21	10961300	11062279					10961300	10960824	11079426	3432	3539	11024331	11024438
ENSG00000127616	ENSG00000127616.23	ENST00000924749	ENST00000924749.1	11025422	11025508	3082	3168	ENSE00003692983	22	10961300	11062279					10961300	10960824	11079426	3540	3626	11025422	11025508
ENSG00000127616	ENSG00000127616.23	ENST00000924749	ENST00000924749.1	11026300	11026346	3169	3215	ENSE00003604518	23	10961300	11062279					10961300	10960824	11079426	3627	3673	11026300	11026346
ENSG00000127616	ENSG00000127616.23	ENST00000924749	ENST00000924749.1	11027784	11027950	3216	3382	ENSE00003459233	24	10961300	11062279					10961300	10960824	11079426	3674	3840	11027784	11027950
ENSG00000127616	ENSG00000127616.23	ENST00000924749	ENST00000924749.1	11030730	11030893	3383	3546	ENSE00003676000	25	10961300	11062279					10961300	10960824	11079426	3841	4004	11030730	11030893
ENSG00000127616	ENSG00000127616.23	ENST00000924749	ENST00000924749.1	11033290	11033517	3547	3774	ENSE00003655405	26	10961300	11062279					10961300	10960824	11079426	4005	4232	11033290	11033517
ENSG00000127616	ENSG00000127616.23	ENST00000924749	ENST00000924749.1	11034123	11034200	3775	3852	ENSE00003703701	27	10961300	11062279					10961300	10960824	11079426	4233	4310	11034123	11034200
ENSG00000127616	ENSG00000127616.23	ENST00000924749	ENST00000924749.1	11034914	11035132	3853	4071	ENSE00003708931	28	10961300	11062279					10961300	10960824	11079426	4311	4529	11034914	11035132
ENSG00000127616	ENSG00000127616.23	ENST00000924749	ENST00000924749.1	11041298	11041560	4072	4334	ENSE00003707185	29	10961300	11062279					10961300	10960824	11079426	4530	4792	11041298	11041560
ENSG00000127616	ENSG00000127616.23	ENST00000924749	ENST00000924749.1	11058255	11058363	4335	4443	ENSE00003468652	30	10961300	11062279					10961300	10960824	11079426	4793	4901	11058255	11058363
ENSG00000127616	ENSG00000127616.23	ENST00000924749	ENST00000924749.1	11058788	11058889	4444	4545	ENSE00003687872	31	10961300	11062279					10961300	10960824	11079426	4902	5003	11058788	11058889
ENSG00000127616	ENSG00000127616.23	ENST00000924749	ENST00000924749.1	11059753	11059885	4546	4678	ENSE00003582123	32	10961300	11062279					10961300	10960824	11079426	5004	5136	11059753	11059885
ENSG00000127616	ENSG00000127616.23	ENST00000924749	ENST00000924749.1	11060045	11060187	4679	4821	ENSE00003694052	33	10961300	11062279					10961300	10960824	11079426	5137	5279	11060045	11060187
ENSG00000127616	ENSG00000127616.23	ENST00000924749	ENST00000924749.1	11061784	11062279	4822	4854	ENSE00003814574	34	10961300	11062279			11061817	11062279	10961300	10960824	11079426	5280	5312	11061784	11061816
ENSG00000127616	ENSG00000127616.23	ENST00000924749	ENST00000924749.1	10961300	10961729			ENSE00004398411	1	10961300	11062279	10961300	10961729			10961300	10960824	11079426				
ENSG00000127616	ENSG00000127616.23	ENST00000924750	ENST00000924750.1	10985273	10985405	223	355	ENSE00003618181	3	10961002	11061961					10961002	10960824	11079426	427	559	10985273	10985405
ENSG00000127616	ENSG00000127616.23	ENST00000924750	ENST00000924750.1	10986189	10986593	356	760	ENSE00003525604	4	10961002	11061961					10961002	10960824	11079426	560	964	10986189	10986593
ENSG00000127616	ENSG00000127616.23	ENST00000924750	ENST00000924750.1	10986905	10987003	761	859	ENSE00003604554	5	10961002	11061961					10961002	10960824	11079426	965	1063	10986905	10987003
ENSG00000127616	ENSG00000127616.23	ENST00000924750	ENST00000924750.1	10987666	10987924	860	1118	ENSE00003531833	6	10961002	11061961					10961002	10960824	11079426	1064	1322	10987666	10987924
ENSG00000127616	ENSG00000127616.23	ENST00000924750	ENST00000924750.1	10989317	10989443	1119	1245	ENSE00003670957	7	10961002	11061961					10961002	10960824	11079426	1323	1449	10989317	10989443
ENSG00000127616	ENSG00000127616.23	ENST00000924750	ENST00000924750.1	10991150	10991323	1246	1419	ENSE00003607688	8	10961002	11061961					10961002	10960824	11079426	1450	1623	10991150	10991323
ENSG00000127616	ENSG00000127616.23	ENST00000924750	ENST00000924750.1	10994828	10995001	1420	1593	ENSE00003546739	9	10961002	11061961					10961002	10960824	11079426	1624	1797	10994828	10995001
ENSG00000127616	ENSG00000127616.23	ENST00000924750	ENST00000924750.1	10996213	10996380	1594	1761	ENSE00003527768	10	10961002	11061961					10961002	10960824	11079426	1798	1965	10996213	10996380
ENSG00000127616	ENSG00000127616.23	ENST00000924750	ENST00000924750.1	10996494	10996544	1762	1812	ENSE00003667937	11	10961002	11061961					10961002	10960824	11079426	1966	2016	10996494	10996544
ENSG00000127616	ENSG00000127616.23	ENST00000924750	ENST00000924750.1	11003029	11003159	1813	1943	ENSE00003667107	12	10961002	11061961					10961002	10960824	11079426	2017	2147	11003029	11003159
ENSG00000127616	ENSG00000127616.23	ENST00000924750	ENST00000924750.1	11003340	11003397	1944	2001	ENSE00003539754	13	10961002	11061961					10961002	10960824	11079426	2148	2205	11003340	11003397
ENSG00000127616	ENSG00000127616.23	ENST00000924750	ENST00000924750.1	11007902	11008023	2002	2123	ENSE00003581372	14	10961002	11061961					10961002	10960824	11079426	2206	2327	11007902	11008023
ENSG00000127616	ENSG00000127616.23	ENST00000924750	ENST00000924750.1	11010381	11010531	2124	2274	ENSE00003530860	15	10961002	11061961					10961002	10960824	11079426	2328	2478	11010381	11010531
ENSG00000127616	ENSG00000127616.23	ENST00000924750	ENST00000924750.1	11012949	11013112	2275	2438	ENSE00003654082	16	10961002	11061961					10961002	10960824	11079426	2479	2642	11012949	11013112
ENSG00000127616	ENSG00000127616.23	ENST00000924750	ENST00000924750.1	11018957	11019023	2439	2505	ENSE00003474879	17	10961002	11061961					10961002	10960824	11079426	2643	2709	11018957	11019023
ENSG00000127616	ENSG00000127616.23	ENST00000924750	ENST00000924750.1	11019591	11019701	2506	2616	ENSE00003477043	18	10961002	11061961					10961002	10960824	11079426	2710	2820	11019591	11019701
ENSG00000127616	ENSG00000127616.23	ENST00000924750	ENST00000924750.1	11021725	11021967	2617	2859	ENSE00003540089	19	10961002	11061961					10961002	10960824	11079426	2821	3063	11021725	11021967
ENSG00000127616	ENSG00000127616.23	ENST00000924750	ENST00000924750.1	11023518	11023631	2860	2973	ENSE00003484961	20	10961002	11061961					10961002	10960824	11079426	3064	3177	11023518	11023631
ENSG00000127616	ENSG00000127616.23	ENST00000924750	ENST00000924750.1	11024331	11024438	2974	3081	ENSE00003553172	21	10961002	11061961					10961002	10960824	11079426	3178	3285	11024331	11024438
ENSG00000127616	ENSG00000127616.23	ENST00000924750	ENST00000924750.1	11025422	11025508	3082	3168	ENSE00003692983	22	10961002	11061961					10961002	10960824	11079426	3286	3372	11025422	11025508
ENSG00000127616	ENSG00000127616.23	ENST00000924750	ENST00000924750.1	11026300	11026346	3169	3215	ENSE00003604518	23	10961002	11061961					10961002	10960824	11079426	3373	3419	11026300	11026346
ENSG00000127616	ENSG00000127616.23	ENST00000924750	ENST00000924750.1	11027784	11027950	3216	3382	ENSE00003459233	24	10961002	11061961					10961002	10960824	11079426	3420	3586	11027784	11027950
ENSG00000127616	ENSG00000127616.23	ENST00000924750	ENST00000924750.1	11030730	11030893	3383	3546	ENSE00003676000	25	10961002	11061961					10961002	10960824	11079426	3587	3750	11030730	11030893
ENSG00000127616	ENSG00000127616.23	ENST00000924750	ENST00000924750.1	11033290	11033517	3547	3774	ENSE00003655405	26	10961002	11061961					10961002	10960824	11079426	3751	3978	11033290	11033517
ENSG00000127616	ENSG00000127616.23	ENST00000924750	ENST00000924750.1	11034123	11034200	3874	3951	ENSE00003703701	28	10961002	11061961					10961002	10960824	11079426	4078	4155	11034123	11034200
ENSG00000127616	ENSG00000127616.23	ENST00000924750	ENST00000924750.1	11034914	11035132	3952	4170	ENSE00003708931	29	10961002	11061961					10961002	10960824	11079426	4156	4374	11034914	11035132
ENSG00000127616	ENSG00000127616.23	ENST00000924750	ENST00000924750.1	11058255	11058363	4425	4533	ENSE00003468652	31	10961002	11061961					10961002	10960824	11079426	4629	4737	11058255	11058363
ENSG00000127616	ENSG00000127616.23	ENST00000924750	ENST00000924750.1	11058788	11058889	4534	4635	ENSE00003687872	32	10961002	11061961					10961002	10960824	11079426	4738	4839	11058788	11058889
ENSG00000127616	ENSG00000127616.23	ENST00000924750	ENST00000924750.1	11060045	11060187	4742	4884	ENSE00003694052	34	10961002	11061961					10961002	10960824	11079426	4946	5088	11060045	11060187
ENSG00000127616	ENSG00000127616.23	ENST00000924750	ENST00000924750.1	11041307	11041560	4171	4424	ENSE00003547338	30	10961002	11061961					10961002	10960824	11079426	4375	4628	11041307	11041560
ENSG00000127616	ENSG00000127616.23	ENST00000924750	ENST00000924750.1	10984121	10984373	1	222	ENSE00000874191	2	10961002	11061961	10984121	10984151			10961002	10960824	11079426	205	426	10984152	10984373
ENSG00000127616	ENSG00000127616.23	ENST00000924750	ENST00000924750.1	11033767	11033865	3775	3873	ENSE00004014467	27	10961002	11061961					10961002	10960824	11079426	3979	4077	11033767	11033865
ENSG00000127616	ENSG00000127616.23	ENST00000924750	ENST00000924750.1	10961002	10961174			ENSE00004398405	1	10961002	11061961	10961002	10961174			10961002	10960824	11079426				
ENSG00000127616	ENSG00000127616.23	ENST00000924750	ENST00000924750.1	11059780	11059885	4636	4741	ENSE00004398421	33	10961002	11061961					10961002	10960824	11079426	4840	4945	11059780	11059885
ENSG00000127616	ENSG00000127616.23	ENST00000924750	ENST00000924750.1	11061784	11061961	4885	4917	ENSE00004398416	35	10961002	11061961			11061817	11061961	10961002	10960824	11079426	5089	5121	11061784	11061816
ENSG00000127616	ENSG00000127616.23	ENST00000924751	ENST00000924751.1	10985273	10985405	223	355	ENSE00003618181	3	10961318	11062277					10961318	10960824	11079426	666	798	10985273	10985405
ENSG00000127616	ENSG00000127616.23	ENST00000924751	ENST00000924751.1	10986189	10986593	356	760	ENSE00003525604	4	10961318	11062277					10961318	10960824	11079426	799	1203	10986189	10986593
ENSG00000127616	ENSG00000127616.23	ENST00000924751	ENST00000924751.1	10986905	10987003	761	859	ENSE00003604554	5	10961318	11062277					10961318	10960824	11079426	1204	1302	10986905	10987003
ENSG00000127616	ENSG00000127616.23	ENST00000924751	ENST00000924751.1	10987666	10987924	860	1118	ENSE00003531833	6	10961318	11062277					10961318	10960824	11079426	1303	1561	10987666	10987924
ENSG00000127616	ENSG00000127616.23	ENST00000924751	ENST00000924751.1	10989317	10989443	1119	1245	ENSE00003670957	7	10961318	11062277					10961318	10960824	11079426	1562	1688	10989317	10989443
ENSG00000127616	ENSG00000127616.23	ENST00000924751	ENST00000924751.1	10991150	10991323	1246	1419	ENSE00003607688	8	10961318	11062277					10961318	10960824	11079426	1689	1862	10991150	10991323
ENSG00000127616	ENSG00000127616.23	ENST00000924751	ENST00000924751.1	10994828	10995001	1420	1593	ENSE00003546739	9	10961318	11062277					10961318	10960824	11079426	1863	2036	10994828	10995001
ENSG00000127616	ENSG00000127616.23	ENST00000924751	ENST00000924751.1	10996213	10996380	1594	1761	ENSE00003527768	10	10961318	11062277					10961318	10960824	11079426	2037	2204	10996213	10996380
ENSG00000127616	ENSG00000127616.23	ENST00000924751	ENST00000924751.1	10996494	10996544	1762	1812	ENSE00003667937	11	10961318	11062277					10961318	10960824	11079426	2205	2255	10996494	10996544
ENSG00000127616	ENSG00000127616.23	ENST00000924751	ENST00000924751.1	11003029	11003159	1813	1943	ENSE00003667107	12	10961318	11062277					10961318	10960824	11079426	2256	2386	11003029	11003159
ENSG00000127616	ENSG00000127616.23	ENST00000924751	ENST00000924751.1	11003340	11003397	1944	2001	ENSE00003539754	13	10961318	11062277					10961318	10960824	11079426	2387	2444	11003340	11003397
ENSG00000127616	ENSG00000127616.23	ENST00000924751	ENST00000924751.1	11007902	11008023	2002	2123	ENSE00003581372	14	10961318	11062277					10961318	10960824	11079426	2445	2566	11007902	11008023
ENSG00000127616	ENSG00000127616.23	ENST00000924751	ENST00000924751.1	11010381	11010531	2124	2274	ENSE00003530860	15	10961318	11062277					10961318	10960824	11079426	2567	2717	11010381	11010531
ENSG00000127616	ENSG00000127616.23	ENST00000924751	ENST00000924751.1	11012949	11013112	2275	2438	ENSE00003654082	16	10961318	11062277					10961318	10960824	11079426	2718	2881	11012949	11013112
ENSG00000127616	ENSG00000127616.23	ENST00000924751	ENST00000924751.1	11018957	11019023	2439	2505	ENSE00003474879	17	10961318	11062277					10961318	10960824	11079426	2882	2948	11018957	11019023
ENSG00000127616	ENSG00000127616.23	ENST00000924751	ENST00000924751.1	11019591	11019701	2506	2616	ENSE00003477043	18	10961318	11062277					10961318	10960824	11079426	2949	3059	11019591	11019701
ENSG00000127616	ENSG00000127616.23	ENST00000924751	ENST00000924751.1	11021725	11021967	2617	2859	ENSE00003540089	19	10961318	11062277					10961318	10960824	11079426	3060	3302	11021725	11021967
ENSG00000127616	ENSG00000127616.23	ENST00000924751	ENST00000924751.1	11023518	11023631	2860	2973	ENSE00003484961	20	10961318	11062277					10961318	10960824	11079426	3303	3416	11023518	11023631
ENSG00000127616	ENSG00000127616.23	ENST00000924751	ENST00000924751.1	11024331	11024438	2974	3081	ENSE00003553172	21	10961318	11062277					10961318	10960824	11079426	3417	3524	11024331	11024438
ENSG00000127616	ENSG00000127616.23	ENST00000924751	ENST00000924751.1	11025422	11025508	3082	3168	ENSE00003692983	22	10961318	11062277					10961318	10960824	11079426	3525	3611	11025422	11025508
ENSG00000127616	ENSG00000127616.23	ENST00000924751	ENST00000924751.1	11026300	11026346	3169	3215	ENSE00003604518	23	10961318	11062277					10961318	10960824	11079426	3612	3658	11026300	11026346
ENSG00000127616	ENSG00000127616.23	ENST00000924751	ENST00000924751.1	11027784	11027950	3216	3382	ENSE00003459233	24	10961318	11062277					10961318	10960824	11079426	3659	3825	11027784	11027950
ENSG00000127616	ENSG00000127616.23	ENST00000924751	ENST00000924751.1	11030730	11030893	3383	3546	ENSE00003676000	25	10961318	11062277					10961318	10960824	11079426	3826	3989	11030730	11030893
ENSG00000127616	ENSG00000127616.23	ENST00000924751	ENST00000924751.1	11033290	11033517	3547	3774	ENSE00003655405	26	10961318	11062277					10961318	10960824	11079426	3990	4217	11033290	11033517
ENSG00000127616	ENSG00000127616.23	ENST00000924751	ENST00000924751.1	11034123	11034200	3775	3852	ENSE00003703701	27	10961318	11062277					10961318	10960824	11079426	4218	4295	11034123	11034200
ENSG00000127616	ENSG00000127616.23	ENST00000924751	ENST00000924751.1	11034914	11035132	3853	4071	ENSE00003708931	28	10961318	11062277					10961318	10960824	11079426	4296	4514	11034914	11035132
ENSG00000127616	ENSG00000127616.23	ENST00000924751	ENST00000924751.1	11041298	11041560	4072	4334	ENSE00003707185	29	10961318	11062277					10961318	10960824	11079426	4515	4777	11041298	11041560
ENSG00000127616	ENSG00000127616.23	ENST00000924751	ENST00000924751.1	11058788	11058889	4441	4542	ENSE00003687872	31	10961318	11062277					10961318	10960824	11079426	4884	4985	11058788	11058889
ENSG00000127616	ENSG00000127616.23	ENST00000924751	ENST00000924751.1	11059753	11059885	4543	4675	ENSE00003582123	32	10961318	11062277					10961318	10960824	11079426	4986	5118	11059753	11059885
ENSG00000127616	ENSG00000127616.23	ENST00000924751	ENST00000924751.1	11060045	11060187	4676	4818	ENSE00003694052	33	10961318	11062277					10961318	10960824	11079426	5119	5261	11060045	11060187
ENSG00000127616	ENSG00000127616.23	ENST00000924751	ENST00000924751.1	10984121	10984373	1	222	ENSE00000874191	2	10961318	11062277	10984121	10984151			10961318	10960824	11079426	444	665	10984152	10984373
ENSG00000127616	ENSG00000127616.23	ENST00000924751	ENST00000924751.1	11058258	11058363	4335	4440	ENSE00001653058	30	10961318	11062277					10961318	10960824	11079426	4778	4883	11058258	11058363
ENSG00000127616	ENSG00000127616.23	ENST00000924751	ENST00000924751.1	11061784	11062277	4819	4851	ENSE00004354305	34	10961318	11062277			11061817	11062277	10961318	10960824	11079426	5262	5294	11061784	11061816
ENSG00000127616	ENSG00000127616.23	ENST00000924751	ENST00000924751.1	10961318	10961729			ENSE00004398383	1	10961318	11062277	10961318	10961729			10961318	10960824	11079426				
ENSG00000127616	ENSG00000127616.23	ENST00000924752	ENST00000924752.1	10984124	10984373	1	222	ENSE00002858683	2	10961317	11062273	10984124	10984151			10961317	10960824	11079426	442	663	10984152	10984373
ENSG00000127616	ENSG00000127616.23	ENST00000924752	ENST00000924752.1	10985273	10985405	223	355	ENSE00003618181	3	10961317	11062273					10961317	10960824	11079426	664	796	10985273	10985405
ENSG00000127616	ENSG00000127616.23	ENST00000924752	ENST00000924752.1	10986189	10986593	356	760	ENSE00003525604	4	10961317	11062273					10961317	10960824	11079426	797	1201	10986189	10986593
ENSG00000127616	ENSG00000127616.23	ENST00000924752	ENST00000924752.1	10986905	10987003	761	859	ENSE00003604554	5	10961317	11062273					10961317	10960824	11079426	1202	1300	10986905	10987003
ENSG00000127616	ENSG00000127616.23	ENST00000924752	ENST00000924752.1	10987666	10987924	860	1118	ENSE00003531833	6	10961317	11062273					10961317	10960824	11079426	1301	1559	10987666	10987924
ENSG00000127616	ENSG00000127616.23	ENST00000924752	ENST00000924752.1	10989317	10989443	1119	1245	ENSE00003670957	7	10961317	11062273					10961317	10960824	11079426	1560	1686	10989317	10989443
ENSG00000127616	ENSG00000127616.23	ENST00000924752	ENST00000924752.1	10991150	10991323	1246	1419	ENSE00003607688	8	10961317	11062273					10961317	10960824	11079426	1687	1860	10991150	10991323
ENSG00000127616	ENSG00000127616.23	ENST00000924752	ENST00000924752.1	10994828	10995001	1420	1593	ENSE00003546739	9	10961317	11062273					10961317	10960824	11079426	1861	2034	10994828	10995001
ENSG00000127616	ENSG00000127616.23	ENST00000924752	ENST00000924752.1	10996213	10996380	1594	1761	ENSE00003527768	10	10961317	11062273					10961317	10960824	11079426	2035	2202	10996213	10996380
ENSG00000127616	ENSG00000127616.23	ENST00000924752	ENST00000924752.1	10996494	10996544	1762	1812	ENSE00003667937	11	10961317	11062273					10961317	10960824	11079426	2203	2253	10996494	10996544
ENSG00000127616	ENSG00000127616.23	ENST00000924752	ENST00000924752.1	11003029	11003159	1813	1943	ENSE00003667107	12	10961317	11062273					10961317	10960824	11079426	2254	2384	11003029	11003159
ENSG00000127616	ENSG00000127616.23	ENST00000924752	ENST00000924752.1	11003340	11003397	1944	2001	ENSE00003539754	13	10961317	11062273					10961317	10960824	11079426	2385	2442	11003340	11003397
ENSG00000127616	ENSG00000127616.23	ENST00000924752	ENST00000924752.1	11007902	11008023	2002	2123	ENSE00003581372	14	10961317	11062273					10961317	10960824	11079426	2443	2564	11007902	11008023
ENSG00000127616	ENSG00000127616.23	ENST00000924752	ENST00000924752.1	11010381	11010531	2124	2274	ENSE00003530860	15	10961317	11062273					10961317	10960824	11079426	2565	2715	11010381	11010531
ENSG00000127616	ENSG00000127616.23	ENST00000924752	ENST00000924752.1	11012949	11013112	2275	2438	ENSE00003654082	16	10961317	11062273					10961317	10960824	11079426	2716	2879	11012949	11013112
ENSG00000127616	ENSG00000127616.23	ENST00000924752	ENST00000924752.1	11018957	11019023	2439	2505	ENSE00003474879	17	10961317	11062273					10961317	10960824	11079426	2880	2946	11018957	11019023
ENSG00000127616	ENSG00000127616.23	ENST00000924752	ENST00000924752.1	11019591	11019701	2506	2616	ENSE00003477043	18	10961317	11062273					10961317	10960824	11079426	2947	3057	11019591	11019701
ENSG00000127616	ENSG00000127616.23	ENST00000924752	ENST00000924752.1	11021725	11021967	2617	2859	ENSE00003540089	19	10961317	11062273					10961317	10960824	11079426	3058	3300	11021725	11021967
ENSG00000127616	ENSG00000127616.23	ENST00000924752	ENST00000924752.1	11023518	11023631	2860	2973	ENSE00003484961	20	10961317	11062273					10961317	10960824	11079426	3301	3414	11023518	11023631
ENSG00000127616	ENSG00000127616.23	ENST00000924752	ENST00000924752.1	11024331	11024438	2974	3081	ENSE00003553172	21	10961317	11062273					10961317	10960824	11079426	3415	3522	11024331	11024438
ENSG00000127616	ENSG00000127616.23	ENST00000924752	ENST00000924752.1	11025422	11025508	3082	3168	ENSE00003692983	22	10961317	11062273					10961317	10960824	11079426	3523	3609	11025422	11025508
ENSG00000127616	ENSG00000127616.23	ENST00000924752	ENST00000924752.1	11026300	11026346	3169	3215	ENSE00003604518	23	10961317	11062273					10961317	10960824	11079426	3610	3656	11026300	11026346
ENSG00000127616	ENSG00000127616.23	ENST00000924752	ENST00000924752.1	11027784	11027950	3216	3382	ENSE00003459233	24	10961317	11062273					10961317	10960824	11079426	3657	3823	11027784	11027950
ENSG00000127616	ENSG00000127616.23	ENST00000924752	ENST00000924752.1	11030730	11030893	3383	3546	ENSE00003676000	25	10961317	11062273					10961317	10960824	11079426	3824	3987	11030730	11030893
ENSG00000127616	ENSG00000127616.23	ENST00000924752	ENST00000924752.1	11033290	11033517	3547	3774	ENSE00003655405	26	10961317	11062273					10961317	10960824	11079426	3988	4215	11033290	11033517
ENSG00000127616	ENSG00000127616.23	ENST00000924752	ENST00000924752.1	11034123	11034200	3775	3852	ENSE00003703701	27	10961317	11062273					10961317	10960824	11079426	4216	4293	11034123	11034200
ENSG00000127616	ENSG00000127616.23	ENST00000924752	ENST00000924752.1	11034914	11035132	3853	4071	ENSE00003708931	28	10961317	11062273					10961317	10960824	11079426	4294	4512	11034914	11035132
ENSG00000127616	ENSG00000127616.23	ENST00000924752	ENST00000924752.1	11058788	11058889	4432	4533	ENSE00003687872	31	10961317	11062273					10961317	10960824	11079426	4873	4974	11058788	11058889
ENSG00000127616	ENSG00000127616.23	ENST00000924752	ENST00000924752.1	11059753	11059885	4534	4666	ENSE00003582123	32	10961317	11062273					10961317	10960824	11079426	4975	5107	11059753	11059885
ENSG00000127616	ENSG00000127616.23	ENST00000924752	ENST00000924752.1	11060045	11060187	4667	4809	ENSE00003694052	33	10961317	11062273					10961317	10960824	11079426	5108	5250	11060045	11060187
ENSG00000127616	ENSG00000127616.23	ENST00000924752	ENST00000924752.1	11041307	11041560	4072	4325	ENSE00003547338	29	10961317	11062273					10961317	10960824	11079426	4513	4766	11041307	11041560
ENSG00000127616	ENSG00000127616.23	ENST00000924752	ENST00000924752.1	11061784	11062273	4810	4842	ENSE00004014465	34	10961317	11062273			11061817	11062273	10961317	10960824	11079426	5251	5283	11061784	11061816
ENSG00000127616	ENSG00000127616.23	ENST00000924752	ENST00000924752.1	11058258	11058363	4326	4431	ENSE00001653058	30	10961317	11062273					10961317	10960824	11079426	4767	4872	11058258	11058363
ENSG00000127616	ENSG00000127616.23	ENST00000924752	ENST00000924752.1	10961317	10961729			ENSE00004398401	1	10961317	11062273	10961317	10961729			10961317	10960824	11079426				
ENSG00000127616	ENSG00000127616.23	ENST00000924753	ENST00000924753.1	10984124	10984373	1	222	ENSE00002858683	2	10961039	11061938	10984124	10984151			10961039	10960824	11079426	165	386	10984152	10984373
ENSG00000127616	ENSG00000127616.23	ENST00000924753	ENST00000924753.1	10985273	10985405	223	355	ENSE00003618181	3	10961039	11061938					10961039	10960824	11079426	387	519	10985273	10985405
ENSG00000127616	ENSG00000127616.23	ENST00000924753	ENST00000924753.1	10986189	10986593	356	760	ENSE00003525604	4	10961039	11061938					10961039	10960824	11079426	520	924	10986189	10986593
ENSG00000127616	ENSG00000127616.23	ENST00000924753	ENST00000924753.1	10986905	10987003	761	859	ENSE00003604554	5	10961039	11061938					10961039	10960824	11079426	925	1023	10986905	10987003
ENSG00000127616	ENSG00000127616.23	ENST00000924753	ENST00000924753.1	10987666	10987924	860	1118	ENSE00003531833	6	10961039	11061938					10961039	10960824	11079426	1024	1282	10987666	10987924
ENSG00000127616	ENSG00000127616.23	ENST00000924753	ENST00000924753.1	10989317	10989443	1119	1245	ENSE00003670957	7	10961039	11061938					10961039	10960824	11079426	1283	1409	10989317	10989443
ENSG00000127616	ENSG00000127616.23	ENST00000924753	ENST00000924753.1	10991150	10991323	1246	1419	ENSE00003607688	8	10961039	11061938					10961039	10960824	11079426	1410	1583	10991150	10991323
ENSG00000127616	ENSG00000127616.23	ENST00000924753	ENST00000924753.1	10994828	10995001	1420	1593	ENSE00003546739	9	10961039	11061938					10961039	10960824	11079426	1584	1757	10994828	10995001
ENSG00000127616	ENSG00000127616.23	ENST00000924753	ENST00000924753.1	10996213	10996380	1594	1761	ENSE00003527768	10	10961039	11061938					10961039	10960824	11079426	1758	1925	10996213	10996380
ENSG00000127616	ENSG00000127616.23	ENST00000924753	ENST00000924753.1	10996494	10996544	1762	1812	ENSE00003667937	11	10961039	11061938					10961039	10960824	11079426	1926	1976	10996494	10996544
ENSG00000127616	ENSG00000127616.23	ENST00000924753	ENST00000924753.1	11003029	11003159	1813	1943	ENSE00003667107	12	10961039	11061938					10961039	10960824	11079426	1977	2107	11003029	11003159
ENSG00000127616	ENSG00000127616.23	ENST00000924753	ENST00000924753.1	11003340	11003397	1944	2001	ENSE00003539754	13	10961039	11061938					10961039	10960824	11079426	2108	2165	11003340	11003397
ENSG00000127616	ENSG00000127616.23	ENST00000924753	ENST00000924753.1	11010381	11010531	2118	2268	ENSE00003530860	15	10961039	11061938					10961039	10960824	11079426	2282	2432	11010381	11010531
ENSG00000127616	ENSG00000127616.23	ENST00000924753	ENST00000924753.1	11012949	11013112	2269	2432	ENSE00003654082	16	10961039	11061938					10961039	10960824	11079426	2433	2596	11012949	11013112
ENSG00000127616	ENSG00000127616.23	ENST00000924753	ENST00000924753.1	11018957	11019023	2433	2499	ENSE00003474879	17	10961039	11061938					10961039	10960824	11079426	2597	2663	11018957	11019023
ENSG00000127616	ENSG00000127616.23	ENST00000924753	ENST00000924753.1	11019591	11019701	2500	2610	ENSE00003477043	18	10961039	11061938					10961039	10960824	11079426	2664	2774	11019591	11019701
ENSG00000127616	ENSG00000127616.23	ENST00000924753	ENST00000924753.1	11021725	11021967	2611	2853	ENSE00003540089	19	10961039	11061938					10961039	10960824	11079426	2775	3017	11021725	11021967
ENSG00000127616	ENSG00000127616.23	ENST00000924753	ENST00000924753.1	11023518	11023631	2854	2967	ENSE00003484961	20	10961039	11061938					10961039	10960824	11079426	3018	3131	11023518	11023631
ENSG00000127616	ENSG00000127616.23	ENST00000924753	ENST00000924753.1	11024331	11024438	2968	3075	ENSE00003553172	21	10961039	11061938					10961039	10960824	11079426	3132	3239	11024331	11024438
ENSG00000127616	ENSG00000127616.23	ENST00000924753	ENST00000924753.1	11025422	11025508	3076	3162	ENSE00003692983	22	10961039	11061938					10961039	10960824	11079426	3240	3326	11025422	11025508
ENSG00000127616	ENSG00000127616.23	ENST00000924753	ENST00000924753.1	11026300	11026346	3163	3209	ENSE00003604518	23	10961039	11061938					10961039	10960824	11079426	3327	3373	11026300	11026346
ENSG00000127616	ENSG00000127616.23	ENST00000924753	ENST00000924753.1	11027784	11027950	3210	3376	ENSE00003459233	24	10961039	11061938					10961039	10960824	11079426	3374	3540	11027784	11027950
ENSG00000127616	ENSG00000127616.23	ENST00000924753	ENST00000924753.1	11030730	11030893	3377	3540	ENSE00003676000	25	10961039	11061938					10961039	10960824	11079426	3541	3704	11030730	11030893
ENSG00000127616	ENSG00000127616.23	ENST00000924753	ENST00000924753.1	11033290	11033517	3541	3768	ENSE00003655405	26	10961039	11061938					10961039	10960824	11079426	3705	3932	11033290	11033517
ENSG00000127616	ENSG00000127616.23	ENST00000924753	ENST00000924753.1	11034123	11034200	3769	3846	ENSE00003703701	27	10961039	11061938					10961039	10960824	11079426	3933	4010	11034123	11034200
ENSG00000127616	ENSG00000127616.23	ENST00000924753	ENST00000924753.1	11034914	11035132	3847	4065	ENSE00003708931	28	10961039	11061938					10961039	10960824	11079426	4011	4229	11034914	11035132
ENSG00000127616	ENSG00000127616.23	ENST00000924753	ENST00000924753.1	11058255	11058363	4320	4428	ENSE00003468652	30	10961039	11061938					10961039	10960824	11079426	4484	4592	11058255	11058363
ENSG00000127616	ENSG00000127616.23	ENST00000924753	ENST00000924753.1	11058788	11058889	4429	4530	ENSE00003687872	31	10961039	11061938					10961039	10960824	11079426	4593	4694	11058788	11058889
ENSG00000127616	ENSG00000127616.23	ENST00000924753	ENST00000924753.1	11059753	11059885	4531	4663	ENSE00003582123	32	10961039	11061938					10961039	10960824	11079426	4695	4827	11059753	11059885
ENSG00000127616	ENSG00000127616.23	ENST00000924753	ENST00000924753.1	11060045	11060187	4664	4806	ENSE00003694052	33	10961039	11061938					10961039	10960824	11079426	4828	4970	11060045	11060187
ENSG00000127616	ENSG00000127616.23	ENST00000924753	ENST00000924753.1	11041307	11041560	4066	4319	ENSE00003547338	29	10961039	11061938					10961039	10960824	11079426	4230	4483	11041307	11041560
ENSG00000127616	ENSG00000127616.23	ENST00000924753	ENST00000924753.1	11007908	11008023	2002	2117	ENSE00004398391	14	10961039	11061938					10961039	10960824	11079426	2166	2281	11007908	11008023
ENSG00000127616	ENSG00000127616.23	ENST00000924753	ENST00000924753.1	10961039	10961174			ENSE00004398430	1	10961039	11061938	10961039	10961174			10961039	10960824	11079426				
ENSG00000127616	ENSG00000127616.23	ENST00000924753	ENST00000924753.1	11061784	11061938	4807	4839	ENSE00004398409	34	10961039	11061938			11061817	11061938	10961039	10960824	11079426	4971	5003	11061784	11061816
ENSG00000127616	ENSG00000127616.23	ENST00000924754	ENST00000924754.1	10984124	10984373	1	222	ENSE00002858683	2	10961237	11062071	10984124	10984151			10961237	10960824	11079426	522	743	10984152	10984373
ENSG00000127616	ENSG00000127616.23	ENST00000924754	ENST00000924754.1	10985273	10985405	223	355	ENSE00003618181	3	10961237	11062071					10961237	10960824	11079426	744	876	10985273	10985405
ENSG00000127616	ENSG00000127616.23	ENST00000924754	ENST00000924754.1	10986189	10986593	356	760	ENSE00003525604	4	10961237	11062071					10961237	10960824	11079426	877	1281	10986189	10986593
ENSG00000127616	ENSG00000127616.23	ENST00000924754	ENST00000924754.1	10986905	10987003	761	859	ENSE00003604554	5	10961237	11062071					10961237	10960824	11079426	1282	1380	10986905	10987003
ENSG00000127616	ENSG00000127616.23	ENST00000924754	ENST00000924754.1	10987666	10987924	860	1118	ENSE00003531833	6	10961237	11062071					10961237	10960824	11079426	1381	1639	10987666	10987924
ENSG00000127616	ENSG00000127616.23	ENST00000924754	ENST00000924754.1	10989317	10989443	1119	1245	ENSE00003670957	7	10961237	11062071					10961237	10960824	11079426	1640	1766	10989317	10989443
ENSG00000127616	ENSG00000127616.23	ENST00000924754	ENST00000924754.1	10991150	10991323	1246	1419	ENSE00003607688	8	10961237	11062071					10961237	10960824	11079426	1767	1940	10991150	10991323
ENSG00000127616	ENSG00000127616.23	ENST00000924754	ENST00000924754.1	10994828	10995001	1420	1593	ENSE00003546739	9	10961237	11062071					10961237	10960824	11079426	1941	2114	10994828	10995001
ENSG00000127616	ENSG00000127616.23	ENST00000924754	ENST00000924754.1	10996213	10996380	1594	1761	ENSE00003527768	10	10961237	11062071					10961237	10960824	11079426	2115	2282	10996213	10996380
ENSG00000127616	ENSG00000127616.23	ENST00000924754	ENST00000924754.1	10996494	10996544	1762	1812	ENSE00003667937	11	10961237	11062071					10961237	10960824	11079426	2283	2333	10996494	10996544
ENSG00000127616	ENSG00000127616.23	ENST00000924754	ENST00000924754.1	11003029	11003159	1813	1943	ENSE00003667107	12	10961237	11062071					10961237	10960824	11079426	2334	2464	11003029	11003159
ENSG00000127616	ENSG00000127616.23	ENST00000924754	ENST00000924754.1	11003340	11003397	1944	2001	ENSE00003539754	13	10961237	11062071					10961237	10960824	11079426	2465	2522	11003340	11003397
ENSG00000127616	ENSG00000127616.23	ENST00000924754	ENST00000924754.1	11007902	11008023	2002	2123	ENSE00003581372	14	10961237	11062071					10961237	10960824	11079426	2523	2644	11007902	11008023
ENSG00000127616	ENSG00000127616.23	ENST00000924754	ENST00000924754.1	11010381	11010531	2124	2274	ENSE00003530860	15	10961237	11062071					10961237	10960824	11079426	2645	2795	11010381	11010531
ENSG00000127616	ENSG00000127616.23	ENST00000924754	ENST00000924754.1	11012949	11013112	2275	2438	ENSE00003654082	16	10961237	11062071					10961237	10960824	11079426	2796	2959	11012949	11013112
ENSG00000127616	ENSG00000127616.23	ENST00000924754	ENST00000924754.1	11018957	11019023	2439	2505	ENSE00003474879	17	10961237	11062071					10961237	10960824	11079426	2960	3026	11018957	11019023
ENSG00000127616	ENSG00000127616.23	ENST00000924754	ENST00000924754.1	11019591	11019701	2506	2616	ENSE00003477043	18	10961237	11062071					10961237	10960824	11079426	3027	3137	11019591	11019701
ENSG00000127616	ENSG00000127616.23	ENST00000924754	ENST00000924754.1	11021725	11021967	2617	2859	ENSE00003540089	19	10961237	11062071					10961237	10960824	11079426	3138	3380	11021725	11021967
ENSG00000127616	ENSG00000127616.23	ENST00000924754	ENST00000924754.1	11023518	11023631	2860	2973	ENSE00003484961	20	10961237	11062071					10961237	10960824	11079426	3381	3494	11023518	11023631
ENSG00000127616	ENSG00000127616.23	ENST00000924754	ENST00000924754.1	11024331	11024438	2974	3081	ENSE00003553172	21	10961237	11062071					10961237	10960824	11079426	3495	3602	11024331	11024438
ENSG00000127616	ENSG00000127616.23	ENST00000924754	ENST00000924754.1	11025422	11025508	3082	3168	ENSE00003692983	22	10961237	11062071					10961237	10960824	11079426	3603	3689	11025422	11025508
ENSG00000127616	ENSG00000127616.23	ENST00000924754	ENST00000924754.1	11026300	11026346	3169	3215	ENSE00003604518	23	10961237	11062071					10961237	10960824	11079426	3690	3736	11026300	11026346
ENSG00000127616	ENSG00000127616.23	ENST00000924754	ENST00000924754.1	11027784	11027950	3216	3382	ENSE00003459233	24	10961237	11062071					10961237	10960824	11079426	3737	3903	11027784	11027950
ENSG00000127616	ENSG00000127616.23	ENST00000924754	ENST00000924754.1	11030730	11030893	3383	3546	ENSE00003676000	25	10961237	11062071					10961237	10960824	11079426	3904	4067	11030730	11030893
ENSG00000127616	ENSG00000127616.23	ENST00000924754	ENST00000924754.1	11033290	11033517	3547	3774	ENSE00003655405	26	10961237	11062071					10961237	10960824	11079426	4068	4295	11033290	11033517
ENSG00000127616	ENSG00000127616.23	ENST00000924754	ENST00000924754.1	11034123	11034200	3874	3951	ENSE00003703701	28	10961237	11062071					10961237	10960824	11079426	4395	4472	11034123	11034200
ENSG00000127616	ENSG00000127616.23	ENST00000924754	ENST00000924754.1	11034914	11035132	3952	4170	ENSE00003708931	29	10961237	11062071					10961237	10960824	11079426	4473	4691	11034914	11035132
ENSG00000127616	ENSG00000127616.23	ENST00000924754	ENST00000924754.1	11058255	11058363	4425	4533	ENSE00003468652	31	10961237	11062071					10961237	10960824	11079426	4946	5054	11058255	11058363
ENSG00000127616	ENSG00000127616.23	ENST00000924754	ENST00000924754.1	11058788	11058889	4534	4635	ENSE00003687872	32	10961237	11062071					10961237	10960824	11079426	5055	5156	11058788	11058889
ENSG00000127616	ENSG00000127616.23	ENST00000924754	ENST00000924754.1	11059753	11059885	4636	4768	ENSE00003582123	33	10961237	11062071					10961237	10960824	11079426	5157	5289	11059753	11059885
ENSG00000127616	ENSG00000127616.23	ENST00000924754	ENST00000924754.1	11060045	11060187	4769	4911	ENSE00003694052	34	10961237	11062071					10961237	10960824	11079426	5290	5432	11060045	11060187
ENSG00000127616	ENSG00000127616.23	ENST00000924754	ENST00000924754.1	11041307	11041560	4171	4424	ENSE00003547338	30	10961237	11062071					10961237	10960824	11079426	4692	4945	11041307	11041560
ENSG00000127616	ENSG00000127616.23	ENST00000924754	ENST00000924754.1	11033767	11033865	3775	3873	ENSE00004014467	27	10961237	11062071					10961237	10960824	11079426	4296	4394	11033767	11033865
ENSG00000127616	ENSG00000127616.23	ENST00000924754	ENST00000924754.1	10961237	10961729			ENSE00004398427	1	10961237	11062071	10961237	10961729			10961237	10960824	11079426				
ENSG00000127616	ENSG00000127616.23	ENST00000924754	ENST00000924754.1	11061784	11062071	4912	4944	ENSE00004398424	35	10961237	11062071			11061817	11062071	10961237	10960824	11079426	5433	5465	11061784	11061816
ENSG00000127616	ENSG00000127616.23	ENST00000924755	ENST00000924755.1	10985273	10985405	223	355	ENSE00003618181	3	10961589	11062073					10961589	10960824	11079426	395	527	10985273	10985405
ENSG00000127616	ENSG00000127616.23	ENST00000924755	ENST00000924755.1	10986189	10986593	356	760	ENSE00003525604	4	10961589	11062073					10961589	10960824	11079426	528	932	10986189	10986593
ENSG00000127616	ENSG00000127616.23	ENST00000924755	ENST00000924755.1	10986905	10987003	761	859	ENSE00003604554	5	10961589	11062073					10961589	10960824	11079426	933	1031	10986905	10987003
ENSG00000127616	ENSG00000127616.23	ENST00000924755	ENST00000924755.1	10987666	10987924	860	1118	ENSE00003531833	6	10961589	11062073					10961589	10960824	11079426	1032	1290	10987666	10987924
ENSG00000127616	ENSG00000127616.23	ENST00000924755	ENST00000924755.1	10989317	10989443	1119	1245	ENSE00003670957	7	10961589	11062073					10961589	10960824	11079426	1291	1417	10989317	10989443
ENSG00000127616	ENSG00000127616.23	ENST00000924755	ENST00000924755.1	10991150	10991323	1246	1419	ENSE00003607688	8	10961589	11062073					10961589	10960824	11079426	1418	1591	10991150	10991323
ENSG00000127616	ENSG00000127616.23	ENST00000924755	ENST00000924755.1	10994828	10995001	1420	1593	ENSE00003546739	9	10961589	11062073					10961589	10960824	11079426	1592	1765	10994828	10995001
ENSG00000127616	ENSG00000127616.23	ENST00000924755	ENST00000924755.1	10996213	10996380	1594	1761	ENSE00003527768	10	10961589	11062073					10961589	10960824	11079426	1766	1933	10996213	10996380
ENSG00000127616	ENSG00000127616.23	ENST00000924755	ENST00000924755.1	10996494	10996544	1762	1812	ENSE00003667937	11	10961589	11062073					10961589	10960824	11079426	1934	1984	10996494	10996544
ENSG00000127616	ENSG00000127616.23	ENST00000924755	ENST00000924755.1	11003029	11003159	1813	1943	ENSE00003667107	12	10961589	11062073					10961589	10960824	11079426	1985	2115	11003029	11003159
ENSG00000127616	ENSG00000127616.23	ENST00000924755	ENST00000924755.1	11003340	11003397	1944	2001	ENSE00003539754	13	10961589	11062073					10961589	10960824	11079426	2116	2173	11003340	11003397
ENSG00000127616	ENSG00000127616.23	ENST00000924755	ENST00000924755.1	11010381	11010531	2121	2271	ENSE00003530860	15	10961589	11062073					10961589	10960824	11079426	2293	2443	11010381	11010531
ENSG00000127616	ENSG00000127616.23	ENST00000924755	ENST00000924755.1	11012949	11013112	2272	2435	ENSE00003654082	16	10961589	11062073					10961589	10960824	11079426	2444	2607	11012949	11013112
ENSG00000127616	ENSG00000127616.23	ENST00000924755	ENST00000924755.1	11018957	11019023	2436	2502	ENSE00003474879	17	10961589	11062073					10961589	10960824	11079426	2608	2674	11018957	11019023
ENSG00000127616	ENSG00000127616.23	ENST00000924755	ENST00000924755.1	11019591	11019701	2503	2613	ENSE00003477043	18	10961589	11062073					10961589	10960824	11079426	2675	2785	11019591	11019701
ENSG00000127616	ENSG00000127616.23	ENST00000924755	ENST00000924755.1	11021725	11021967	2614	2856	ENSE00003540089	19	10961589	11062073					10961589	10960824	11079426	2786	3028	11021725	11021967
ENSG00000127616	ENSG00000127616.23	ENST00000924755	ENST00000924755.1	11023518	11023631	2857	2970	ENSE00003484961	20	10961589	11062073					10961589	10960824	11079426	3029	3142	11023518	11023631
ENSG00000127616	ENSG00000127616.23	ENST00000924755	ENST00000924755.1	11024331	11024438	2971	3078	ENSE00003553172	21	10961589	11062073					10961589	10960824	11079426	3143	3250	11024331	11024438
ENSG00000127616	ENSG00000127616.23	ENST00000924755	ENST00000924755.1	11025422	11025508	3079	3165	ENSE00003692983	22	10961589	11062073					10961589	10960824	11079426	3251	3337	11025422	11025508
ENSG00000127616	ENSG00000127616.23	ENST00000924755	ENST00000924755.1	11026300	11026346	3166	3212	ENSE00003604518	23	10961589	11062073					10961589	10960824	11079426	3338	3384	11026300	11026346
ENSG00000127616	ENSG00000127616.23	ENST00000924755	ENST00000924755.1	11027784	11027950	3213	3379	ENSE00003459233	24	10961589	11062073					10961589	10960824	11079426	3385	3551	11027784	11027950
ENSG00000127616	ENSG00000127616.23	ENST00000924755	ENST00000924755.1	11030730	11030893	3380	3543	ENSE00003676000	25	10961589	11062073					10961589	10960824	11079426	3552	3715	11030730	11030893
ENSG00000127616	ENSG00000127616.23	ENST00000924755	ENST00000924755.1	11033290	11033517	3544	3771	ENSE00003655405	26	10961589	11062073					10961589	10960824	11079426	3716	3943	11033290	11033517
ENSG00000127616	ENSG00000127616.23	ENST00000924755	ENST00000924755.1	11034123	11034200	3871	3948	ENSE00003703701	28	10961589	11062073					10961589	10960824	11079426	4043	4120	11034123	11034200
ENSG00000127616	ENSG00000127616.23	ENST00000924755	ENST00000924755.1	11034914	11035132	3949	4167	ENSE00003708931	29	10961589	11062073					10961589	10960824	11079426	4121	4339	11034914	11035132
ENSG00000127616	ENSG00000127616.23	ENST00000924755	ENST00000924755.1	11058255	11058363	4422	4530	ENSE00003468652	31	10961589	11062073					10961589	10960824	11079426	4594	4702	11058255	11058363
ENSG00000127616	ENSG00000127616.23	ENST00000924755	ENST00000924755.1	11058788	11058889	4531	4632	ENSE00003687872	32	10961589	11062073					10961589	10960824	11079426	4703	4804	11058788	11058889
ENSG00000127616	ENSG00000127616.23	ENST00000924755	ENST00000924755.1	11059753	11059885	4633	4765	ENSE00003582123	33	10961589	11062073					10961589	10960824	11079426	4805	4937	11059753	11059885
ENSG00000127616	ENSG00000127616.23	ENST00000924755	ENST00000924755.1	11060045	11060187	4766	4908	ENSE00003694052	34	10961589	11062073					10961589	10960824	11079426	4938	5080	11060045	11060187
ENSG00000127616	ENSG00000127616.23	ENST00000924755	ENST00000924755.1	11041307	11041560	4168	4421	ENSE00003547338	30	10961589	11062073					10961589	10960824	11079426	4340	4593	11041307	11041560
ENSG00000127616	ENSG00000127616.23	ENST00000924755	ENST00000924755.1	10984121	10984373	1	222	ENSE00000874191	2	10961589	11062073	10984121	10984151			10961589	10960824	11079426	173	394	10984152	10984373
ENSG00000127616	ENSG00000127616.23	ENST00000924755	ENST00000924755.1	11033767	11033865	3772	3870	ENSE00004014467	27	10961589	11062073					10961589	10960824	11079426	3944	4042	11033767	11033865
ENSG00000127616	ENSG00000127616.23	ENST00000924755	ENST00000924755.1	11007905	11008023	2002	2120	ENSE00004398385	14	10961589	11062073					10961589	10960824	11079426	2174	2292	11007905	11008023
ENSG00000127616	ENSG00000127616.23	ENST00000924755	ENST00000924755.1	10961589	10961729			ENSE00004398422	1	10961589	11062073	10961589	10961729			10961589	10960824	11079426				
ENSG00000127616	ENSG00000127616.23	ENST00000924755	ENST00000924755.1	11061784	11062073	4909	4941	ENSE00004398389	35	10961589	11062073			11061817	11062073	10961589	10960824	11079426	5081	5113	11061784	11061816
ENSG00000127616	ENSG00000127616.23	ENST00000924756	ENST00000924756.1	10984124	10984373	1	222	ENSE00002858683	2	10977653	11062273	10984124	10984151			10977653	10960824	11079426	192	413	10984152	10984373
ENSG00000127616	ENSG00000127616.23	ENST00000924756	ENST00000924756.1	10985273	10985405	223	355	ENSE00003618181	3	10977653	11062273					10977653	10960824	11079426	414	546	10985273	10985405
ENSG00000127616	ENSG00000127616.23	ENST00000924756	ENST00000924756.1	10986189	10986593	356	760	ENSE00003525604	4	10977653	11062273					10977653	10960824	11079426	547	951	10986189	10986593
ENSG00000127616	ENSG00000127616.23	ENST00000924756	ENST00000924756.1	10986905	10987003	761	859	ENSE00003604554	5	10977653	11062273					10977653	10960824	11079426	952	1050	10986905	10987003
ENSG00000127616	ENSG00000127616.23	ENST00000924756	ENST00000924756.1	10987666	10987924	860	1118	ENSE00003531833	6	10977653	11062273					10977653	10960824	11079426	1051	1309	10987666	10987924
ENSG00000127616	ENSG00000127616.23	ENST00000924756	ENST00000924756.1	10989317	10989443	1119	1245	ENSE00003670957	7	10977653	11062273					10977653	10960824	11079426	1310	1436	10989317	10989443
ENSG00000127616	ENSG00000127616.23	ENST00000924756	ENST00000924756.1	10991150	10991323	1246	1419	ENSE00003607688	8	10977653	11062273					10977653	10960824	11079426	1437	1610	10991150	10991323
ENSG00000127616	ENSG00000127616.23	ENST00000924756	ENST00000924756.1	10994828	10995001	1420	1593	ENSE00003546739	9	10977653	11062273					10977653	10960824	11079426	1611	1784	10994828	10995001
ENSG00000127616	ENSG00000127616.23	ENST00000924756	ENST00000924756.1	10996213	10996380	1594	1761	ENSE00003527768	10	10977653	11062273					10977653	10960824	11079426	1785	1952	10996213	10996380
ENSG00000127616	ENSG00000127616.23	ENST00000924756	ENST00000924756.1	10996494	10996544	1762	1812	ENSE00003667937	11	10977653	11062273					10977653	10960824	11079426	1953	2003	10996494	10996544
ENSG00000127616	ENSG00000127616.23	ENST00000924756	ENST00000924756.1	11003029	11003159	1813	1943	ENSE00003667107	12	10977653	11062273					10977653	10960824	11079426	2004	2134	11003029	11003159
ENSG00000127616	ENSG00000127616.23	ENST00000924756	ENST00000924756.1	11003340	11003397	1944	2001	ENSE00003539754	13	10977653	11062273					10977653	10960824	11079426	2135	2192	11003340	11003397
ENSG00000127616	ENSG00000127616.23	ENST00000924756	ENST00000924756.1	11007902	11008023	2002	2123	ENSE00003581372	14	10977653	11062273					10977653	10960824	11079426	2193	2314	11007902	11008023
ENSG00000127616	ENSG00000127616.23	ENST00000924756	ENST00000924756.1	11010381	11010531	2124	2274	ENSE00003530860	15	10977653	11062273					10977653	10960824	11079426	2315	2465	11010381	11010531
ENSG00000127616	ENSG00000127616.23	ENST00000924756	ENST00000924756.1	11012949	11013112	2275	2438	ENSE00003654082	16	10977653	11062273					10977653	10960824	11079426	2466	2629	11012949	11013112
ENSG00000127616	ENSG00000127616.23	ENST00000924756	ENST00000924756.1	11018957	11019023	2439	2505	ENSE00003474879	17	10977653	11062273					10977653	10960824	11079426	2630	2696	11018957	11019023
ENSG00000127616	ENSG00000127616.23	ENST00000924756	ENST00000924756.1	11019591	11019701	2506	2616	ENSE00003477043	18	10977653	11062273					10977653	10960824	11079426	2697	2807	11019591	11019701
ENSG00000127616	ENSG00000127616.23	ENST00000924756	ENST00000924756.1	11021725	11021967	2617	2859	ENSE00003540089	19	10977653	11062273					10977653	10960824	11079426	2808	3050	11021725	11021967
ENSG00000127616	ENSG00000127616.23	ENST00000924756	ENST00000924756.1	11023518	11023631	2860	2973	ENSE00003484961	20	10977653	11062273					10977653	10960824	11079426	3051	3164	11023518	11023631
ENSG00000127616	ENSG00000127616.23	ENST00000924756	ENST00000924756.1	11024331	11024438	2974	3081	ENSE00003553172	21	10977653	11062273					10977653	10960824	11079426	3165	3272	11024331	11024438
ENSG00000127616	ENSG00000127616.23	ENST00000924756	ENST00000924756.1	11025422	11025508	3082	3168	ENSE00003692983	22	10977653	11062273					10977653	10960824	11079426	3273	3359	11025422	11025508
ENSG00000127616	ENSG00000127616.23	ENST00000924756	ENST00000924756.1	11026300	11026346	3169	3215	ENSE00003604518	23	10977653	11062273					10977653	10960824	11079426	3360	3406	11026300	11026346
ENSG00000127616	ENSG00000127616.23	ENST00000924756	ENST00000924756.1	11027784	11027950	3216	3382	ENSE00003459233	24	10977653	11062273					10977653	10960824	11079426	3407	3573	11027784	11027950
ENSG00000127616	ENSG00000127616.23	ENST00000924756	ENST00000924756.1	11030730	11030893	3383	3546	ENSE00003676000	25	10977653	11062273					10977653	10960824	11079426	3574	3737	11030730	11030893
ENSG00000127616	ENSG00000127616.23	ENST00000924756	ENST00000924756.1	11033290	11033517	3547	3774	ENSE00003655405	26	10977653	11062273					10977653	10960824	11079426	3738	3965	11033290	11033517
ENSG00000127616	ENSG00000127616.23	ENST00000924756	ENST00000924756.1	11034123	11034200	3775	3852	ENSE00003703701	27	10977653	11062273					10977653	10960824	11079426	3966	4043	11034123	11034200
ENSG00000127616	ENSG00000127616.23	ENST00000924756	ENST00000924756.1	11034914	11035132	3853	4071	ENSE00003708931	28	10977653	11062273					10977653	10960824	11079426	4044	4262	11034914	11035132
ENSG00000127616	ENSG00000127616.23	ENST00000924756	ENST00000924756.1	11039458	11039553	4072	4167	ENSE00003707782	29	10977653	11062273					10977653	10960824	11079426	4263	4358	11039458	11039553
ENSG00000127616	ENSG00000127616.23	ENST00000924756	ENST00000924756.1	11058255	11058363	4422	4530	ENSE00003468652	31	10977653	11062273					10977653	10960824	11079426	4613	4721	11058255	11058363
ENSG00000127616	ENSG00000127616.23	ENST00000924756	ENST00000924756.1	11058788	11058889	4531	4632	ENSE00003687872	32	10977653	11062273					10977653	10960824	11079426	4722	4823	11058788	11058889
ENSG00000127616	ENSG00000127616.23	ENST00000924756	ENST00000924756.1	11059753	11059885	4633	4765	ENSE00003582123	33	10977653	11062273					10977653	10960824	11079426	4824	4956	11059753	11059885
ENSG00000127616	ENSG00000127616.23	ENST00000924756	ENST00000924756.1	11060045	11060187	4766	4908	ENSE00003694052	34	10977653	11062273					10977653	10960824	11079426	4957	5099	11060045	11060187
ENSG00000127616	ENSG00000127616.23	ENST00000924756	ENST00000924756.1	11041307	11041560	4168	4421	ENSE00003547338	30	10977653	11062273					10977653	10960824	11079426	4359	4612	11041307	11041560
ENSG00000127616	ENSG00000127616.23	ENST00000924756	ENST00000924756.1	11061784	11062273	4909	4941	ENSE00004014465	35	10977653	11062273			11061817	11062273	10977653	10960824	11079426	5100	5132	11061784	11061816
ENSG00000127616	ENSG00000127616.23	ENST00000924756	ENST00000924756.1	10977653	10977815			ENSE00002772903	1	10977653	11062273	10977653	10977815			10977653	10960824	11079426				
ENSG00000127616	ENSG00000127616.23	ENST00000970840	ENST00000970840.1	10985273	10985405	223	355	ENSE00003618181	3	10961030	11062263					10961030	10960824	11079426	399	531	10985273	10985405
ENSG00000127616	ENSG00000127616.23	ENST00000970840	ENST00000970840.1	10986189	10986593	356	760	ENSE00003525604	4	10961030	11062263					10961030	10960824	11079426	532	936	10986189	10986593
ENSG00000127616	ENSG00000127616.23	ENST00000970840	ENST00000970840.1	10986905	10987003	761	859	ENSE00003604554	5	10961030	11062263					10961030	10960824	11079426	937	1035	10986905	10987003
ENSG00000127616	ENSG00000127616.23	ENST00000970840	ENST00000970840.1	10987666	10987924	860	1118	ENSE00003531833	6	10961030	11062263					10961030	10960824	11079426	1036	1294	10987666	10987924
ENSG00000127616	ENSG00000127616.23	ENST00000970840	ENST00000970840.1	10989317	10989443	1119	1245	ENSE00003670957	7	10961030	11062263					10961030	10960824	11079426	1295	1421	10989317	10989443
ENSG00000127616	ENSG00000127616.23	ENST00000970840	ENST00000970840.1	10991150	10991323	1246	1419	ENSE00003607688	8	10961030	11062263					10961030	10960824	11079426	1422	1595	10991150	10991323
ENSG00000127616	ENSG00000127616.23	ENST00000970840	ENST00000970840.1	10994828	10995001	1420	1593	ENSE00003546739	9	10961030	11062263					10961030	10960824	11079426	1596	1769	10994828	10995001
ENSG00000127616	ENSG00000127616.23	ENST00000970840	ENST00000970840.1	10996213	10996380	1594	1761	ENSE00003527768	10	10961030	11062263					10961030	10960824	11079426	1770	1937	10996213	10996380
ENSG00000127616	ENSG00000127616.23	ENST00000970840	ENST00000970840.1	10996494	10996544	1762	1812	ENSE00003667937	11	10961030	11062263					10961030	10960824	11079426	1938	1988	10996494	10996544
ENSG00000127616	ENSG00000127616.23	ENST00000970840	ENST00000970840.1	11003029	11003159	1813	1943	ENSE00003667107	12	10961030	11062263					10961030	10960824	11079426	1989	2119	11003029	11003159
ENSG00000127616	ENSG00000127616.23	ENST00000970840	ENST00000970840.1	11003340	11003397	1944	2001	ENSE00003539754	13	10961030	11062263					10961030	10960824	11079426	2120	2177	11003340	11003397
ENSG00000127616	ENSG00000127616.23	ENST00000970840	ENST00000970840.1	11010381	11010531	2121	2271	ENSE00003530860	15	10961030	11062263					10961030	10960824	11079426	2297	2447	11010381	11010531
ENSG00000127616	ENSG00000127616.23	ENST00000970840	ENST00000970840.1	11012949	11013112	2272	2435	ENSE00003654082	16	10961030	11062263					10961030	10960824	11079426	2448	2611	11012949	11013112
ENSG00000127616	ENSG00000127616.23	ENST00000970840	ENST00000970840.1	11018957	11019023	2436	2502	ENSE00003474879	17	10961030	11062263					10961030	10960824	11079426	2612	2678	11018957	11019023
ENSG00000127616	ENSG00000127616.23	ENST00000970840	ENST00000970840.1	11019591	11019701	2503	2613	ENSE00003477043	18	10961030	11062263					10961030	10960824	11079426	2679	2789	11019591	11019701
ENSG00000127616	ENSG00000127616.23	ENST00000970840	ENST00000970840.1	11021725	11021967	2614	2856	ENSE00003540089	19	10961030	11062263					10961030	10960824	11079426	2790	3032	11021725	11021967
ENSG00000127616	ENSG00000127616.23	ENST00000970840	ENST00000970840.1	11023518	11023631	2857	2970	ENSE00003484961	20	10961030	11062263					10961030	10960824	11079426	3033	3146	11023518	11023631
ENSG00000127616	ENSG00000127616.23	ENST00000970840	ENST00000970840.1	11024331	11024438	2971	3078	ENSE00003553172	21	10961030	11062263					10961030	10960824	11079426	3147	3254	11024331	11024438
ENSG00000127616	ENSG00000127616.23	ENST00000970840	ENST00000970840.1	11025422	11025508	3079	3165	ENSE00003692983	22	10961030	11062263					10961030	10960824	11079426	3255	3341	11025422	11025508
ENSG00000127616	ENSG00000127616.23	ENST00000970840	ENST00000970840.1	11026300	11026346	3166	3212	ENSE00003604518	23	10961030	11062263					10961030	10960824	11079426	3342	3388	11026300	11026346
ENSG00000127616	ENSG00000127616.23	ENST00000970840	ENST00000970840.1	11027784	11027950	3213	3379	ENSE00003459233	24	10961030	11062263					10961030	10960824	11079426	3389	3555	11027784	11027950
ENSG00000127616	ENSG00000127616.23	ENST00000970840	ENST00000970840.1	11030730	11030893	3380	3543	ENSE00003676000	25	10961030	11062263					10961030	10960824	11079426	3556	3719	11030730	11030893
ENSG00000127616	ENSG00000127616.23	ENST00000970840	ENST00000970840.1	11033290	11033517	3544	3771	ENSE00003655405	26	10961030	11062263					10961030	10960824	11079426	3720	3947	11033290	11033517
ENSG00000127616	ENSG00000127616.23	ENST00000970840	ENST00000970840.1	11034123	11034200	3871	3948	ENSE00003703701	28	10961030	11062263					10961030	10960824	11079426	4047	4124	11034123	11034200
ENSG00000127616	ENSG00000127616.23	ENST00000970840	ENST00000970840.1	11034914	11035132	3949	4167	ENSE00003708931	29	10961030	11062263					10961030	10960824	11079426	4125	4343	11034914	11035132
ENSG00000127616	ENSG00000127616.23	ENST00000970840	ENST00000970840.1	11058788	11058889	4528	4629	ENSE00003687872	32	10961030	11062263					10961030	10960824	11079426	4704	4805	11058788	11058889
ENSG00000127616	ENSG00000127616.23	ENST00000970840	ENST00000970840.1	11059753	11059885	4630	4762	ENSE00003582123	33	10961030	11062263					10961030	10960824	11079426	4806	4938	11059753	11059885
ENSG00000127616	ENSG00000127616.23	ENST00000970840	ENST00000970840.1	11060045	11060187	4763	4905	ENSE00003694052	34	10961030	11062263					10961030	10960824	11079426	4939	5081	11060045	11060187
ENSG00000127616	ENSG00000127616.23	ENST00000970840	ENST00000970840.1	11041307	11041560	4168	4421	ENSE00003547338	30	10961030	11062263					10961030	10960824	11079426	4344	4597	11041307	11041560
ENSG00000127616	ENSG00000127616.23	ENST00000970840	ENST00000970840.1	10984121	10984373	1	222	ENSE00000874191	2	10961030	11062263	10984121	10984151			10961030	10960824	11079426	177	398	10984152	10984373
ENSG00000127616	ENSG00000127616.23	ENST00000970840	ENST00000970840.1	11061784	11062263	4906	4938	ENSE00003821269	35	10961030	11062263			11061817	11062263	10961030	10960824	11079426	5082	5114	11061784	11061816
ENSG00000127616	ENSG00000127616.23	ENST00000970840	ENST00000970840.1	11033767	11033865	3772	3870	ENSE00004014467	27	10961030	11062263					10961030	10960824	11079426	3948	4046	11033767	11033865
ENSG00000127616	ENSG00000127616.23	ENST00000970840	ENST00000970840.1	10961030	10961174			ENSE00003824516	1	10961030	11062263	10961030	10961174			10961030	10960824	11079426				
ENSG00000127616	ENSG00000127616.23	ENST00000970840	ENST00000970840.1	11058258	11058363	4422	4527	ENSE00001653058	31	10961030	11062263					10961030	10960824	11079426	4598	4703	11058258	11058363
ENSG00000127616	ENSG00000127616.23	ENST00000970840	ENST00000970840.1	11007905	11008023	2002	2120	ENSE00004398385	14	10961030	11062263					10961030	10960824	11079426	2178	2296	11007905	11008023
ENSG00000127616	ENSG00000127616.23	ENST00000970841	ENST00000970841.1	10985273	10985405	223	355	ENSE00003618181	2	10983157	11062072					10983157	10960824	11079426	1218	1350	10985273	10985405
ENSG00000127616	ENSG00000127616.23	ENST00000970841	ENST00000970841.1	10986189	10986593	356	760	ENSE00003525604	3	10983157	11062072					10983157	10960824	11079426	1351	1755	10986189	10986593
ENSG00000127616	ENSG00000127616.23	ENST00000970841	ENST00000970841.1	10986905	10987003	761	859	ENSE00003604554	4	10983157	11062072					10983157	10960824	11079426	1756	1854	10986905	10987003
ENSG00000127616	ENSG00000127616.23	ENST00000970841	ENST00000970841.1	10987666	10987924	860	1118	ENSE00003531833	5	10983157	11062072					10983157	10960824	11079426	1855	2113	10987666	10987924
ENSG00000127616	ENSG00000127616.23	ENST00000970841	ENST00000970841.1	10989317	10989443	1119	1245	ENSE00003670957	6	10983157	11062072					10983157	10960824	11079426	2114	2240	10989317	10989443
ENSG00000127616	ENSG00000127616.23	ENST00000970841	ENST00000970841.1	10991150	10991323	1246	1419	ENSE00003607688	7	10983157	11062072					10983157	10960824	11079426	2241	2414	10991150	10991323
ENSG00000127616	ENSG00000127616.23	ENST00000970841	ENST00000970841.1	10994828	10995001	1420	1593	ENSE00003546739	8	10983157	11062072					10983157	10960824	11079426	2415	2588	10994828	10995001
ENSG00000127616	ENSG00000127616.23	ENST00000970841	ENST00000970841.1	10996213	10996380	1594	1761	ENSE00003527768	9	10983157	11062072					10983157	10960824	11079426	2589	2756	10996213	10996380
ENSG00000127616	ENSG00000127616.23	ENST00000970841	ENST00000970841.1	10996494	10996544	1762	1812	ENSE00003667937	10	10983157	11062072					10983157	10960824	11079426	2757	2807	10996494	10996544
ENSG00000127616	ENSG00000127616.23	ENST00000970841	ENST00000970841.1	11003029	11003159	1813	1943	ENSE00003667107	11	10983157	11062072					10983157	10960824	11079426	2808	2938	11003029	11003159
ENSG00000127616	ENSG00000127616.23	ENST00000970841	ENST00000970841.1	11003340	11003397	1944	2001	ENSE00003539754	12	10983157	11062072					10983157	10960824	11079426	2939	2996	11003340	11003397
ENSG00000127616	ENSG00000127616.23	ENST00000970841	ENST00000970841.1	11007902	11008023	2002	2123	ENSE00003581372	13	10983157	11062072					10983157	10960824	11079426	2997	3118	11007902	11008023
ENSG00000127616	ENSG00000127616.23	ENST00000970841	ENST00000970841.1	11010381	11010531	2124	2274	ENSE00003530860	14	10983157	11062072					10983157	10960824	11079426	3119	3269	11010381	11010531
ENSG00000127616	ENSG00000127616.23	ENST00000970841	ENST00000970841.1	11012949	11013112	2275	2438	ENSE00003654082	15	10983157	11062072					10983157	10960824	11079426	3270	3433	11012949	11013112
ENSG00000127616	ENSG00000127616.23	ENST00000970841	ENST00000970841.1	11018957	11019023	2439	2505	ENSE00003474879	16	10983157	11062072					10983157	10960824	11079426	3434	3500	11018957	11019023
ENSG00000127616	ENSG00000127616.23	ENST00000970841	ENST00000970841.1	11021725	11021967	2581	2823	ENSE00003540089	18	10983157	11062072					10983157	10960824	11079426	3576	3818	11021725	11021967
ENSG00000127616	ENSG00000127616.23	ENST00000970841	ENST00000970841.1	11023518	11023631	2824	2937	ENSE00003484961	19	10983157	11062072					10983157	10960824	11079426	3819	3932	11023518	11023631
ENSG00000127616	ENSG00000127616.23	ENST00000970841	ENST00000970841.1	11024331	11024438	2938	3045	ENSE00003553172	20	10983157	11062072					10983157	10960824	11079426	3933	4040	11024331	11024438
ENSG00000127616	ENSG00000127616.23	ENST00000970841	ENST00000970841.1	11025422	11025508	3046	3132	ENSE00003692983	21	10983157	11062072					10983157	10960824	11079426	4041	4127	11025422	11025508
ENSG00000127616	ENSG00000127616.23	ENST00000970841	ENST00000970841.1	11026300	11026346	3133	3179	ENSE00003604518	22	10983157	11062072					10983157	10960824	11079426	4128	4174	11026300	11026346
ENSG00000127616	ENSG00000127616.23	ENST00000970841	ENST00000970841.1	11027784	11027950	3180	3346	ENSE00003459233	23	10983157	11062072					10983157	10960824	11079426	4175	4341	11027784	11027950
ENSG00000127616	ENSG00000127616.23	ENST00000970841	ENST00000970841.1	11030730	11030893	3347	3510	ENSE00003676000	24	10983157	11062072					10983157	10960824	11079426	4342	4505	11030730	11030893
ENSG00000127616	ENSG00000127616.23	ENST00000970841	ENST00000970841.1	11033290	11033517	3511	3738	ENSE00003655405	25	10983157	11062072					10983157	10960824	11079426	4506	4733	11033290	11033517
ENSG00000127616	ENSG00000127616.23	ENST00000970841	ENST00000970841.1	11034123	11034200	3838	3915	ENSE00003703701	27	10983157	11062072					10983157	10960824	11079426	4833	4910	11034123	11034200
ENSG00000127616	ENSG00000127616.23	ENST00000970841	ENST00000970841.1	11034914	11035132	3916	4134	ENSE00003708931	28	10983157	11062072					10983157	10960824	11079426	4911	5129	11034914	11035132
ENSG00000127616	ENSG00000127616.23	ENST00000970841	ENST00000970841.1	11058788	11058889	4495	4596	ENSE00003687872	31	10983157	11062072					10983157	10960824	11079426	5490	5591	11058788	11058889
ENSG00000127616	ENSG00000127616.23	ENST00000970841	ENST00000970841.1	11059753	11059885	4597	4729	ENSE00003582123	32	10983157	11062072					10983157	10960824	11079426	5592	5724	11059753	11059885
ENSG00000127616	ENSG00000127616.23	ENST00000970841	ENST00000970841.1	11060045	11060187	4730	4872	ENSE00003694052	33	10983157	11062072					10983157	10960824	11079426	5725	5867	11060045	11060187
ENSG00000127616	ENSG00000127616.23	ENST00000970841	ENST00000970841.1	11041307	11041560	4135	4388	ENSE00003547338	29	10983157	11062072					10983157	10960824	11079426	5130	5383	11041307	11041560
ENSG00000127616	ENSG00000127616.23	ENST00000970841	ENST00000970841.1	11033767	11033865	3739	3837	ENSE00004014467	26	10983157	11062072					10983157	10960824	11079426	4734	4832	11033767	11033865
ENSG00000127616	ENSG00000127616.23	ENST00000970841	ENST00000970841.1	11058258	11058363	4389	4494	ENSE00001653058	30	10983157	11062072					10983157	10960824	11079426	5384	5489	11058258	11058363
ENSG00000127616	ENSG00000127616.23	ENST00000970841	ENST00000970841.1	11061784	11062072	4873	4905	ENSE00004398433	34	10983157	11062072			11061817	11062072	10983157	10960824	11079426	5868	5900	11061784	11061816
ENSG00000127616	ENSG00000127616.23	ENST00000970841	ENST00000970841.1	10983157	10984373	1	222	ENSE00004468828	1	10983157	11062072	10983157	10984151			10983157	10960824	11079426	996	1217	10984152	10984373
ENSG00000127616	ENSG00000127616.23	ENST00000970841	ENST00000970841.1	11019627	11019701	2506	2580	ENSE00004468827	17	10983157	11062072					10983157	10960824	11079426	3501	3575	11019627	11019701
